
//{{BLOCK(flags_sheet4)

//======================================================================
//
//	flags_sheet4, 256x256@8, 
//	Transparent color : FF,00,FF
//	+ 1024 tiles not compressed
//	Total size: 65536 = 65536
//
//	Time-stamp: 2026-09-07, 18:30:44
//	Exported by Cearn's GBA Image Transmogrifier, v1.17.1-dirty
//	( http://www.coranac.com/projects/#grit )
//
//======================================================================

const unsigned int flags_sheet4Tiles[16384] __attribute__((aligned(4))) __attribute__((visibility("hidden")))=
{
	0x00000000,0x00000000,0x00000000,0x00000000,0x00000000,0x00000000,0x00000000,0x00000000,
	0x00000000,0x00000000,0x00000000,0x00000000,0x00000000,0x00000000,0x00000000,0x00000000,
	0x11111111,0x11111111,0x11111111,0x11111111,0x11111111,0x11111111,0x11111111,0x11111111,
	0x11111111,0x11111111,0x11111111,0x11111111,0x11111111,0x11111111,0x11111111,0x11111111,
	0x11111111,0x11111111,0x11111111,0x11111111,0x11111111,0x11111111,0x11111111,0x11111111,
	0x11111111,0x11111111,0x11111111,0x11111111,0x11111111,0x11111111,0x11111111,0x11111111,
	0x11111111,0x11111111,0x11111111,0x11111111,0x11111111,0x11111111,0x11111111,0x11111111,
	0x11111111,0x11111111,0x11111111,0x11111111,0x11111111,0x11111111,0x11111111,0x11111111,

	0x0C0C0C0C,0x0C0C0C0C,0x0C0C0C0C,0x0C0C0C0C,0x0C0C0C0C,0x0C0C0C0C,0x0C0C0C0C,0x0C0C0C0C,
	0x0C0C0C0C,0x0C0C0C0C,0x0C0C0C0C,0x0C0C0C0C,0x0C0C0C0C,0x0C0C0C0C,0x0C0C0C0C,0x0C0C0C0C,
	0x0C0C0C0C,0x0C0C0C0C,0x0C0C0C0C,0x0C0C0C0C,0x0C0C0C0C,0x0C0C0C0C,0x0C0C0C0C,0x0C0C0C0C,
	0x0C0C0C0C,0x0C0C0C0C,0x0C0C0C0C,0x0C0C0C0C,0x0C0C0C0C,0x0C0C0C0C,0x0C0C0C0C,0x0C0C0C0C,
	0x0C0C0C0C,0x0C0C0C0C,0x0C0C0C0C,0x0C0C0C0C,0x0C0C0C0C,0x0C0C0C0C,0x0C0C0C0C,0x0C0C0C0C,
	0x0C0C0C0C,0x0C0C0C0C,0x0C0C0C0C,0x0C0C0C0C,0x0C0C0C0C,0x0C0C0C0C,0x0C0C0C0C,0x0C0C0C0C,
	0x00000000,0x00000000,0x00000000,0x00000000,0x00000000,0x00000000,0x00000000,0x00000000,
	0x00000000,0x00000000,0x00000000,0x00000000,0x00000000,0x00000000,0x00000000,0x00000000,

	0x00000000,0x00000000,0x00000000,0x00000000,0x00000000,0x00000000,0x00000000,0x00000000,
	0x00000000,0x00000000,0x00000000,0x00000000,0x00000000,0x00000000,0x00000000,0x00000000,
	0x0C0C0C0C,0x0C0C0C0C,0x0C0C0C0C,0x0C0C0C0C,0x0C0C0C0C,0x0C0C0C0C,0x0C0C0C0C,0x0C0C0C0C,
	0x0C0C0C0C,0x0C0C0C0C,0x0C0C0C0C,0x0C0C0C0C,0x0C0C0C0C,0x0C0C0C0C,0x0C0C0C0C,0x0C0C0C0C,
	0x0C0C0C0C,0x0C0C0C0C,0x0C0C0C0C,0x0C0C0C0C,0x0C0C0C0C,0x0C0C0C0C,0x0C0C0C0C,0x0C0C0C0C,
	0x0C0C0C0C,0x0C0C0C0C,0x0C0C0C0C,0x0C0C0C0C,0x0C0C0C0C,0x0C0C0C0C,0x0C0C0C0C,0x0C0C0C0C,
	0x0C0C0C0C,0x0C0C0C0C,0x0C0C0C0C,0x0C0C0C0C,0x0C0C0C0C,0x0C0C0C0C,0x0C0C0C0C,0x0C0C0C0C,
	0x0C0C0C0C,0x0C0C0C0C,0x0C0C0C0C,0x0C0C0C0C,0x0C0C0C0C,0x0C0C0C0C,0x0C0C0C0C,0x0C0C0C0C,

	0x0C0C0C0C,0x0C0C0C0C,0x0C0C0C0C,0x0C0C0C0C,0x0C0C0C0C,0x0C0C0C0C,0x0C0C0C0C,0x0C0C0C0C,
	0x0C0C0C0C,0x0C0C0C0C,0x0C0C0C0C,0x0C0C0C0C,0x0C0C0C0C,0x0C0C0C0C,0x0C0C0C0C,0x0C0C0C0C,
	0x0C0C0C0C,0x0C0C0C0C,0x0C0C0C0C,0x0C0C0C0C,0x0C0C0C0C,0x0C0C0C0C,0x0C0C0C0C,0x0C0C0C0C,
	0x0C0C0C0C,0x0C0C0C0C,0x0C0C0C0C,0x0C0C0C0C,0x0C0C0C0C,0x0C0C0C0C,0x0C0C0C0C,0x0C0C0C0C,
	0x0C0C0C0C,0x0C0C0C0C,0x0C0C0C0C,0x0C0C0C0C,0x0C0C0C0C,0x0C0C0C0C,0x0C0C0C0C,0x0C0C0C0C,
	0x0C0C0C0C,0x0C0C0C0C,0x0C0C0C0C,0x0C0C0C0C,0x0C0C0C0C,0x0C0C0C0C,0x0C0C0C0C,0x0C0C0C0C,
	0x00000000,0x00000000,0x00000000,0x00000000,0x00000000,0x00000000,0x00000000,0x00000000,
	0x00000000,0x00000000,0x00000000,0x00000000,0x00000000,0x00000000,0x00000000,0x00000000,

	0x00000000,0x00000000,0x00000000,0x00000000,0x00000000,0x00000000,0x00000000,0x00000000,
	0x00000000,0x00000000,0x00000000,0x00000000,0x00000000,0x00000000,0x00000000,0x00000000,
	0x00000000,0x00000000,0x00000000,0x00000000,0x00000000,0x00000000,0x00000000,0x00000000,
	0x00000000,0x00000000,0x00000000,0x00000000,0x00000000,0x00000000,0x00000000,0x00000000,
	0x00000000,0x00000000,0x00000000,0x00000000,0x00000000,0x00000000,0x00000000,0x00000000,
	0x00000000,0x00000000,0x00000000,0x00000000,0x00000000,0x00000000,0x00000000,0x00000000,
	0x00000000,0x00000000,0x00000000,0x00000000,0x00000000,0x00000000,0x00000000,0x00000000,
	0x00000000,0x00000000,0x00000000,0x00000000,0x00000000,0x00000000,0x00000000,0x00000000,

	0x00000000,0x00000000,0x00000000,0x00000000,0x00000000,0x00000000,0x00000000,0x00000000,
	0x00000000,0x00000000,0x00000000,0x00000000,0x00000000,0x00000000,0x00000000,0x00000000,
	0x00000000,0x00000000,0x00000000,0x00000000,0x00000000,0x00000000,0x00000000,0x00000000,
	0x00000000,0x00000000,0x00000000,0x00000000,0x00000000,0x00000000,0x00000000,0x00000000,
	0x00000000,0x00000000,0x00000000,0x00000000,0x00000000,0x00000000,0x00000000,0x00000000,
	0x00000000,0x00000000,0x00000000,0x00000000,0x00000000,0x00000000,0x00000000,0x00000000,
	0x00000000,0x00000000,0x00000000,0x00000000,0x00000000,0x00000000,0x00000000,0x00000000,
	0x00000000,0x00000000,0x00000000,0x00000000,0x00000000,0x00000000,0x00000000,0x00000000,

	0x00000000,0x00000000,0x00000000,0x00000000,0x00000000,0x00000000,0x00000000,0x00000000,
	0x00000000,0x00000000,0x00000000,0x00000000,0x00000000,0x00000000,0x00000000,0x00000000,
	0x0C0C0C0C,0x0C0C0C0C,0x0C0C0C0C,0x0C0C0C0C,0x0C0C0C0C,0x0C0C0C0C,0x0C0C0C0C,0x0C0C0C0C,
	0x0C0C0C0C,0x0C0C0C0C,0x0C0C0C0C,0x0C0C0C0C,0x0C0C0C0C,0x0C0C0C0C,0x0C0C0C0C,0x230C0C0C,
	0x0C0C0C0C,0x0C0C0C0C,0x0C0C0C0C,0x0C0C0C0C,0x0C0C0C0C,0x0C0C0C0C,0x0C0C0C0C,0x0C0C0C0C,
	0x0C0C0C0C,0x0C0C0C0C,0x0C0C0C0C,0x0C0C0C0C,0x140C0C0C,0x0C0C0C0C,0x2323230C,0x230C2323,
	0x0C0C0C0C,0x0C0C0C0C,0x0C0C0C0C,0x0C0C0C0C,0x0C0C0C0C,0x0C0C0C0C,0x0C0C0C0C,0x0C0C0C0C,
	0x0C0C0C0C,0x0C0C0C0C,0x0C0C0C0C,0x0C0C0C0C,0x0C0C0C0C,0x0C0C0C0C,0x0C0C0C0C,0x0C0C0C0C,

	0x0C0C0C0C,0x0C0C0C0C,0x0C0C0C0C,0x0C0C0C0C,0x0C0C0C0C,0x0C0C0C0C,0x0C0C0C0C,0x0C0C0C0C,
	0x0C0C0C0C,0x0C0C0C0C,0x0C0C0C0C,0x0C0C0C0C,0x0C0C0C0C,0x0C0C0C0C,0x0C0C0C0C,0x0C0C0C0C,
	0x0C0C0C0C,0x0C0C0C0C,0x0C0C0C0C,0x0C0C0C0C,0x0C0C0C0C,0x0C0C0C0C,0x0C0C0C0C,0x0C0C0C0C,
	0x0C0C0C0C,0x0C0C0C0C,0x0C0C0C0C,0x0C0C0C0C,0x0C0C0C0C,0x0C0C230C,0x230C0C0C,0x23232323,
	0x0C0C0C0C,0x0C0C0C0C,0x0C0C0C0C,0x0C0C0C0C,0x0C0C0C0C,0x0C0C0C0C,0x0C0C0C0C,0x0C0C0C0C,
	0x0C0C0C0C,0x0C0C0C0C,0x0C0C0C0C,0x0C0C0C0C,0x0C0C0C0C,0x0C0C0C0C,0x0C0C0C0C,0x0C0C0C0C,
	0x00000000,0x00000000,0x00000000,0x00000000,0x00000000,0x00000000,0x00000000,0x00000000,
	0x00000000,0x00000000,0x00000000,0x00000000,0x00000000,0x00000000,0x00000000,0x00000000,

	0x00000000,0x00000000,0x00000000,0x00000000,0x00000000,0x00000000,0x00000000,0x00000000,
	0x00000000,0x00000000,0x00000000,0x00000000,0x00000000,0x00000000,0x00000000,0x00000000,
	0x11111111,0x11111111,0x11111111,0x11111111,0x11111111,0x11111111,0x11111111,0x11111111,
	0x11111111,0x11111111,0x11111111,0x11111111,0x11111111,0x11111111,0x11111111,0x11111111,
	0x11111111,0x11111111,0x11111111,0x11111111,0x11111111,0x11111111,0x11111111,0x11111111,
	0x11111111,0x11111111,0x11111111,0x11111111,0x11111111,0x11111111,0x11111111,0x11111111,
	0x11111111,0x11111111,0x11111111,0x30111111,0x11111111,0x30301111,0x11111111,0x30303011,
	0x11111111,0x30111111,0x30111111,0x30111111,0x30301111,0x30111111,0x30303011,0x30303030,

	0x0C0C0C0C,0x0C0C0C0C,0x0C0C0C30,0x0C0C0C0C,0x0C0C3030,0x0C0C0C0C,0x0C303030,0x0C0C0C0C,
	0x0C0C0C30,0x0C0C0C0C,0x0C0C0C30,0x0C0C0C30,0x0C0C0C30,0x0C0C3030,0x30303030,0x0C303030,
	0x0C0C0C0C,0x0C0C0C0C,0x0C0C0C0C,0x0C0C0C0C,0x0C0C0C0C,0x0C0C0C0C,0x0C0C0C0C,0x0C0C0C0C,
	0x0C0C0C0C,0x0C0C0C0C,0x0C0C0C0C,0x0C0C0C0C,0x0C0C0C0C,0x0C0C0C0C,0x0C0C0C0C,0x0C0C0C0C,
	0x0C0C0C0C,0x0C0C0C0C,0x0C0C0C0C,0x0C0C0C0C,0x0C0C0C0C,0x0C0C0C0C,0x0C0C0C0C,0x0C0C0C0C,
	0x0C0C0C0C,0x0C0C0C0C,0x0C0C0C0C,0x0C0C0C0C,0x0C0C0C0C,0x0C0C0C0C,0x0C0C0C0C,0x0C0C0C0C,
	0x00000000,0x00000000,0x00000000,0x00000000,0x00000000,0x00000000,0x00000000,0x00000000,
	0x00000000,0x00000000,0x00000000,0x00000000,0x00000000,0x00000000,0x00000000,0x00000000,

	0x00000000,0x00000000,0x00000000,0x00000000,0x00000000,0x00000000,0x00000000,0x00000000,
	0x00000000,0x00000000,0x00000000,0x00000000,0x00000000,0x00000000,0x00000000,0x00000000,
	0x0C0C0C0C,0x0C0C0C0C,0x0C0C0C0C,0x0C0C0C0C,0x0C0C0C0C,0x0C0C0C0C,0x30303030,0x30303030,
	0x30303030,0x30303030,0x30303030,0x30303030,0x30303030,0x30303030,0x30303030,0x30303030,
	0x0C0C0C0C,0x0C0C0C0C,0x0C0C0C0C,0x0C0C0C0C,0x0C0C0C0C,0x0C0C0C0C,0x30303030,0x30303030,
	0x30303030,0x30303030,0x30303030,0x30303030,0x30303030,0x30303030,0x30303030,0x30303030,
	0x0C0C0C0C,0x0C0C0C0C,0x0C0C0C0C,0x0C0C0C0C,0x0C0C0C0C,0x0C0C0C0C,0x30303030,0x30303030,
	0x30303030,0x30303030,0x30303030,0x30303030,0x30303030,0x30303030,0x30303030,0x30303030,

	0x0C0C0C0C,0x0C0C0C0C,0x0C0C0C0C,0x0C0C0C0C,0x0C0C0C0C,0x0C0C0C0C,0x30303030,0x30303030,
	0x30303030,0x30303030,0x30303030,0x30303030,0x30303030,0x30303030,0x30303030,0x30303030,
	0x0C0C0C0C,0x0C0C0C0C,0x0C0C0C0C,0x0C0C0C0C,0x0C0C0C0C,0x0C0C0C0C,0x30303030,0x30303030,
	0x30303030,0x30303030,0x30303030,0x30303030,0x30303030,0x30303030,0x30303030,0x30303030,
	0x0C0C0C0C,0x0C0C0C0C,0x0C0C0C0C,0x0C0C0C0C,0x0C0C0C0C,0x0C0C0C0C,0x30303030,0x30303030,
	0x30303030,0x30303030,0x30303030,0x30303030,0x30303030,0x30303030,0x30303030,0x30303030,
	0x00000000,0x00000000,0x00000000,0x00000000,0x00000000,0x00000000,0x00000000,0x00000000,
	0x00000000,0x00000000,0x00000000,0x00000000,0x00000000,0x00000000,0x00000000,0x00000000,

	0x00000000,0x00000000,0x00000000,0x00000000,0x00000000,0x00000000,0x00000000,0x00000000,
	0x00000000,0x00000000,0x00000000,0x00000000,0x00000000,0x00000000,0x00000000,0x00000000,
	0x00000000,0x00000000,0x00000000,0x00000000,0x00000000,0x00000000,0x00000000,0x00000000,
	0x00000000,0x00000000,0x00000000,0x00000000,0x00000000,0x00000000,0x00000000,0x00000000,
	0x00000000,0x00000000,0x00000000,0x00000000,0x00000000,0x00000000,0x00000000,0x00000000,
	0x00000000,0x00000000,0x00000000,0x00000000,0x00000000,0x00000000,0x00000000,0x00000000,
	0x00000000,0x00000000,0x00000000,0x00000000,0x00000000,0x00000000,0x00000000,0x00000000,
	0x00000000,0x00000000,0x00000000,0x00000000,0x00000000,0x00000000,0x00000000,0x00000000,

	0x00000000,0x00000000,0x00000000,0x00000000,0x00000000,0x00000000,0x00000000,0x00000000,
	0x00000000,0x00000000,0x00000000,0x00000000,0x00000000,0x00000000,0x00000000,0x00000000,
	0x00000000,0x00000000,0x00000000,0x00000000,0x00000000,0x00000000,0x00000000,0x00000000,
	0x00000000,0x00000000,0x00000000,0x00000000,0x00000000,0x00000000,0x00000000,0x00000000,
	0x00000000,0x00000000,0x00000000,0x00000000,0x00000000,0x00000000,0x00000000,0x00000000,
	0x00000000,0x00000000,0x00000000,0x00000000,0x00000000,0x00000000,0x00000000,0x00000000,
	0x00000000,0x00000000,0x00000000,0x00000000,0x00000000,0x00000000,0x00000000,0x00000000,
	0x00000000,0x00000000,0x00000000,0x00000000,0x00000000,0x00000000,0x00000000,0x00000000,

	0x00000000,0x00000000,0x00000000,0x00000000,0x00000000,0x00000000,0x00000000,0x00000000,
	0x00000000,0x00000000,0x00000000,0x00000000,0x00000000,0x00000000,0x00000000,0x00000000,
	0x0C0C0C0C,0x0C230C0C,0x0C0C0C0C,0x230C0C0C,0x0C0C0C0C,0x0C0C0C0C,0x30303030,0x23303030,
	0x30303030,0x23303030,0x30303030,0x23303030,0x30303030,0x23303030,0x30303030,0x23303030,
	0x230C0C23,0x0C230C0C,0x230C230C,0x230C230C,0x23232323,0x0C232323,0x23232323,0x23232323,
	0x0C0C0C0C,0x230C0C0C,0x0C0C0C0C,0x230C0C0C,0x30303030,0x23303030,0x30303030,0x23303030,
	0x0C0C0C23,0x0C0C0C0C,0x0C0C0C0C,0x0C0C0C0C,0x0C0C0C0C,0x0C0C0C0C,0x30303030,0x30303030,
	0x30303030,0x30303030,0x30303030,0x30303030,0x30303030,0x30303030,0x30303030,0x30303030,

	0x0C0C0C0C,0x0C0C0C0C,0x0C0C0C0C,0x0C0C0C0C,0x0C0C0C0C,0x0C0C0C0C,0x30303030,0x30303030,
	0x30303030,0x30303030,0x30303030,0x30303030,0x30303030,0x30303030,0x30303030,0x30303030,
	0x23190C0C,0x23192319,0x23230C0C,0x23232323,0x0C23230C,0x0C231423,0x23232330,0x23232323,
	0x0C0C2330,0x0C0C0C0C,0x30302330,0x300C0C30,0x0C0C2330,0x30300C0C,0x30302330,0x300C0C30,
	0x0C0C0C19,0x0C0C0C0C,0x0C0C0C23,0x0C0C0C0C,0x0C0C2323,0x0C0C0C0C,0x30302323,0x30303030,
	0x3030230C,0x30303030,0x3030230C,0x30303030,0x30302330,0x30303030,0x3030230C,0x30303030,
	0x00000000,0x00000000,0x00000000,0x00000000,0x00000000,0x00000000,0x00000000,0x00000000,
	0x00000000,0x00000000,0x00000000,0x00000000,0x00000000,0x00000000,0x00000000,0x00000000,

	0x00000000,0x00000000,0x00000000,0x00000000,0x00000000,0x00000000,0x00000000,0x00000000,
	0x00000000,0x00000000,0x00000000,0x00000000,0x00000000,0x00000000,0x00000000,0x00000000,
	0x23232323,0x23232323,0x23232323,0x23232323,0x23232323,0x23232323,0x23232323,0x23232323,
	0x23232323,0x23232323,0x23232323,0x23232323,0x23232323,0x23232323,0x23232323,0x23232323,
	0x23232323,0x23232323,0x23232323,0x23232323,0x23232323,0x23232323,0x23232323,0x23232323,
	0x23232323,0x23232323,0x23232323,0x23232323,0x23232323,0x23232323,0x23232323,0x23232323,
	0x30303023,0x30303030,0x30302323,0x30232323,0x30232323,0x30232323,0x23232323,0x30232323,
	0x23232323,0x30303023,0x23232323,0x30302323,0x23232323,0x30232323,0x23232323,0x23232323,

	0x30303030,0x17303030,0x17171730,0x17173030,0x17171730,0x17171730,0x17171730,0x17171717,
	0x17303030,0x17171717,0x17173030,0x17171717,0x17171730,0x17171717,0x17171717,0x17171717,
	0x17171717,0x17171717,0x17171717,0x17171717,0x17171717,0x17171717,0x17171717,0x17171717,
	0x17171717,0x17171717,0x17171717,0x17171717,0x17171717,0x17171717,0x17171717,0x17171717,
	0x17171717,0x17171717,0x17171717,0x17171717,0x17171717,0x17171717,0x17171717,0x17171717,
	0x17171717,0x17171717,0x17171717,0x17171717,0x17171717,0x17171717,0x17171717,0x17171717,
	0x00000000,0x00000000,0x00000000,0x00000000,0x00000000,0x00000000,0x00000000,0x00000000,
	0x00000000,0x00000000,0x00000000,0x00000000,0x00000000,0x00000000,0x00000000,0x00000000,

	0x00000000,0x00000000,0x00000000,0x00000000,0x00000000,0x00000000,0x00000000,0x00000000,
	0x00000000,0x00000000,0x00000000,0x00000000,0x00000000,0x00000000,0x00000000,0x00000000,
	0x30303030,0x30303030,0x30303030,0x30303030,0x30303030,0x30303030,0x30303030,0x30303030,
	0x30303030,0x30303030,0x0C0C0C0C,0x0C0C0C0C,0x0C0C0C0C,0x0C0C0C0C,0x0C0C0C0C,0x0C0C0C0C,
	0x30303030,0x30303030,0x30303030,0x30303030,0x30303030,0x30303030,0x30303030,0x30303030,
	0x30303030,0x30303030,0x0C0C0C0C,0x0C0C0C0C,0x0C0C0C0C,0x0C0C0C0C,0x0C0C0C0C,0x0C0C0C0C,
	0x30303030,0x30303030,0x30303030,0x30303030,0x30303030,0x30303030,0x30303030,0x30303030,
	0x30303030,0x30303030,0x0C0C0C0C,0x0C0C0C0C,0x0C0C0C0C,0x0C0C0C0C,0x0C0C0C0C,0x0C0C0C0C,

	0x30303030,0x30303030,0x30303030,0x30303030,0x30303030,0x30303030,0x30303030,0x30303030,
	0x30303030,0x30303030,0x17171717,0x17171717,0x17171717,0x17171717,0x17171717,0x17171717,
	0x30303030,0x30303030,0x30303030,0x30303030,0x30303030,0x30303030,0x30303030,0x30303030,
	0x30303030,0x30303030,0x17171717,0x17171717,0x17171717,0x17171717,0x17171717,0x17171717,
	0x30303030,0x30303030,0x30303030,0x30303030,0x30303030,0x30303030,0x30303030,0x30303030,
	0x30303030,0x30303030,0x17171717,0x17171717,0x17171717,0x17171717,0x17171717,0x17171717,
	0x00000000,0x00000000,0x00000000,0x00000000,0x00000000,0x00000000,0x00000000,0x00000000,
	0x00000000,0x00000000,0x00000000,0x00000000,0x00000000,0x00000000,0x00000000,0x00000000,

	0x00000000,0x00000000,0x00000000,0x00000000,0x00000000,0x00000000,0x00000000,0x00000000,
	0x00000000,0x00000000,0x00000000,0x00000000,0x00000000,0x00000000,0x00000000,0x00000000,
	0x00000000,0x00000000,0x00000000,0x00000000,0x00000000,0x00000000,0x00000000,0x00000000,
	0x00000000,0x00000000,0x00000000,0x00000000,0x00000000,0x00000000,0x00000000,0x00000000,
	0x00000000,0x00000000,0x00000000,0x00000000,0x00000000,0x00000000,0x00000000,0x00000000,
	0x00000000,0x00000000,0x00000000,0x00000000,0x00000000,0x00000000,0x00000000,0x00000000,
	0x00000000,0x00000000,0x00000000,0x00000000,0x00000000,0x00000000,0x00000000,0x00000000,
	0x00000000,0x00000000,0x00000000,0x00000000,0x00000000,0x00000000,0x00000000,0x00000000,

	0x00000000,0x00000000,0x00000000,0x00000000,0x00000000,0x00000000,0x00000000,0x00000000,
	0x00000000,0x00000000,0x00000000,0x00000000,0x00000000,0x00000000,0x00000000,0x00000000,
	0x00000000,0x00000000,0x00000000,0x00000000,0x00000000,0x00000000,0x00000000,0x00000000,
	0x00000000,0x00000000,0x00000000,0x00000000,0x00000000,0x00000000,0x00000000,0x00000000,
	0x00000000,0x00000000,0x00000000,0x00000000,0x00000000,0x00000000,0x00000000,0x00000000,
	0x00000000,0x00000000,0x00000000,0x00000000,0x00000000,0x00000000,0x00000000,0x00000000,
	0x00000000,0x00000000,0x00000000,0x00000000,0x00000000,0x00000000,0x00000000,0x00000000,
	0x00000000,0x00000000,0x00000000,0x00000000,0x00000000,0x00000000,0x00000000,0x00000000,

	0x00000000,0x00000000,0x00000000,0x00000000,0x00000000,0x00000000,0x00000000,0x00000000,
	0x00000000,0x00000000,0x00000000,0x00000000,0x00000000,0x00000000,0x00000000,0x00000000,
	0x30303030,0x23303030,0x30303030,0x23303030,0x30303030,0x23303030,0x30303030,0x23303030,
	0x30303030,0x23303030,0x0C0C0C0C,0x0C0C0C0C,0x0C0C0C0C,0x0C0C0C0C,0x0C0C0C0C,0x0C0C0C0C,
	0x30303030,0x23303030,0x0C0C0C0C,0x230C0C0C,0x0C0C0C0C,0x230C0C0C,0x0C0C0C0C,0x230C0C0C,
	0x23232323,0x23232323,0x230C0C0C,0x0C0C0C0C,0x0C0C0C0C,0x0C0C0C0C,0x0C0C0C0C,0x0C0C0C0C,
	0x30303030,0x30303030,0x30303030,0x30303030,0x30303030,0x30303030,0x30303030,0x30303030,
	0x30303030,0x30303030,0x0C0C0C0C,0x0C0C0C0C,0x0C0C0C0C,0x0C0C0C0C,0x0C0C0C0C,0x0C0C0C0C,

	0x30303030,0x30303030,0x30303030,0x30303030,0x30303030,0x30303030,0x30303030,0x30303030,
	0x30303030,0x30303030,0x17171717,0x17171717,0x17171717,0x17171717,0x17171717,0x17171717,
	0x0C0C2330,0x3030300C,0x30302330,0x230C0C30,0x0C0C2330,0x17170C0C,0x30302330,0x17171730,
	0x23232330,0x23232323,0x17171717,0x17172317,0x17171717,0x17171717,0x17171717,0x17171717,
	0x30302330,0x30303030,0x3030230C,0x30303030,0x30302317,0x30303030,0x30302317,0x30303030,
	0x30302323,0x30303030,0x17171717,0x17171717,0x17171717,0x17171717,0x17171717,0x17171717,
	0x00000000,0x00000000,0x00000000,0x00000000,0x00000000,0x00000000,0x00000000,0x00000000,
	0x00000000,0x00000000,0x00000000,0x00000000,0x00000000,0x00000000,0x00000000,0x00000000,

	0x00000000,0x00000000,0x00000000,0x00000000,0x00000000,0x00000000,0x00000000,0x00000000,
	0x00000000,0x00000000,0x00000000,0x00000000,0x00000000,0x00000000,0x00000000,0x00000000,
	0x23232323,0x23232323,0x23232323,0x23232323,0x23232323,0x23232323,0x23232323,0x23232323,
	0x23232323,0x23232323,0x23232323,0x23232323,0x23232323,0x23232323,0x23232323,0x23232323,
	0x23232323,0x23232323,0x23232323,0x23232323,0x23232323,0x23232323,0x23232323,0x23232323,
	0x23232323,0x23232323,0x23232323,0x23232323,0x23232323,0x23232323,0x23232323,0x23232323,
	0x23232323,0x23232323,0x23232323,0x23232323,0x23232323,0x23232323,0x23232323,0x23232323,
	0x23232323,0x23232323,0x23232323,0x23232323,0x23232323,0x23232323,0x23232323,0x23232323,

	0x17171717,0x17171717,0x17171717,0x17171717,0x17171717,0x17171717,0x17171717,0x17171717,
	0x17171717,0x17171717,0x17171717,0x17171717,0x17171717,0x17171717,0x17171717,0x17171717,
	0x17171717,0x17171717,0x17171717,0x17171717,0x17171717,0x17171717,0x17171717,0x17171717,
	0x17171717,0x17171717,0x17171717,0x17171717,0x17171717,0x17171717,0x17171717,0x17171717,
	0x17171717,0x17171717,0x17171717,0x17171717,0x17171717,0x17171717,0x17171717,0x17171717,
	0x17171717,0x17171717,0x17171717,0x17171717,0x17171717,0x17171717,0x17171717,0x17171717,
	0x00000000,0x00000000,0x00000000,0x00000000,0x00000000,0x00000000,0x00000000,0x00000000,
	0x00000000,0x00000000,0x00000000,0x00000000,0x00000000,0x00000000,0x00000000,0x00000000,

	0x00000000,0x00000000,0x00000000,0x00000000,0x00000000,0x00000000,0x00000000,0x00000000,
	0x00000000,0x00000000,0x00000000,0x00000000,0x00000000,0x00000000,0x00000000,0x00000000,
	0x0C0C0C0C,0x0C0C0C0C,0x0C0C0C0C,0x0C0C0C0C,0x0C0C0C0C,0x0C0C0C0C,0x0C0C0C0C,0x0C0C0C0C,
	0x0C0C0C0C,0x0C0C0C0C,0x0C0C0C0C,0x0C0C0C0C,0x0C0C0C0C,0x0C0C0C0C,0x0C0C0C0C,0x0C0C0C0C,
	0x0C0C0C0C,0x0C0C0C0C,0x0C0C0C0C,0x0C0C0C0C,0x0C0C0C0C,0x0C0C0C0C,0x0C0C0C0C,0x0C0C0C0C,
	0x0C0C0C0C,0x0C0C0C0C,0x0C0C0C0C,0x0C0C0C0C,0x0C0C0C0C,0x0C0C0C0C,0x0C0C0C0C,0x0C0C0C0C,
	0x0C0C0C0C,0x0C0C0C0C,0x0C0C0C0C,0x0C0C0C0C,0x0C0C0C0C,0x0C0C0C0C,0x0C0C0C0C,0x0C0C0C0C,
	0x0C0C0C0C,0x0C0C0C0C,0x0C0C0C0C,0x0C0C0C0C,0x0C0C0C0C,0x0C0C0C0C,0x0C0C0C0C,0x0C0C0C0C,

	0x17171717,0x17171717,0x17171717,0x17171717,0x17171717,0x17171717,0x17171717,0x17171717,
	0x17171717,0x17171717,0x17171717,0x17171717,0x17171717,0x17171717,0x17171717,0x17171717,
	0x17171717,0x17171717,0x17171717,0x17171717,0x17171717,0x17171717,0x17171717,0x17171717,
	0x17171717,0x17171717,0x17171717,0x17171717,0x17171717,0x17171717,0x17171717,0x17171717,
	0x17171717,0x17171717,0x17171717,0x17171717,0x17171717,0x17171717,0x17171717,0x17171717,
	0x17171717,0x17171717,0x17171717,0x17171717,0x17171717,0x17171717,0x17171717,0x17171717,
	0x00000000,0x00000000,0x00000000,0x00000000,0x00000000,0x00000000,0x00000000,0x00000000,
	0x00000000,0x00000000,0x00000000,0x00000000,0x00000000,0x00000000,0x00000000,0x00000000,

	0x00000000,0x00000000,0x00000000,0x00000000,0x00000000,0x00000000,0x00000000,0x00000000,
	0x00000000,0x00000000,0x00000000,0x00000000,0x00000000,0x00000000,0x00000000,0x00000000,
	0x00000000,0x00000000,0x00000000,0x00000000,0x00000000,0x00000000,0x00000000,0x00000000,
	0x00000000,0x00000000,0x00000000,0x00000000,0x00000000,0x00000000,0x00000000,0x00000000,
	0x00000000,0x00000000,0x00000000,0x00000000,0x00000000,0x00000000,0x00000000,0x00000000,
	0x00000000,0x00000000,0x00000000,0x00000000,0x00000000,0x00000000,0x00000000,0x00000000,
	0x00000000,0x00000000,0x00000000,0x00000000,0x00000000,0x00000000,0x00000000,0x00000000,
	0x00000000,0x00000000,0x00000000,0x00000000,0x00000000,0x00000000,0x00000000,0x00000000,

	0x00000000,0x00000000,0x00000000,0x00000000,0x00000000,0x00000000,0x00000000,0x00000000,
	0x00000000,0x00000000,0x00000000,0x00000000,0x00000000,0x00000000,0x00000000,0x00000000,
	0x00000000,0x00000000,0x00000000,0x00000000,0x00000000,0x00000000,0x00000000,0x00000000,
	0x00000000,0x00000000,0x00000000,0x00000000,0x00000000,0x00000000,0x00000000,0x00000000,
	0x00000000,0x00000000,0x00000000,0x00000000,0x00000000,0x00000000,0x00000000,0x00000000,
	0x00000000,0x00000000,0x00000000,0x00000000,0x00000000,0x00000000,0x00000000,0x00000000,
	0x00000000,0x00000000,0x00000000,0x00000000,0x00000000,0x00000000,0x00000000,0x00000000,
	0x00000000,0x00000000,0x00000000,0x00000000,0x00000000,0x00000000,0x00000000,0x00000000,

	0x00000000,0x00000000,0x00000000,0x00000000,0x00000000,0x00000000,0x00000000,0x00000000,
	0x00000000,0x00000000,0x00000000,0x00000000,0x00000000,0x00000000,0x00000000,0x00000000,
	0x0C0C0C0C,0x0C0C0C0C,0x0C0C0C0C,0x0C0C0C0C,0x0C0C0C0C,0x0C0C0C0C,0x0C0C0C0C,0x0C0C0C0C,
	0x0C0C0C0C,0x0C0C0C0C,0x0C0C0C0C,0x0C0C0C0C,0x0C0C0C0C,0x0C0C0C0C,0x0C0C0C0C,0x0C0C0C0C,
	0x0C0C0C0C,0x0C0C0C0C,0x0C0C0C0C,0x0C0C0C0C,0x0C0C0C0C,0x0C0C0C0C,0x0C0C0C0C,0x0C0C0C0C,
	0x0C0C0C0C,0x0C0C0C0C,0x0C0C0C0C,0x0C0C0C0C,0x0C0C0C0C,0x0C0C0C0C,0x0C0C0C0C,0x0C0C0C0C,
	0x0C0C0C0C,0x0C0C0C0C,0x0C0C0C0C,0x0C0C0C0C,0x0C0C0C0C,0x0C0C0C0C,0x0C0C0C0C,0x0C0C0C0C,
	0x0C0C0C0C,0x0C0C0C0C,0x0C0C0C0C,0x0C0C0C0C,0x0C0C0C0C,0x0C0C0C0C,0x0C0C0C0C,0x0C0C0C0C,

	0x17171717,0x17171717,0x17171717,0x17171717,0x17171717,0x17171717,0x17171717,0x17171717,
	0x17171717,0x17171717,0x17171717,0x17171717,0x17171717,0x17171717,0x17171717,0x17171717,
	0x17171717,0x17171717,0x17171717,0x17171717,0x17171717,0x17171717,0x17171717,0x17171717,
	0x17171717,0x17171717,0x17171717,0x17171717,0x17171717,0x17171717,0x17171717,0x17171717,
	0x17171717,0x17171717,0x17171717,0x17171717,0x17171717,0x17171717,0x17171717,0x17171717,
	0x17171717,0x17171717,0x17171717,0x17171717,0x17171717,0x17171717,0x17171717,0x17171717,
	0x00000000,0x00000000,0x00000000,0x00000000,0x00000000,0x00000000,0x00000000,0x00000000,
	0x00000000,0x00000000,0x00000000,0x00000000,0x00000000,0x00000000,0x00000000,0x00000000,

	0x00000000,0x00000000,0x00000000,0x00000000,0x00000000,0x00000000,0x00000000,0x00000000,
	0x00000000,0x00000000,0x00000000,0x00000000,0x00000000,0x00000000,0x00000000,0x00000000,
	0x11111111,0x11111111,0x11111111,0x11111111,0x11111111,0x11111111,0x11111111,0x11111111,
	0x11111111,0x11111111,0x11111111,0x11111111,0x11111111,0x11111111,0x11111111,0x11111111,
	0x11111111,0x11111111,0x11111111,0x11111111,0x11111111,0x11111111,0x11111111,0x11111111,
	0x11111111,0x11111111,0x11111111,0x11111111,0x11111111,0x11111111,0x11111111,0x11111111,
	0x11111111,0x11111111,0x11111111,0x11111111,0x11111111,0x11111111,0x11111111,0x11111111,
	0x11111111,0x11111111,0x11111111,0x11111111,0x11111111,0x11111111,0x11111111,0x11111111,

	0x11111111,0x11111111,0x11111111,0x11111111,0x11111111,0x11111111,0x11111111,0x11111111,
	0x11111111,0x11111111,0x11111111,0x11111111,0x11111111,0x11111111,0x11111111,0x11111111,
	0x11111111,0x11111111,0x11111111,0x11111111,0x11111111,0x11111111,0x11111111,0x11111111,
	0x11111111,0x11111111,0x11111111,0x11111111,0x11111111,0x11111111,0x11111111,0x11111111,
	0x11111111,0x11111111,0x11111111,0x11111111,0x11111111,0x11111111,0x11111111,0x11111111,
	0x11111111,0x11111111,0x11111111,0x11111111,0x11111111,0x11111111,0x11111111,0x11111111,
	0x00000000,0x00000000,0x00000000,0x00000000,0x00000000,0x00000000,0x00000000,0x00000000,
	0x00000000,0x00000000,0x00000000,0x00000000,0x00000000,0x00000000,0x00000000,0x00000000,

	0x00000000,0x00000000,0x00000000,0x00000000,0x00000000,0x00000000,0x00000000,0x00000000,
	0x00000000,0x00000000,0x00000000,0x00000000,0x00000000,0x00000000,0x00000000,0x00000000,
	0x30303030,0x30303030,0x30303030,0x30303030,0x30303030,0x30303030,0x30303030,0x30303030,
	0x30303030,0x30303030,0x30303030,0x30303030,0x30303030,0x30303030,0x30303030,0x30303030,
	0x30303030,0x2D2D3030,0x30303030,0x30303030,0x30303030,0x30303030,0x30303030,0x30303030,
	0x30303030,0x30303030,0x30303030,0x30303030,0x30303030,0x30303030,0x30303030,0x30303030,
	0x2D2D2D2D,0x3030302D,0x30303030,0x30303030,0x30303030,0x30303030,0x30303030,0x30303030,
	0x30303030,0x30303030,0x30303030,0x30303030,0x30303030,0x30303030,0x30303030,0x30303030,

	0x30303030,0x30303030,0x30303030,0x30303030,0x30303030,0x30303030,0x30303030,0x30303030,
	0x30303030,0x30303030,0x30303030,0x30303030,0x30303030,0x30303030,0x30303030,0x30303030,
	0x30303030,0x30303030,0x30303030,0x30303030,0x30303030,0x30303030,0x30303030,0x30303030,
	0x30303030,0x30303030,0x30303030,0x30303030,0x30303030,0x30303030,0x30303030,0x30303030,
	0x30303030,0x30303030,0x30303030,0x30303030,0x30303030,0x30303030,0x30303030,0x30303030,
	0x30303030,0x30303030,0x30303030,0x30303030,0x30303030,0x30303030,0x30303030,0x30303030,
	0x00000000,0x00000000,0x00000000,0x00000000,0x00000000,0x00000000,0x00000000,0x00000000,
	0x00000000,0x00000000,0x00000000,0x00000000,0x00000000,0x00000000,0x00000000,0x00000000,

	0x00000000,0x00000000,0x00000000,0x00000000,0x00000000,0x00000000,0x00000000,0x00000000,
	0x00000000,0x00000000,0x00000000,0x00000000,0x00000000,0x00000000,0x00000000,0x00000000,
	0x0C0C0C0C,0x0C0C0C0C,0x0C0C0C0C,0x0C0C0C0C,0x0C0C0C0C,0x280C0C0C,0x0C0C0C0C,0x28280C0C,
	0x0C0C0C0C,0x280C0C0C,0x0C0C0C0C,0x0C0C0C0C,0x0C0C0C0C,0x0C29290C,0x0C0C0C0C,0x0C0C2929,
	0x0C0C0C0C,0x0C0C0C0C,0x0C0C0C0C,0x0C0C0C0C,0x0C0C0C0C,0x0C0C0C0C,0x0C0C0C28,0x0C0C0C0C,
	0x0C0C0C0C,0x0C0C0C0C,0x0C0C0C0C,0x0C0C0C0C,0x0C0C2929,0x0C0C0C0C,0x0C290C0C,0x0C0C0C0C,
	0x0C0C0C0C,0x0C0C0C0C,0x0C0C0C0C,0x0C0C0C0C,0x0C0C0C0C,0x0C0C0C0C,0x0C0C0C0C,0x0C0C0C0C,
	0x0C0C0C0C,0x0C0C0C0C,0x0C0C0C0C,0x0C0C0C0C,0x0C0C0C0C,0x0C0C0C0C,0x0C0C0C0C,0x0C0C0C0C,

	0x0C0C0C0C,0x0C0C0C0C,0x0C0C0C0C,0x0C0C0C0C,0x0C0C0C0C,0x0C0C0C0C,0x0C0C0C0C,0x0C0C0C0C,
	0x0C0C0C0C,0x0C0C0C0C,0x0C0C0C0C,0x0C0C0C0C,0x0C0C0C0C,0x0C0C0C0C,0x0C0C0C0C,0x0C0C0C0C,
	0x0C0C0C0C,0x0C0C0C0C,0x0C0C0C0C,0x0C0C0C0C,0x0C0C0C0C,0x0C0C0C0C,0x0C0C0C0C,0x0C0C0C0C,
	0x0C0C0C0C,0x0C0C0C0C,0x0C0C0C0C,0x0C0C0C0C,0x0C0C0C0C,0x0C0C0C0C,0x0C0C0C0C,0x0C0C0C0C,
	0x0C0C0C0C,0x0C0C0C0C,0x0C0C0C0C,0x0C0C0C0C,0x0C0C0C0C,0x0C0C0C0C,0x0C0C0C0C,0x0C0C0C0C,
	0x0C0C0C0C,0x0C0C0C0C,0x0C0C0C0C,0x0C0C0C0C,0x0C0C0C0C,0x0C0C0C0C,0x0C0C0C0C,0x0C0C0C0C,
	0x00000000,0x00000000,0x00000000,0x00000000,0x00000000,0x00000000,0x00000000,0x00000000,
	0x00000000,0x00000000,0x00000000,0x00000000,0x00000000,0x00000000,0x00000000,0x00000000,

	0x00000000,0x00000000,0x00000000,0x00000000,0x00000000,0x00000000,0x00000000,0x00000000,
	0x00000000,0x00000000,0x00000000,0x00000000,0x00000000,0x00000000,0x00000000,0x00000000,
	0x23232323,0x23232323,0x23232324,0x23232323,0x23232324,0x23232323,0x23232324,0x23232323,
	0x23232324,0x1C1C1423,0x23232324,0x20232323,0x23232324,0x18232323,0x03232324,0x2323031C,
	0x23232323,0x23232323,0x23232323,0x23232323,0x23121223,0x23232323,0x1C1C1C1C,0x23232323,
	0x23141423,0x23141C1C,0x1C23231C,0x23232320,0x03232303,0x23232319,0x19030319,0x1D032323,
	0x23232323,0x30303024,0x23232323,0x30303024,0x23232323,0x30303024,0x23232323,0x30303024,
	0x23232323,0x30303024,0x23232323,0x30303024,0x23232323,0x30303024,0x23232303,0x30303024,

	0x30303030,0x30303030,0x30303030,0x30303030,0x30303030,0x30303030,0x30303030,0x30303030,
	0x30303030,0x30303030,0x30303030,0x30303030,0x30303030,0x30303030,0x30303030,0x30303030,
	0x30303030,0x30303030,0x30303030,0x30303030,0x30303030,0x30303030,0x30303030,0x30303030,
	0x30303030,0x30303030,0x30303030,0x30303030,0x30303030,0x30303030,0x30303030,0x30303030,
	0x30303030,0x30303030,0x30303030,0x30303030,0x30303030,0x30303030,0x30303030,0x30303030,
	0x30303030,0x30303030,0x30303030,0x30303030,0x30303030,0x30303030,0x30303030,0x30303030,
	0x00000000,0x00000000,0x00000000,0x00000000,0x00000000,0x00000000,0x00000000,0x00000000,
	0x00000000,0x00000000,0x00000000,0x00000000,0x00000000,0x00000000,0x00000000,0x00000000,

	0x00000000,0x00000000,0x00000000,0x00000000,0x00000000,0x00000000,0x00000000,0x00000000,
	0x00000000,0x00000000,0x00000000,0x00000000,0x00000000,0x00000000,0x00000000,0x00000000,
	0x11111111,0x11111111,0x11111111,0x11111111,0x11111111,0x11111111,0x23232323,0x23232323,
	0x23232323,0x23232323,0x23232323,0x23232323,0x23232323,0x23232323,0x23232323,0x23232323,
	0x11111111,0x11111111,0x11111111,0x11111111,0x11111111,0x11111111,0x23232323,0x23232323,
	0x23232323,0x23232323,0x23232323,0x23232323,0x23232323,0x23232323,0x23232323,0x23232323,
	0x11111111,0x11111111,0x11111111,0x11111111,0x11111111,0x11111111,0x23232323,0x23232323,
	0x23232323,0x23232323,0x23232323,0x23232323,0x23232323,0x23232323,0x23232323,0x23232323,

	0x11111111,0x11111111,0x11111111,0x11111111,0x11111111,0x11111111,0x23232323,0x23232323,
	0x23232323,0x23232323,0x23232323,0x23232323,0x23232323,0x23232323,0x23232323,0x23232323,
	0x11111111,0x11111111,0x11111111,0x11111111,0x11111111,0x11111111,0x23232323,0x23232323,
	0x23232323,0x23232323,0x23232323,0x23232323,0x23232323,0x23232323,0x23232323,0x23232323,
	0x11111111,0x11111111,0x11111111,0x11111111,0x11111111,0x11111111,0x23232323,0x23232323,
	0x23232323,0x23232323,0x23232323,0x23232323,0x23232323,0x23232323,0x23232323,0x23232323,
	0x00000000,0x00000000,0x00000000,0x00000000,0x00000000,0x00000000,0x00000000,0x00000000,
	0x00000000,0x00000000,0x00000000,0x00000000,0x00000000,0x00000000,0x00000000,0x00000000,

	0x00000000,0x00000000,0x00000000,0x00000000,0x00000000,0x00000000,0x00000000,0x00000000,
	0x00000000,0x00000000,0x00000000,0x00000000,0x00000000,0x00000000,0x00000000,0x00000000,
	0x30303030,0x30303030,0x30303030,0x30303030,0x30303030,0x30303030,0x1E1E1E1E,0x1E1E1E1E,
	0x1E1E1E1E,0x1E1E1E1E,0x1E1E1E1E,0x1E1E1E1E,0x1E1E1E1E,0x1E1E1E1E,0x1E1E1E1E,0x1E1E1E1E,
	0x30303030,0x30303030,0x30303030,0x30303030,0x30303030,0x30303030,0x1E1E1E1E,0x1E1E1E1E,
	0x1E1E1E1E,0x1E1E1E1E,0x1E1E1E1E,0x1E1E1E1E,0x1E1E1E1E,0x1E1E1E1E,0x1E1E1E1E,0x1E1E1E1E,
	0x30303030,0x30303030,0x30303030,0x30303030,0x30303030,0x30303030,0x1E1E1E1E,0x1E1E1E1E,
	0x1E1E1E1E,0x1E1E1E1E,0x1E1E1E1E,0x1E1E1E1E,0x1E1E1E1E,0x1E1E1E1E,0x1E1E1E1E,0x1E1E1E1E,

	0x30303030,0x30303030,0x30303030,0x30303030,0x30303030,0x30303030,0x1E1E1E1E,0x1E1E1E1E,
	0x1E1E1E1E,0x1E1E1E1E,0x1E1E1E1E,0x1E1E1E1E,0x1E1E1E1E,0x1E1E1E1E,0x1E1E1E1E,0x1E1E1E1E,
	0x30303030,0x30303030,0x30303030,0x30303030,0x30303030,0x30303030,0x1E1E1E1E,0x1E1E1E1E,
	0x1E1E1E1E,0x1E1E1E1E,0x1E1E1E1E,0x1E1E1E1E,0x1E1E1E1E,0x1E1E1E1E,0x1E1E1E1E,0x1E1E1E1E,
	0x30303030,0x30303030,0x30303030,0x30303030,0x30303030,0x30303030,0x1E1E1E1E,0x1E1E1E1E,
	0x1E1E1E1E,0x1E1E1E1E,0x1E1E1E1E,0x1E1E1E1E,0x1E1E1E1E,0x1E1E1E1E,0x1E1E1E1E,0x1E1E1E1E,
	0x00000000,0x00000000,0x00000000,0x00000000,0x00000000,0x00000000,0x00000000,0x00000000,
	0x00000000,0x00000000,0x00000000,0x00000000,0x00000000,0x00000000,0x00000000,0x00000000,

	0x00000000,0x00000000,0x00000000,0x00000000,0x00000000,0x00000000,0x00000000,0x00000000,
	0x00000000,0x00000000,0x00000000,0x00000000,0x00000000,0x00000000,0x00000000,0x00000000,
	0x290C0C0C,0x0C290C29,0x0C0C0C0C,0x290C0C0C,0x0C0C0C0C,0x0C0C290C,0x0C0C0C0C,0x2929290C,
	0x0C0C0C0C,0x0C0C0C29,0x0C0C0C0C,0x0C0C0C0C,0x0C0C0C0C,0x0C0C0C0C,0x0C0C0C0C,0x0C0C0C0C,
	0x0C290C0C,0x0C0C0C0C,0x0C0C290C,0x0C0C0C0C,0x0C0C0C29,0x0C0C0C0C,0x0C0C290C,0x0C0C0C0C,
	0x0C290C0C,0x0C0C0C0C,0x0C0C0C0C,0x0C0C0C0C,0x0C0C0C0C,0x0C0C0C0C,0x0C0C0C0C,0x0C0C0C0C,
	0x0C0C0C0C,0x0C0C0C0C,0x0C0C0C0C,0x0C0C0C0C,0x0C0C0C0C,0x0C0C0C0C,0x0C0C0C0C,0x0C0C0C0C,
	0x0C0C0C0C,0x0C0C0C0C,0x0C0C0C0C,0x0C0C0C0C,0x0C0C0C0C,0x0C0C0C0C,0x0C0C0C0C,0x0C0C0C0C,

	0x0C0C0C0C,0x0C0C0C0C,0x0C0C0C0C,0x0C0C0C0C,0x0C0C0C0C,0x0C0C0C0C,0x0C0C0C0C,0x0C0C0C0C,
	0x0C0C0C0C,0x0C0C0C0C,0x0C0C0C0C,0x0C0C0C0C,0x0C0C0C0C,0x0C0C0C0C,0x0C0C0C0C,0x0C0C0C0C,
	0x0C0C0C0C,0x0C0C0C0C,0x0C0C0C0C,0x0C0C0C0C,0x0C0C0C0C,0x0C0C0C0C,0x0C0C0C0C,0x0C0C0C0C,
	0x0C0C0C0C,0x0C0C0C0C,0x0C0C0C0C,0x0C0C0C0C,0x0C0C0C0C,0x0C0C0C0C,0x0C0C0C0C,0x0C0C0C0C,
	0x0C0C0C0C,0x0C0C0C0C,0x0C0C0C0C,0x0C0C0C0C,0x0C0C0C0C,0x0C0C0C0C,0x0C0C0C0C,0x0C0C0C0C,
	0x0C0C0C0C,0x0C0C0C0C,0x0C0C0C0C,0x0C0C0C0C,0x0C0C0C0C,0x0C0C0C0C,0x0C0C0C0C,0x0C0C0C0C,
	0x00000000,0x00000000,0x00000000,0x00000000,0x00000000,0x00000000,0x00000000,0x00000000,
	0x00000000,0x00000000,0x00000000,0x00000000,0x00000000,0x00000000,0x00000000,0x00000000,

	0x00000000,0x00000000,0x00000000,0x00000000,0x00000000,0x00000000,0x00000000,0x00000000,
	0x00000000,0x00000000,0x00000000,0x00000000,0x00000000,0x00000000,0x00000000,0x00000000,
	0x03232324,0x23030303,0x14232324,0x23030D03,0x03232324,0x03030303,0x03232321,0x03300319,
	0x03232321,0x032F0303,0x23232321,0x23030323,0x23232321,0x02232323,0x23232321,0x23192323,
	0x09030309,0x03030323,0x030F0F03,0x03260323,0x030D3003,0x03030303,0x03300D03,0x14030803,
	0x27020127,0x03030A03,0x231B1A23,0x23030323,0x021A1A02,0x23202305,0x23040723,0x23231919,
	0x23232303,0x30303024,0x2323231D,0x30303024,0x23232303,0x30303024,0x23232303,0x10101021,
	0x23232303,0x10101021,0x23232323,0x10101021,0x23232323,0x10101021,0x23232323,0x10101021,

	0x30303030,0x30303030,0x30303030,0x30303030,0x30303030,0x30303030,0x10101010,0x10101010,
	0x10101010,0x10101010,0x10101010,0x10101010,0x10101010,0x10101010,0x10101010,0x10101010,
	0x30303030,0x30303030,0x30303030,0x30303030,0x30303030,0x30303030,0x10101010,0x10101010,
	0x10101010,0x10101010,0x10101010,0x10101010,0x10101010,0x10101010,0x10101010,0x10101010,
	0x30303030,0x30303030,0x30303030,0x30303030,0x30303030,0x30303030,0x10101010,0x10101010,
	0x10101010,0x10101010,0x10101010,0x10101010,0x10101010,0x10101010,0x10101010,0x10101010,
	0x00000000,0x00000000,0x00000000,0x00000000,0x00000000,0x00000000,0x00000000,0x00000000,
	0x00000000,0x00000000,0x00000000,0x00000000,0x00000000,0x00000000,0x00000000,0x00000000,

	0x00000000,0x00000000,0x00000000,0x00000000,0x00000000,0x00000000,0x00000000,0x00000000,
	0x00000000,0x00000000,0x00000000,0x00000000,0x00000000,0x00000000,0x00000000,0x00000000,
	0x23232323,0x23232323,0x23232323,0x23232323,0x23232323,0x23232323,0x23232323,0x23232323,
	0x23232323,0x23232323,0x30303030,0x30303030,0x30303030,0x30303030,0x30303030,0x30303030,
	0x23232323,0x23232323,0x23232323,0x23232323,0x23232323,0x23232323,0x23232323,0x23232323,
	0x23232323,0x23232323,0x30303030,0x30303030,0x30303030,0x30303030,0x30303030,0x30303030,
	0x23232323,0x23232323,0x23232323,0x23232323,0x23232323,0x23232323,0x23232323,0x23232323,
	0x23232323,0x23232323,0x30303030,0x30303030,0x30303030,0x30303030,0x30303030,0x30303030,

	0x23232323,0x23232323,0x23232323,0x23232323,0x23232323,0x23232323,0x23232323,0x23232323,
	0x23232323,0x23232323,0x30303030,0x30303030,0x30303030,0x30303030,0x30303030,0x30303030,
	0x23232323,0x23232323,0x23232323,0x23232323,0x23232323,0x23232323,0x23232323,0x23232323,
	0x23232323,0x23232323,0x30303030,0x30303030,0x30303030,0x30303030,0x30303030,0x30303030,
	0x23232323,0x23232323,0x23232323,0x23232323,0x23232323,0x23232323,0x23232323,0x23232323,
	0x23232323,0x23232323,0x30303030,0x30303030,0x30303030,0x30303030,0x30303030,0x30303030,
	0x00000000,0x00000000,0x00000000,0x00000000,0x00000000,0x00000000,0x00000000,0x00000000,
	0x00000000,0x00000000,0x00000000,0x00000000,0x00000000,0x00000000,0x00000000,0x00000000,

	0x00000000,0x00000000,0x00000000,0x00000000,0x00000000,0x00000000,0x00000000,0x00000000,
	0x00000000,0x00000000,0x00000000,0x00000000,0x00000000,0x00000000,0x00000000,0x00000000,
	0x1E1E1E1E,0x1E1E1E1E,0x1E1E1E1E,0x1E1E1E1E,0x1E1E1E1E,0x1E1E1E1E,0x1E1E1E1E,0x1E1E1E1E,
	0x1E1E1E1E,0x1E1E1E1E,0x0C0C0C0C,0x0C0C0C0C,0x0C0C0C0C,0x0C0C0C0C,0x0C0C0C0C,0x0C0C0C0C,
	0x1E1E1E1E,0x1E1E1E1E,0x1E1E1E1E,0x1E1E1E1E,0x1E1E1E1E,0x1E1E1E1E,0x1E1E1E1E,0x1E1E1E1E,
	0x1E1E1E1E,0x1E1E1E1E,0x0C0C0C0C,0x0C0C0C0C,0x0C0C0C0C,0x0C0C0C0C,0x0C0C0C0C,0x0C0C0C0C,
	0x1E1E1E1E,0x1E1E1E1E,0x1E1E1E1E,0x1E1E1E1E,0x1E1E1E1E,0x1E1E1E1E,0x1E1E1E1E,0x1E1E1E1E,
	0x1E1E1E1E,0x1E1E1E1E,0x0C0C0C0C,0x0C0C0C0C,0x0C0C0C0C,0x0C0C0C0C,0x0C0C0C0C,0x0C0C0C0C,

	0x1E1E1E1E,0x1E1E1E1E,0x1E1E1E1E,0x1E1E1E1E,0x1E1E1E1E,0x1E1E1E1E,0x1E1E1E1E,0x1E1E1E1E,
	0x1E1E1E1E,0x1E1E1E1E,0x0C0C0C0C,0x0C0C0C0C,0x0C0C0C0C,0x0C0C0C0C,0x0C0C0C0C,0x0C0C0C0C,
	0x1E1E1E1E,0x1E1E1E1E,0x1E1E1E1E,0x1E1E1E1E,0x1E1E1E1E,0x1E1E1E1E,0x1E1E1E1E,0x1E1E1E1E,
	0x1E1E1E1E,0x1E1E1E1E,0x0C0C0C0C,0x0C0C0C0C,0x0C0C0C0C,0x0C0C0C0C,0x0C0C0C0C,0x0C0C0C0C,
	0x1E1E1E1E,0x1E1E1E1E,0x1E1E1E1E,0x1E1E1E1E,0x1E1E1E1E,0x1E1E1E1E,0x1E1E1E1E,0x1E1E1E1E,
	0x1E1E1E1E,0x1E1E1E1E,0x0C0C0C0C,0x0C0C0C0C,0x0C0C0C0C,0x0C0C0C0C,0x0C0C0C0C,0x0C0C0C0C,
	0x00000000,0x00000000,0x00000000,0x00000000,0x00000000,0x00000000,0x00000000,0x00000000,
	0x00000000,0x00000000,0x00000000,0x00000000,0x00000000,0x00000000,0x00000000,0x00000000,

	0x00000000,0x00000000,0x00000000,0x00000000,0x00000000,0x00000000,0x00000000,0x00000000,
	0x00000000,0x00000000,0x00000000,0x00000000,0x00000000,0x00000000,0x00000000,0x00000000,
	0x0C0C0C0C,0x0C0C0C0C,0x0C0C0C0C,0x0C0C0C0C,0x0C0C0C0C,0x0C0C0C0C,0x0C0C0C0C,0x0C0C0C0C,
	0x0C0C0C0C,0x0C0C0C0C,0x0C0C0C0C,0x0C0C0C0C,0x0C0C0C0C,0x0C0C0C0C,0x0C0C0C0C,0x0C0C0C0C,
	0x0C0C0C0C,0x0C0C0C0C,0x0C0C0C0C,0x0C0C0C0C,0x0C0C0C0C,0x0C0C0C0C,0x0C0C0C0C,0x0C0C0C0C,
	0x0C0C0C0C,0x0C0C0C0C,0x0C0C0C0C,0x0C0C0C0C,0x0C0C0C0C,0x0C0C0C0C,0x0C0C0C0C,0x0C0C0C0C,
	0x0C0C0C0C,0x0C0C0C0C,0x0C0C0C0C,0x0C0C0C0C,0x0C0C0C0C,0x0C0C0C0C,0x0C0C0C0C,0x0C0C0C0C,
	0x0C0C0C0C,0x0C0C0C0C,0x0C0C0C0C,0x0C0C0C0C,0x0C0C0C0C,0x0C0C0C0C,0x0C0C0C0C,0x0C0C0C0C,

	0x0C0C0C0C,0x0C0C0C0C,0x0C0C0C0C,0x0C0C0C0C,0x0C0C0C0C,0x0C0C0C0C,0x0C0C0C0C,0x0C0C0C0C,
	0x0C0C0C0C,0x0C0C0C0C,0x0C0C0C0C,0x0C0C0C0C,0x0C0C0C0C,0x0C0C0C0C,0x0C0C0C0C,0x0C0C0C0C,
	0x0C0C0C0C,0x0C0C0C0C,0x0C0C0C0C,0x0C0C0C0C,0x0C0C0C0C,0x0C0C0C0C,0x0C0C0C0C,0x0C0C0C0C,
	0x0C0C0C0C,0x0C0C0C0C,0x0C0C0C0C,0x0C0C0C0C,0x0C0C0C0C,0x0C0C0C0C,0x0C0C0C0C,0x0C0C0C0C,
	0x0C0C0C0C,0x0C0C0C0C,0x0C0C0C0C,0x0C0C0C0C,0x0C0C0C0C,0x0C0C0C0C,0x0C0C0C0C,0x0C0C0C0C,
	0x0C0C0C0C,0x0C0C0C0C,0x0C0C0C0C,0x0C0C0C0C,0x0C0C0C0C,0x0C0C0C0C,0x0C0C0C0C,0x0C0C0C0C,
	0x00000000,0x00000000,0x00000000,0x00000000,0x00000000,0x00000000,0x00000000,0x00000000,
	0x00000000,0x00000000,0x00000000,0x00000000,0x00000000,0x00000000,0x00000000,0x00000000,

	0x00000000,0x00000000,0x00000000,0x00000000,0x00000000,0x00000000,0x00000000,0x00000000,
	0x00000000,0x00000000,0x00000000,0x00000000,0x00000000,0x00000000,0x00000000,0x00000000,
	0x23232321,0x23231923,0x23232321,0x23232323,0x23232321,0x23232323,0x23232321,0x23232323,
	0x21212123,0x21212121,0x0C0C0C0C,0x0C0C0C0C,0x0C0C0C0C,0x0C0C0C0C,0x0C0C0C0C,0x0C0C0C0C,
	0x04020204,0x23231923,0x23060423,0x23232323,0x06232302,0x23232323,0x23232323,0x23232323,
	0x21212121,0x21212121,0x0C0C0C0C,0x0C0C0C0C,0x0C0C0C0C,0x0C0C0C0C,0x0C0C0C0C,0x0C0C0C0C,
	0x23232323,0x10101021,0x23232323,0x10101021,0x23232323,0x10101021,0x23232323,0x10101021,
	0x21212121,0x10101023,0x0C0C0C0C,0x0C0C0C0C,0x0C0C0C0C,0x0C0C0C0C,0x0C0C0C0C,0x0C0C0C0C,

	0x10101010,0x10101010,0x10101010,0x10101010,0x10101010,0x10101010,0x10101010,0x10101010,
	0x10101010,0x10101010,0x0C0C0C0C,0x0C0C0C0C,0x0C0C0C0C,0x0C0C0C0C,0x0C0C0C0C,0x0C0C0C0C,
	0x10101010,0x10101010,0x10101010,0x10101010,0x10101010,0x10101010,0x10101010,0x10101010,
	0x10101010,0x10101010,0x0C0C0C0C,0x0C0C0C0C,0x0C0C0C0C,0x0C0C0C0C,0x0C0C0C0C,0x0C0C0C0C,
	0x10101010,0x10101010,0x10101010,0x10101010,0x10101010,0x10101010,0x10101010,0x10101010,
	0x10101010,0x10101010,0x0C0C0C0C,0x0C0C0C0C,0x0C0C0C0C,0x0C0C0C0C,0x0C0C0C0C,0x0C0C0C0C,
	0x00000000,0x00000000,0x00000000,0x00000000,0x00000000,0x00000000,0x00000000,0x00000000,
	0x00000000,0x00000000,0x00000000,0x00000000,0x00000000,0x00000000,0x00000000,0x00000000,

	0x00000000,0x00000000,0x00000000,0x00000000,0x00000000,0x00000000,0x00000000,0x00000000,
	0x00000000,0x00000000,0x00000000,0x00000000,0x00000000,0x00000000,0x00000000,0x00000000,
	0x30303030,0x30303030,0x30303030,0x30303030,0x30303030,0x30303030,0x30303030,0x30303030,
	0x30303030,0x30303030,0x30303030,0x30303030,0x30303030,0x30303030,0x30303030,0x30303030,
	0x30303030,0x30303030,0x30303030,0x30303030,0x30303030,0x30303030,0x30303030,0x30303030,
	0x30303030,0x30303030,0x30303030,0x30303030,0x30303030,0x30303030,0x30303030,0x30303030,
	0x30303030,0x30303030,0x30303030,0x30303030,0x30303030,0x30303030,0x30303030,0x30303030,
	0x30303030,0x30303030,0x30303030,0x30303030,0x30303030,0x30303030,0x30303030,0x30303030,

	0x30303030,0x30303030,0x30303030,0x30303030,0x30303030,0x30303030,0x30303030,0x30303030,
	0x30303030,0x30303030,0x30303030,0x30303030,0x30303030,0x30303030,0x30303030,0x30303030,
	0x30303030,0x30303030,0x30303030,0x30303030,0x30303030,0x30303030,0x30303030,0x30303030,
	0x30303030,0x30303030,0x30303030,0x30303030,0x30303030,0x30303030,0x30303030,0x30303030,
	0x30303030,0x30303030,0x30303030,0x30303030,0x30303030,0x30303030,0x30303030,0x30303030,
	0x30303030,0x30303030,0x30303030,0x30303030,0x30303030,0x30303030,0x30303030,0x30303030,
	0x00000000,0x00000000,0x00000000,0x00000000,0x00000000,0x00000000,0x00000000,0x00000000,
	0x00000000,0x00000000,0x00000000,0x00000000,0x00000000,0x00000000,0x00000000,0x00000000,

	0x00000000,0x00000000,0x00000000,0x00000000,0x00000000,0x00000000,0x00000000,0x00000000,
	0x00000000,0x00000000,0x00000000,0x00000000,0x00000000,0x00000000,0x00000000,0x00000000,
	0x0C0C0C0C,0x0C0C0C0C,0x0C0C0C0C,0x0C0C0C0C,0x0C0C0C0C,0x0C0C0C0C,0x0C0C0C0C,0x0C0C0C0C,
	0x0C0C0C0C,0x0C0C0C0C,0x0C0C0C0C,0x0C0C0C0C,0x0C0C0C0C,0x0C0C0C0C,0x0C0C0C0C,0x0C0C0C0C,
	0x0C0C0C0C,0x0C0C0C0C,0x0C0C0C0C,0x0C0C0C0C,0x0C0C0C0C,0x0C0C0C0C,0x0C0C0C0C,0x0C0C0C0C,
	0x0C0C0C0C,0x0C0C0C0C,0x0C0C0C0C,0x0C0C0C0C,0x0C0C0C0C,0x0C0C0C0C,0x0C0C0C0C,0x0C0C0C0C,
	0x0C0C0C0C,0x0C0C0C0C,0x0C0C0C0C,0x0C0C0C0C,0x0C0C0C0C,0x0C0C0C0C,0x0C0C0C0C,0x0C0C0C0C,
	0x0C0C0C0C,0x0C0C0C0C,0x0C0C0C0C,0x0C0C0C0C,0x0C0C0C0C,0x0C0C0C0C,0x0C0C0C0C,0x0C0C0C0C,

	0x0C0C0C0C,0x0C0C0C0C,0x0C0C0C0C,0x0C0C0C0C,0x0C0C0C0C,0x0C0C0C0C,0x0C0C0C0C,0x0C0C0C0C,
	0x0C0C0C0C,0x0C0C0C0C,0x0C0C0C0C,0x0C0C0C0C,0x0C0C0C0C,0x0C0C0C0C,0x0C0C0C0C,0x0C0C0C0C,
	0x0C0C0C0C,0x0C0C0C0C,0x0C0C0C0C,0x0C0C0C0C,0x0C0C0C0C,0x0C0C0C0C,0x0C0C0C0C,0x0C0C0C0C,
	0x0C0C0C0C,0x0C0C0C0C,0x0C0C0C0C,0x0C0C0C0C,0x0C0C0C0C,0x0C0C0C0C,0x0C0C0C0C,0x0C0C0C0C,
	0x0C0C0C0C,0x0C0C0C0C,0x0C0C0C0C,0x0C0C0C0C,0x0C0C0C0C,0x0C0C0C0C,0x0C0C0C0C,0x0C0C0C0C,
	0x0C0C0C0C,0x0C0C0C0C,0x0C0C0C0C,0x0C0C0C0C,0x0C0C0C0C,0x0C0C0C0C,0x0C0C0C0C,0x0C0C0C0C,
	0x00000000,0x00000000,0x00000000,0x00000000,0x00000000,0x00000000,0x00000000,0x00000000,
	0x00000000,0x00000000,0x00000000,0x00000000,0x00000000,0x00000000,0x00000000,0x00000000,

	0x00000000,0x00000000,0x00000000,0x00000000,0x00000000,0x00000000,0x00000000,0x00000000,
	0x00000000,0x00000000,0x00000000,0x00000000,0x00000000,0x00000000,0x00000000,0x00000000,
	0x0C0C0C0C,0x0C0C0C0C,0x0C0C0C0C,0x0C0C0C0C,0x0C0C0C0C,0x0C0C0C0C,0x0C0C0C0C,0x0C0C0C0C,
	0x0C0C0C0C,0x0C0C0C0C,0x0C0C0C0C,0x0C0C0C0C,0x0C0C0C0C,0x0C0C0C0C,0x0C0C0C0C,0x0C0C0C0C,
	0x0C0C0C0C,0x0C0C0C0C,0x0C0C0C0C,0x0C0C0C0C,0x0C0C0C0C,0x0C0C0C0C,0x0C0C0C0C,0x0C0C0C0C,
	0x0C0C0C0C,0x0C0C0C0C,0x0C0C0C0C,0x0C0C0C0C,0x0C0C0C0C,0x0C0C0C0C,0x0C0C0C0C,0x0C0C0C0C,
	0x0C0C0C0C,0x0C0C0C0C,0x0C0C0C0C,0x0C0C0C0C,0x0C0C0C0C,0x0C0C0C0C,0x0C0C0C0C,0x0C0C0C0C,
	0x0C0C0C0C,0x0C0C0C0C,0x0C0C0C0C,0x0C0C0C0C,0x0C0C0C0C,0x0C0C0C0C,0x0C0C0C0C,0x0C0C0C0C,

	0x0C0C0C0C,0x0C0C0C0C,0x0C0C0C0C,0x0C0C0C0C,0x0C0C0C0C,0x0C0C0C0C,0x0C0C0C0C,0x0C0C0C0C,
	0x0C0C0C0C,0x0C0C0C0C,0x0C0C0C0C,0x0C0C0C0C,0x0C0C0C0C,0x0C0C0C0C,0x0C0C0C0C,0x0C0C0C0C,
	0x0C0C0C0C,0x0C0C0C0C,0x0C0C0C0C,0x0C0C0C0C,0x0C0C0C0C,0x0C0C0C0C,0x0C0C0C0C,0x0C0C0C0C,
	0x0C0C0C0C,0x0C0C0C0C,0x0C0C0C0C,0x0C0C0C0C,0x0C0C0C0C,0x0C0C0C0C,0x0C0C0C0C,0x0C0C0C0C,
	0x0C0C0C0C,0x0C0C0C0C,0x0C0C0C0C,0x0C0C0C0C,0x0C0C0C0C,0x0C0C0C0C,0x0C0C0C0C,0x0C0C0C0C,
	0x0C0C0C0C,0x0C0C0C0C,0x0C0C0C0C,0x0C0C0C0C,0x0C0C0C0C,0x0C0C0C0C,0x0C0C0C0C,0x0C0C0C0C,
	0x00000000,0x00000000,0x00000000,0x00000000,0x00000000,0x00000000,0x00000000,0x00000000,
	0x00000000,0x00000000,0x00000000,0x00000000,0x00000000,0x00000000,0x00000000,0x00000000,

	0x00000000,0x00000000,0x00000000,0x00000000,0x00000000,0x00000000,0x00000000,0x00000000,
	0x00000000,0x00000000,0x00000000,0x00000000,0x00000000,0x00000000,0x00000000,0x00000000,
	0x0C0C0C0C,0x0C0C0C0C,0x0C0C0C0C,0x0C0C0C0C,0x0C0C0C0C,0x0C0C0C0C,0x0C0C0C0C,0x0C0C0C0C,
	0x0C0C0C0C,0x0C0C0C0C,0x0C0C0C0C,0x0C0C0C0C,0x0C0C0C0C,0x0C0C0C0C,0x0C0C0C0C,0x0C0C0C0C,
	0x0C0C0C0C,0x0C0C0C0C,0x0C0C0C0C,0x0C0C0C0C,0x0C0C0C0C,0x0C0C0C0C,0x0C0C0C0C,0x0C0C0C0C,
	0x0C0C0C0C,0x0C0C0C0C,0x0C0C0C0C,0x0C0C0C0C,0x0C0C0C0C,0x0C0C0C0C,0x0C0C0C0C,0x0C0C0C0C,
	0x0C0C0C0C,0x0C0C0C0C,0x0C0C0C0C,0x0C0C0C0C,0x0C0C0C0C,0x0C0C0C0C,0x0C0C0C0C,0x0C0C0C0C,
	0x0C0C0C0C,0x0C0C0C0C,0x0C0C0C0C,0x0C0C0C0C,0x0C0C0C0C,0x0C0C0C0C,0x0C0C0C0C,0x0C0C0C0C,

	0x0C0C0C0C,0x0C0C0C0C,0x0C0C0C0C,0x0C0C0C0C,0x0C0C0C0C,0x0C0C0C0C,0x0C0C0C0C,0x0C0C0C0C,
	0x0C0C0C0C,0x0C0C0C0C,0x0C0C0C0C,0x0C0C0C0C,0x0C0C0C0C,0x0C0C0C0C,0x0C0C0C0C,0x0C0C0C0C,
	0x0C0C0C0C,0x0C0C0C0C,0x0C0C0C0C,0x0C0C0C0C,0x0C0C0C0C,0x0C0C0C0C,0x0C0C0C0C,0x0C0C0C0C,
	0x0C0C0C0C,0x0C0C0C0C,0x0C0C0C0C,0x0C0C0C0C,0x0C0C0C0C,0x0C0C0C0C,0x0C0C0C0C,0x0C0C0C0C,
	0x0C0C0C0C,0x0C0C0C0C,0x0C0C0C0C,0x0C0C0C0C,0x0C0C0C0C,0x0C0C0C0C,0x0C0C0C0C,0x0C0C0C0C,
	0x0C0C0C0C,0x0C0C0C0C,0x0C0C0C0C,0x0C0C0C0C,0x0C0C0C0C,0x0C0C0C0C,0x0C0C0C0C,0x0C0C0C0C,
	0x00000000,0x00000000,0x00000000,0x00000000,0x00000000,0x00000000,0x00000000,0x00000000,
	0x00000000,0x00000000,0x00000000,0x00000000,0x00000000,0x00000000,0x00000000,0x00000000,

	0x00000000,0x00000000,0x00000000,0x00000000,0x00000000,0x00000000,0x00000000,0x00000000,
	0x00000000,0x00000000,0x00000000,0x00000000,0x00000000,0x00000000,0x00000000,0x00000000,
	0x00000000,0x00000000,0x00000000,0x00000000,0x00000000,0x00000000,0x00000000,0x00000000,
	0x00000000,0x00000000,0x00000000,0x00000000,0x00000000,0x00000000,0x00000000,0x00000000,
	0x00000000,0x00000000,0x00000000,0x00000000,0x00000000,0x00000000,0x00000000,0x00000000,
	0x00000000,0x00000000,0x00000000,0x00000000,0x00000000,0x00000000,0x00000000,0x00000000,
	0x00000000,0x00000000,0x00000000,0x00000000,0x00000000,0x00000000,0x00000000,0x00000000,
	0x00000000,0x00000000,0x00000000,0x00000000,0x00000000,0x00000000,0x00000000,0x00000000,

	0x00000000,0x00000000,0x00000000,0x00000000,0x00000000,0x00000000,0x00000000,0x00000000,
	0x00000000,0x00000000,0x00000000,0x00000000,0x00000000,0x00000000,0x00000000,0x00000000,
	0x00000000,0x00000000,0x00000000,0x00000000,0x00000000,0x00000000,0x00000000,0x00000000,
	0x00000000,0x00000000,0x00000000,0x00000000,0x00000000,0x00000000,0x00000000,0x00000000,
	0x00000000,0x00000000,0x00000000,0x00000000,0x00000000,0x00000000,0x00000000,0x00000000,
	0x00000000,0x00000000,0x00000000,0x00000000,0x00000000,0x00000000,0x00000000,0x00000000,
	0x00000000,0x00000000,0x00000000,0x00000000,0x00000000,0x00000000,0x00000000,0x00000000,
	0x00000000,0x00000000,0x00000000,0x00000000,0x00000000,0x00000000,0x00000000,0x00000000,

	0x00000000,0x00000000,0x00000000,0x00000000,0x00000000,0x00000000,0x00000000,0x00000000,
	0x00000000,0x00000000,0x00000000,0x00000000,0x00000000,0x00000000,0x00000000,0x00000000,
	0x2D2D2D0E,0x0B0B0B0B,0x2D2E0E0E,0x0B0B2D2D,0x0E0E0E0C,0x0B2D2D2D,0x0E0E0E2D,0x2D2D2E0E,
	0x0E2D2D0B,0x2D0E0E0C,0x2D0B0B0B,0x0E0E0E2D,0x0B0B0B0B,0x0C0E2D0B,0x0B0B0B0B,0x2D2D0B0B,
	0x0B0B0B0B,0x0B0B0B0B,0x0B0B0B0B,0x0B0B0B0B,0x0B0B0B0B,0x0B0B0B0B,0x0B0B0B2D,0x0B0B0B0B,
	0x0B0B2D2D,0x0B0B0B0B,0x2D2D2D0E,0x0B0B0B0B,0x2D2D0E0E,0x0B0B0B2D,0x0E0C0E0E,0x0B2D2D2D,
	0x300B0B0B,0x0C0C0C30,0x300B0B0B,0x0C0C0C30,0x300B0B0B,0x0C0C0C30,0x300B0B0B,0x0C0C0C30,
	0x300B0B0B,0x0C0C0C30,0x300B0B0B,0x0C0C0C30,0x300B0B0B,0x0C0C0C30,0x300B0B0B,0x0C0C0C30,

	0x300C0C0C,0x0B0B0B30,0x2D0C0C0C,0x0B0B0B2D,0x2D0C0C0C,0x0B0B0B2D,0x2D0C0C0C,0x0B0B0B2D,
	0x2D0C0C0C,0x0B0B0B2D,0x2D0C0C0C,0x0B0B0B2D,0x2D0C0C0C,0x0B0B0B2D,0x2D0C0C0C,0x0B0B0B2D,
	0x0B0B0B0B,0x0B0B0B0B,0x0B0B0B0B,0x0B0B0B0B,0x0B0B0B0B,0x0B0B0B0B,0x0B0B0B0B,0x2A0B0B0B,
	0x0B0B0B0B,0x0C2B2A0B,0x2A0B0B0B,0x0E0E0E2A,0x0E2A0B0B,0x2A2B0C0C,0x0E0E2A2A,0x2D2A2A0E,
	0x0B0B0B0B,0x0C0E0E2A,0x2B2A0B0B,0x2A0E0C0C,0x0E0E2A2A,0x2D2A2A0E,0x2B0C0C0E,0x2A2A2A2A,
	0x2A2A0E0C,0x0B2A2A2A,0x2A2A2D2A,0x0B0B0B2A,0x0B2A2A2A,0x0B0B0B0B,0x0B0B0B2A,0x0B0B0B0B,
	0x00000000,0x00000000,0x00000000,0x00000000,0x00000000,0x00000000,0x00000000,0x00000000,
	0x00000000,0x00000000,0x00000000,0x00000000,0x00000000,0x00000000,0x00000000,0x00000000,

	0x00000000,0x00000000,0x00000000,0x00000000,0x00000000,0x00000000,0x00000000,0x00000000,
	0x00000000,0x00000000,0x00000000,0x00000000,0x00000000,0x00000000,0x00000000,0x00000000,
	0x00000000,0x00000000,0x00000000,0x00000000,0x00000000,0x00000000,0x00000000,0x00000000,
	0x00000000,0x00000000,0x00000000,0x00000000,0x00000000,0x00000000,0x00000000,0x00000000,
	0x00000000,0x00000000,0x00000000,0x00000000,0x00000000,0x00000000,0x00000000,0x00000000,
	0x00000000,0x00000000,0x00000000,0x00000000,0x00000000,0x00000000,0x00000000,0x00000000,
	0x00000000,0x00000000,0x00000000,0x00000000,0x00000000,0x00000000,0x00000000,0x00000000,
	0x00000000,0x00000000,0x00000000,0x00000000,0x00000000,0x00000000,0x00000000,0x00000000,

	0x00000000,0x00000000,0x00000000,0x00000000,0x00000000,0x00000000,0x00000000,0x00000000,
	0x00000000,0x00000000,0x00000000,0x00000000,0x00000000,0x00000000,0x00000000,0x00000000,
	0x00000000,0x00000000,0x00000000,0x00000000,0x00000000,0x00000000,0x00000000,0x00000000,
	0x00000000,0x00000000,0x00000000,0x00000000,0x00000000,0x00000000,0x00000000,0x00000000,
	0x00000000,0x00000000,0x00000000,0x00000000,0x00000000,0x00000000,0x00000000,0x00000000,
	0x00000000,0x00000000,0x00000000,0x00000000,0x00000000,0x00000000,0x00000000,0x00000000,
	0x00000000,0x00000000,0x00000000,0x00000000,0x00000000,0x00000000,0x00000000,0x00000000,
	0x00000000,0x00000000,0x00000000,0x00000000,0x00000000,0x00000000,0x00000000,0x00000000,

	0x00000000,0x00000000,0x00000000,0x00000000,0x00000000,0x00000000,0x00000000,0x00000000,
	0x00000000,0x00000000,0x00000000,0x00000000,0x00000000,0x00000000,0x00000000,0x00000000,
	0x00000000,0x00000000,0x00000000,0x00000000,0x00000000,0x00000000,0x00000000,0x00000000,
	0x00000000,0x00000000,0x00000000,0x00000000,0x00000000,0x00000000,0x00000000,0x00000000,
	0x00000000,0x00000000,0x00000000,0x00000000,0x00000000,0x00000000,0x00000000,0x00000000,
	0x00000000,0x00000000,0x00000000,0x00000000,0x00000000,0x00000000,0x00000000,0x00000000,
	0x00000000,0x00000000,0x00000000,0x00000000,0x00000000,0x00000000,0x00000000,0x00000000,
	0x00000000,0x00000000,0x00000000,0x00000000,0x00000000,0x00000000,0x00000000,0x00000000,

	0x00000000,0x00000000,0x00000000,0x00000000,0x00000000,0x00000000,0x00000000,0x00000000,
	0x00000000,0x00000000,0x00000000,0x00000000,0x00000000,0x00000000,0x00000000,0x00000000,
	0x00000000,0x00000000,0x00000000,0x00000000,0x00000000,0x00000000,0x00000000,0x00000000,
	0x00000000,0x00000000,0x00000000,0x00000000,0x00000000,0x00000000,0x00000000,0x00000000,
	0x00000000,0x00000000,0x00000000,0x00000000,0x00000000,0x00000000,0x00000000,0x00000000,
	0x00000000,0x00000000,0x00000000,0x00000000,0x00000000,0x00000000,0x00000000,0x00000000,
	0x00000000,0x00000000,0x00000000,0x00000000,0x00000000,0x00000000,0x00000000,0x00000000,
	0x00000000,0x00000000,0x00000000,0x00000000,0x00000000,0x00000000,0x00000000,0x00000000,

	0x00000000,0x00000000,0x00000000,0x00000000,0x00000000,0x00000000,0x00000000,0x00000000,
	0x00000000,0x00000000,0x00000000,0x00000000,0x00000000,0x00000000,0x00000000,0x00000000,
	0x00000000,0x00000000,0x00000000,0x00000000,0x00000000,0x00000000,0x00000000,0x00000000,
	0x00000000,0x00000000,0x00000000,0x00000000,0x00000000,0x00000000,0x00000000,0x00000000,
	0x00000000,0x00000000,0x00000000,0x00000000,0x00000000,0x00000000,0x00000000,0x00000000,
	0x00000000,0x00000000,0x00000000,0x00000000,0x00000000,0x00000000,0x00000000,0x00000000,
	0x00000000,0x00000000,0x00000000,0x00000000,0x00000000,0x00000000,0x00000000,0x00000000,
	0x00000000,0x00000000,0x00000000,0x00000000,0x00000000,0x00000000,0x00000000,0x00000000,

	0x00000000,0x00000000,0x00000000,0x00000000,0x00000000,0x00000000,0x00000000,0x00000000,
	0x00000000,0x00000000,0x00000000,0x00000000,0x00000000,0x00000000,0x00000000,0x00000000,
	0x00000000,0x00000000,0x00000000,0x00000000,0x00000000,0x00000000,0x00000000,0x00000000,
	0x00000000,0x00000000,0x00000000,0x00000000,0x00000000,0x00000000,0x00000000,0x00000000,
	0x00000000,0x00000000,0x00000000,0x00000000,0x00000000,0x00000000,0x00000000,0x00000000,
	0x00000000,0x00000000,0x00000000,0x00000000,0x00000000,0x00000000,0x00000000,0x00000000,
	0x00000000,0x00000000,0x00000000,0x00000000,0x00000000,0x00000000,0x00000000,0x00000000,
	0x00000000,0x00000000,0x00000000,0x00000000,0x00000000,0x00000000,0x00000000,0x00000000,

	0x00000000,0x00000000,0x00000000,0x00000000,0x00000000,0x00000000,0x00000000,0x00000000,
	0x00000000,0x00000000,0x00000000,0x00000000,0x00000000,0x00000000,0x00000000,0x00000000,
	0x0B0B0B0B,0x0B0B0B0B,0x0B0B0B0B,0x0B0B0B0B,0x0B0B0B0B,0x0B0B0B0B,0x30303030,0x30303030,
	0x30303030,0x30303030,0x0C0C0C0C,0x0C0C0C0C,0x0C0C0C0C,0x0C0C0C0C,0x0C0C0C0C,0x0C0C0C0C,
	0x0E0E2E2D,0x2D2D2D0E,0x2E2D0B0B,0x2D0E0C0C,0x0B0B0B0B,0x0C0C0E30,0x30303030,0x30303030,
	0x30303030,0x30303030,0x0C0C0C0C,0x0C0C0C0C,0x0C0C0C0C,0x0C0C0C0C,0x0C0C0C0C,0x0C0C0C0C,
	0x300B0B0B,0x0C0C0C30,0x300B2D30,0x0C0C0C30,0x3030302D,0x0C0C0C30,0x30303030,0x0C0C0C30,
	0x30303030,0x0C0C0C30,0x0C0C0C0C,0x0C0C0C0C,0x0C0C0C0C,0x0C0C0C0C,0x0C0C0C0C,0x0C0C0C0C,

	0x2D0C0C0C,0x2A2A0B2D,0x2D0C0C0C,0x0C0E2D2D,0x2D0C0C0C,0x0E0C0C2D,0x2D0C0C0C,0x2D2D2D30,
	0x300C0C0C,0x2D2D2D2D,0x0C0C0C0C,0x0C0C0C0C,0x0C0C0C0C,0x0C0C0C0C,0x0C0C0C0C,0x0C0C0C0C,
	0x2B0C0C0E,0x0B2A2D2D,0x2D2D2B0C,0x0B0B0B2A,0x0B2D2A2D,0x0B0B0B0B,0x2D2D2D2D,0x2D2D2D2D,
	0x2D2D2D2D,0x2D2D2D2D,0x0C0C0C0C,0x0C0C0C0C,0x0C0C0C0C,0x0C0C0C0C,0x0C0C0C0C,0x0C0C0C0C,
	0x0B0B0B0B,0x0B0B0B0B,0x0B0B0B0B,0x0B0B0B0B,0x0B0B0B0B,0x0B0B0B0B,0x2D2D2D2D,0x302D2D2D,
	0x2D2D2D2D,0x302D2D2D,0x0C0C0C0C,0x0C0C0C0C,0x0C0C0C0C,0x0C0C0C0C,0x0C0C0C0C,0x0C0C0C0C,
	0x00000000,0x00000000,0x00000000,0x00000000,0x00000000,0x00000000,0x00000000,0x00000000,
	0x00000000,0x00000000,0x00000000,0x00000000,0x00000000,0x00000000,0x00000000,0x00000000,

	0x00000000,0x00000000,0x00000000,0x00000000,0x00000000,0x00000000,0x00000000,0x00000000,
	0x00000000,0x00000000,0x00000000,0x00000000,0x00000000,0x00000000,0x00000000,0x00000000,
	0x00000000,0x00000000,0x00000000,0x00000000,0x00000000,0x00000000,0x00000000,0x00000000,
	0x00000000,0x00000000,0x00000000,0x00000000,0x00000000,0x00000000,0x00000000,0x00000000,
	0x00000000,0x00000000,0x00000000,0x00000000,0x00000000,0x00000000,0x00000000,0x00000000,
	0x00000000,0x00000000,0x00000000,0x00000000,0x00000000,0x00000000,0x00000000,0x00000000,
	0x00000000,0x00000000,0x00000000,0x00000000,0x00000000,0x00000000,0x00000000,0x00000000,
	0x00000000,0x00000000,0x00000000,0x00000000,0x00000000,0x00000000,0x00000000,0x00000000,

	0x00000000,0x00000000,0x00000000,0x00000000,0x00000000,0x00000000,0x00000000,0x00000000,
	0x00000000,0x00000000,0x00000000,0x00000000,0x00000000,0x00000000,0x00000000,0x00000000,
	0x00000000,0x00000000,0x00000000,0x00000000,0x00000000,0x00000000,0x00000000,0x00000000,
	0x00000000,0x00000000,0x00000000,0x00000000,0x00000000,0x00000000,0x00000000,0x00000000,
	0x00000000,0x00000000,0x00000000,0x00000000,0x00000000,0x00000000,0x00000000,0x00000000,
	0x00000000,0x00000000,0x00000000,0x00000000,0x00000000,0x00000000,0x00000000,0x00000000,
	0x00000000,0x00000000,0x00000000,0x00000000,0x00000000,0x00000000,0x00000000,0x00000000,
	0x00000000,0x00000000,0x00000000,0x00000000,0x00000000,0x00000000,0x00000000,0x00000000,

	0x00000000,0x00000000,0x00000000,0x00000000,0x00000000,0x00000000,0x00000000,0x00000000,
	0x00000000,0x00000000,0x00000000,0x00000000,0x00000000,0x00000000,0x00000000,0x00000000,
	0x00000000,0x00000000,0x00000000,0x00000000,0x00000000,0x00000000,0x00000000,0x00000000,
	0x00000000,0x00000000,0x00000000,0x00000000,0x00000000,0x00000000,0x00000000,0x00000000,
	0x00000000,0x00000000,0x00000000,0x00000000,0x00000000,0x00000000,0x00000000,0x00000000,
	0x00000000,0x00000000,0x00000000,0x00000000,0x00000000,0x00000000,0x00000000,0x00000000,
	0x00000000,0x00000000,0x00000000,0x00000000,0x00000000,0x00000000,0x00000000,0x00000000,
	0x00000000,0x00000000,0x00000000,0x00000000,0x00000000,0x00000000,0x00000000,0x00000000,

	0x00000000,0x00000000,0x00000000,0x00000000,0x00000000,0x00000000,0x00000000,0x00000000,
	0x00000000,0x00000000,0x00000000,0x00000000,0x00000000,0x00000000,0x00000000,0x00000000,
	0x00000000,0x00000000,0x00000000,0x00000000,0x00000000,0x00000000,0x00000000,0x00000000,
	0x00000000,0x00000000,0x00000000,0x00000000,0x00000000,0x00000000,0x00000000,0x00000000,
	0x00000000,0x00000000,0x00000000,0x00000000,0x00000000,0x00000000,0x00000000,0x00000000,
	0x00000000,0x00000000,0x00000000,0x00000000,0x00000000,0x00000000,0x00000000,0x00000000,
	0x00000000,0x00000000,0x00000000,0x00000000,0x00000000,0x00000000,0x00000000,0x00000000,
	0x00000000,0x00000000,0x00000000,0x00000000,0x00000000,0x00000000,0x00000000,0x00000000,

	0x00000000,0x00000000,0x00000000,0x00000000,0x00000000,0x00000000,0x00000000,0x00000000,
	0x00000000,0x00000000,0x00000000,0x00000000,0x00000000,0x00000000,0x00000000,0x00000000,
	0x00000000,0x00000000,0x00000000,0x00000000,0x00000000,0x00000000,0x00000000,0x00000000,
	0x00000000,0x00000000,0x00000000,0x00000000,0x00000000,0x00000000,0x00000000,0x00000000,
	0x00000000,0x00000000,0x00000000,0x00000000,0x00000000,0x00000000,0x00000000,0x00000000,
	0x00000000,0x00000000,0x00000000,0x00000000,0x00000000,0x00000000,0x00000000,0x00000000,
	0x00000000,0x00000000,0x00000000,0x00000000,0x00000000,0x00000000,0x00000000,0x00000000,
	0x00000000,0x00000000,0x00000000,0x00000000,0x00000000,0x00000000,0x00000000,0x00000000,

	0x00000000,0x00000000,0x00000000,0x00000000,0x00000000,0x00000000,0x00000000,0x00000000,
	0x00000000,0x00000000,0x00000000,0x00000000,0x00000000,0x00000000,0x00000000,0x00000000,
	0x00000000,0x00000000,0x00000000,0x00000000,0x00000000,0x00000000,0x00000000,0x00000000,
	0x00000000,0x00000000,0x00000000,0x00000000,0x00000000,0x00000000,0x00000000,0x00000000,
	0x00000000,0x00000000,0x00000000,0x00000000,0x00000000,0x00000000,0x00000000,0x00000000,
	0x00000000,0x00000000,0x00000000,0x00000000,0x00000000,0x00000000,0x00000000,0x00000000,
	0x00000000,0x00000000,0x00000000,0x00000000,0x00000000,0x00000000,0x00000000,0x00000000,
	0x00000000,0x00000000,0x00000000,0x00000000,0x00000000,0x00000000,0x00000000,0x00000000,

	0x00000000,0x00000000,0x00000000,0x00000000,0x00000000,0x00000000,0x00000000,0x00000000,
	0x00000000,0x00000000,0x00000000,0x00000000,0x00000000,0x00000000,0x00000000,0x00000000,
	0x0C0C0C0C,0x0C0C0C0C,0x0C0C0C0C,0x0C0C0C0C,0x0C0C0C0C,0x0C0C0C0C,0x30303030,0x30303030,
	0x2D2D2D30,0x2D2D2D2D,0x0B0B0B0B,0x0B0B0B0B,0x0B0B0B0B,0x0B0B0B0B,0x0B0B0B0B,0x0B0B0B0B,
	0x0C0C0C0C,0x0C0C0C0C,0x0C0C0C0C,0x0C0C0C0C,0x0C0C0C0C,0x0C0C0C0C,0x30303030,0x30303030,
	0x2D2D2D2D,0x2D2D2D2D,0x0B0B0B0B,0x2D2A2A0B,0x2A0B0B0B,0x0C2B2A2A,0x2A2A2A0B,0x0E0E0E2A,
	0x0C0C0C0C,0x0C0C0C0C,0x0C0C0C0C,0x0C0C0C0C,0x0C0C0C0C,0x0C0C0C0C,0x30303030,0x0C0C0C30,
	0x30302D2D,0x0C0C0C30,0x2D0C0C0C,0x0C0C0C30,0x2D2D0E0C,0x0C0C0C30,0x2D0B2A2A,0x0C0C0C30,

	0x0C0C0C0C,0x0C0C0C0C,0x0C0C0C0C,0x0C0C0C0C,0x0C0C0C0C,0x0C0C0C0C,0x300C0C0C,0x2D2D2D2D,
	0x2D0C0C0C,0x2D2D2D30,0x2D0C0C0C,0x2A2A2D2D,0x2D0C0C0C,0x2A2A0B2D,0x2D0C0C0C,0x0B0B0B2D,
	0x0C0C0C0C,0x0C0C0C0C,0x0C0C0C0C,0x0C0C0C0C,0x0C0C0C0C,0x0C0C0C0C,0x2D2D2D2D,0x2D2D2D2D,
	0x2D2D2D2D,0x2D2D2D2D,0x2D0E0C0C,0x0B0B0B0B,0x0C0C0E2A,0x0B0B2A2B,0x0E2D2D2A,0x2A2B0E0E,
	0x0C0C0C0C,0x0C0C0C0C,0x0C0C0C0C,0x0C0C0C0C,0x0C0C0C0C,0x0C0C0C0C,0x2D2D2D2D,0x302D2D2D,
	0x2D2D2D2D,0x302D2D2D,0x0B0B0B0B,0x0B0B0B0B,0x0B0B0B0B,0x0B0B0B0B,0x0B0B0B0B,0x0B0B0B0B,
	0x00000000,0x00000000,0x00000000,0x00000000,0x00000000,0x00000000,0x00000000,0x00000000,
	0x00000000,0x00000000,0x00000000,0x00000000,0x00000000,0x00000000,0x00000000,0x00000000,

	0x00000000,0x00000000,0x00000000,0x00000000,0x00000000,0x00000000,0x00000000,0x00000000,
	0x00000000,0x00000000,0x00000000,0x00000000,0x00000000,0x00000000,0x00000000,0x00000000,
	0x00000000,0x00000000,0x00000000,0x00000000,0x00000000,0x00000000,0x00000000,0x00000000,
	0x00000000,0x00000000,0x00000000,0x00000000,0x00000000,0x00000000,0x00000000,0x00000000,
	0x00000000,0x00000000,0x00000000,0x00000000,0x00000000,0x00000000,0x00000000,0x00000000,
	0x00000000,0x00000000,0x00000000,0x00000000,0x00000000,0x00000000,0x00000000,0x00000000,
	0x00000000,0x00000000,0x00000000,0x00000000,0x00000000,0x00000000,0x00000000,0x00000000,
	0x00000000,0x00000000,0x00000000,0x00000000,0x00000000,0x00000000,0x00000000,0x00000000,

	0x00000000,0x00000000,0x00000000,0x00000000,0x00000000,0x00000000,0x00000000,0x00000000,
	0x00000000,0x00000000,0x00000000,0x00000000,0x00000000,0x00000000,0x00000000,0x00000000,
	0x00000000,0x00000000,0x00000000,0x00000000,0x00000000,0x00000000,0x00000000,0x00000000,
	0x00000000,0x00000000,0x00000000,0x00000000,0x00000000,0x00000000,0x00000000,0x00000000,
	0x00000000,0x00000000,0x00000000,0x00000000,0x00000000,0x00000000,0x00000000,0x00000000,
	0x00000000,0x00000000,0x00000000,0x00000000,0x00000000,0x00000000,0x00000000,0x00000000,
	0x00000000,0x00000000,0x00000000,0x00000000,0x00000000,0x00000000,0x00000000,0x00000000,
	0x00000000,0x00000000,0x00000000,0x00000000,0x00000000,0x00000000,0x00000000,0x00000000,

	0x00000000,0x00000000,0x00000000,0x00000000,0x00000000,0x00000000,0x00000000,0x00000000,
	0x00000000,0x00000000,0x00000000,0x00000000,0x00000000,0x00000000,0x00000000,0x00000000,
	0x00000000,0x00000000,0x00000000,0x00000000,0x00000000,0x00000000,0x00000000,0x00000000,
	0x00000000,0x00000000,0x00000000,0x00000000,0x00000000,0x00000000,0x00000000,0x00000000,
	0x00000000,0x00000000,0x00000000,0x00000000,0x00000000,0x00000000,0x00000000,0x00000000,
	0x00000000,0x00000000,0x00000000,0x00000000,0x00000000,0x00000000,0x00000000,0x00000000,
	0x00000000,0x00000000,0x00000000,0x00000000,0x00000000,0x00000000,0x00000000,0x00000000,
	0x00000000,0x00000000,0x00000000,0x00000000,0x00000000,0x00000000,0x00000000,0x00000000,

	0x00000000,0x00000000,0x00000000,0x00000000,0x00000000,0x00000000,0x00000000,0x00000000,
	0x00000000,0x00000000,0x00000000,0x00000000,0x00000000,0x00000000,0x00000000,0x00000000,
	0x00000000,0x00000000,0x00000000,0x00000000,0x00000000,0x00000000,0x00000000,0x00000000,
	0x00000000,0x00000000,0x00000000,0x00000000,0x00000000,0x00000000,0x00000000,0x00000000,
	0x00000000,0x00000000,0x00000000,0x00000000,0x00000000,0x00000000,0x00000000,0x00000000,
	0x00000000,0x00000000,0x00000000,0x00000000,0x00000000,0x00000000,0x00000000,0x00000000,
	0x00000000,0x00000000,0x00000000,0x00000000,0x00000000,0x00000000,0x00000000,0x00000000,
	0x00000000,0x00000000,0x00000000,0x00000000,0x00000000,0x00000000,0x00000000,0x00000000,

	0x00000000,0x00000000,0x00000000,0x00000000,0x00000000,0x00000000,0x00000000,0x00000000,
	0x00000000,0x00000000,0x00000000,0x00000000,0x00000000,0x00000000,0x00000000,0x00000000,
	0x00000000,0x00000000,0x00000000,0x00000000,0x00000000,0x00000000,0x00000000,0x00000000,
	0x00000000,0x00000000,0x00000000,0x00000000,0x00000000,0x00000000,0x00000000,0x00000000,
	0x00000000,0x00000000,0x00000000,0x00000000,0x00000000,0x00000000,0x00000000,0x00000000,
	0x00000000,0x00000000,0x00000000,0x00000000,0x00000000,0x00000000,0x00000000,0x00000000,
	0x00000000,0x00000000,0x00000000,0x00000000,0x00000000,0x00000000,0x00000000,0x00000000,
	0x00000000,0x00000000,0x00000000,0x00000000,0x00000000,0x00000000,0x00000000,0x00000000,

	0x00000000,0x00000000,0x00000000,0x00000000,0x00000000,0x00000000,0x00000000,0x00000000,
	0x00000000,0x00000000,0x00000000,0x00000000,0x00000000,0x00000000,0x00000000,0x00000000,
	0x00000000,0x00000000,0x00000000,0x00000000,0x00000000,0x00000000,0x00000000,0x00000000,
	0x00000000,0x00000000,0x00000000,0x00000000,0x00000000,0x00000000,0x00000000,0x00000000,
	0x00000000,0x00000000,0x00000000,0x00000000,0x00000000,0x00000000,0x00000000,0x00000000,
	0x00000000,0x00000000,0x00000000,0x00000000,0x00000000,0x00000000,0x00000000,0x00000000,
	0x00000000,0x00000000,0x00000000,0x00000000,0x00000000,0x00000000,0x00000000,0x00000000,
	0x00000000,0x00000000,0x00000000,0x00000000,0x00000000,0x00000000,0x00000000,0x00000000,

	0x00000000,0x00000000,0x00000000,0x00000000,0x00000000,0x00000000,0x00000000,0x00000000,
	0x00000000,0x00000000,0x00000000,0x00000000,0x00000000,0x00000000,0x00000000,0x00000000,
	0x0B0B0B0B,0x2A0B0B0B,0x0B0B0B0B,0x2A2A2A0B,0x2A0B0B0B,0x2A2D2A2A,0x2A2A2A0B,0x0C0E2A2A,
	0x2A2A2A2D,0x0E0E0E2A,0x0E2A2A2A,0x2A2B0C0C,0x0C0C0E2D,0x0B0B2A2B,0x2A0C0E0E,0x0B0B0B0B,
	0x0E2A2D2A,0x2A2B0C0C,0x0C0C2B2D,0x0B0B2A0E,0x2A0E0E0E,0x0B0B0B2A,0x0B2A2B0C,0x0B0B0B0B,
	0x0B0B0B2A,0x0B0B0B0B,0x0B0B0B0B,0x0B0B0B0B,0x0B0B0B0B,0x0B0B0B0B,0x0B0B0B0B,0x0B0B0B0B,
	0x2D0B0B0B,0x0C0C0C30,0x2D0B0B0B,0x0C0C0C30,0x2D0B0B0B,0x0C0C0C30,0x2D0B0B0B,0x0C0C0C30,
	0x2D0B0B0B,0x0C0C0C30,0x2D0B0B0B,0x0C0C0C30,0x2D0B0B0B,0x0C0C0C30,0x2D0B0B0B,0x0C0C0C30,

	0x2D0C0C0C,0x0B0B0B2D,0x2D0C0C0C,0x0B0B0B2D,0x2D0C0C0C,0x0B0B0B2D,0x2D0C0C0C,0x0B0B0B2D,
	0x2D0C0C0C,0x0B0B0B2D,0x2D0C0C0C,0x0B0B0B2D,0x300C0C0C,0x0B0B0B30,0x2D0C0C0C,0x0B0B0B2D,
	0x2A2A2A0B,0x0E0E0C0E,0x2A0B0B0B,0x0E0E2A2A,0x0B0B0B0B,0x0E2A2A2A,0x0B0B0B0B,0x2A2A0B0B,
	0x0B0B0B0B,0x2A0B0B0B,0x0B0B0B0B,0x0B0B0B0B,0x0B0B0B0B,0x0B0B0B0B,0x0B0B0B0B,0x0B0B0B0B,
	0x0B0B0B2A,0x0B0B0B0B,0x0B2A2B0E,0x0B0B0B0B,0x2A0E0E0C,0x0B0B0B2A,0x0C0E0E2A,0x0B2A2A0E,
	0x0E0E2A2A,0x2A0E0E0E,0x2A2A2A0B,0x0C0E0E0E,0x2A2A0B0B,0x0E0E0E2A,0x0B0B0B0B,0x0E2A2A2A,
	0x00000000,0x00000000,0x00000000,0x00000000,0x00000000,0x00000000,0x00000000,0x00000000,
	0x00000000,0x00000000,0x00000000,0x00000000,0x00000000,0x00000000,0x00000000,0x00000000,

	0x00000000,0x00000000,0x00000000,0x00000000,0x00000000,0x00000000,0x00000000,0x00000000,
	0x00000000,0x00000000,0x00000000,0x00000000,0x00000000,0x00000000,0x00000000,0x00000000,
	0x00000000,0x00000000,0x00000000,0x00000000,0x00000000,0x00000000,0x00000000,0x00000000,
	0x00000000,0x00000000,0x00000000,0x00000000,0x00000000,0x00000000,0x00000000,0x00000000,
	0x00000000,0x00000000,0x00000000,0x00000000,0x00000000,0x00000000,0x00000000,0x00000000,
	0x00000000,0x00000000,0x00000000,0x00000000,0x00000000,0x00000000,0x00000000,0x00000000,
	0x00000000,0x00000000,0x00000000,0x00000000,0x00000000,0x00000000,0x00000000,0x00000000,
	0x00000000,0x00000000,0x00000000,0x00000000,0x00000000,0x00000000,0x00000000,0x00000000,

	0x00000000,0x00000000,0x00000000,0x00000000,0x00000000,0x00000000,0x00000000,0x00000000,
	0x00000000,0x00000000,0x00000000,0x00000000,0x00000000,0x00000000,0x00000000,0x00000000,
	0x00000000,0x00000000,0x00000000,0x00000000,0x00000000,0x00000000,0x00000000,0x00000000,
	0x00000000,0x00000000,0x00000000,0x00000000,0x00000000,0x00000000,0x00000000,0x00000000,
	0x00000000,0x00000000,0x00000000,0x00000000,0x00000000,0x00000000,0x00000000,0x00000000,
	0x00000000,0x00000000,0x00000000,0x00000000,0x00000000,0x00000000,0x00000000,0x00000000,
	0x00000000,0x00000000,0x00000000,0x00000000,0x00000000,0x00000000,0x00000000,0x00000000,
	0x00000000,0x00000000,0x00000000,0x00000000,0x00000000,0x00000000,0x00000000,0x00000000,

	0x00000000,0x00000000,0x00000000,0x00000000,0x00000000,0x00000000,0x00000000,0x00000000,
	0x00000000,0x00000000,0x00000000,0x00000000,0x00000000,0x00000000,0x00000000,0x00000000,
	0x00000000,0x00000000,0x00000000,0x00000000,0x00000000,0x00000000,0x00000000,0x00000000,
	0x00000000,0x00000000,0x00000000,0x00000000,0x00000000,0x00000000,0x00000000,0x00000000,
	0x00000000,0x00000000,0x00000000,0x00000000,0x00000000,0x00000000,0x00000000,0x00000000,
	0x00000000,0x00000000,0x00000000,0x00000000,0x00000000,0x00000000,0x00000000,0x00000000,
	0x00000000,0x00000000,0x00000000,0x00000000,0x00000000,0x00000000,0x00000000,0x00000000,
	0x00000000,0x00000000,0x00000000,0x00000000,0x00000000,0x00000000,0x00000000,0x00000000,

	0x00000000,0x00000000,0x00000000,0x00000000,0x00000000,0x00000000,0x00000000,0x00000000,
	0x00000000,0x00000000,0x00000000,0x00000000,0x00000000,0x00000000,0x00000000,0x00000000,
	0x00000000,0x00000000,0x00000000,0x00000000,0x00000000,0x00000000,0x00000000,0x00000000,
	0x00000000,0x00000000,0x00000000,0x00000000,0x00000000,0x00000000,0x00000000,0x00000000,
	0x00000000,0x00000000,0x00000000,0x00000000,0x00000000,0x00000000,0x00000000,0x00000000,
	0x00000000,0x00000000,0x00000000,0x00000000,0x00000000,0x00000000,0x00000000,0x00000000,
	0x00000000,0x00000000,0x00000000,0x00000000,0x00000000,0x00000000,0x00000000,0x00000000,
	0x00000000,0x00000000,0x00000000,0x00000000,0x00000000,0x00000000,0x00000000,0x00000000,

	0x00000000,0x00000000,0x00000000,0x00000000,0x00000000,0x00000000,0x00000000,0x00000000,
	0x00000000,0x00000000,0x00000000,0x00000000,0x00000000,0x00000000,0x00000000,0x00000000,
	0x00000000,0x00000000,0x00000000,0x00000000,0x00000000,0x00000000,0x00000000,0x00000000,
	0x00000000,0x00000000,0x00000000,0x00000000,0x00000000,0x00000000,0x00000000,0x00000000,
	0x00000000,0x00000000,0x00000000,0x00000000,0x00000000,0x00000000,0x00000000,0x00000000,
	0x00000000,0x00000000,0x00000000,0x00000000,0x00000000,0x00000000,0x00000000,0x00000000,
	0x00000000,0x00000000,0x00000000,0x00000000,0x00000000,0x00000000,0x00000000,0x00000000,
	0x00000000,0x00000000,0x00000000,0x00000000,0x00000000,0x00000000,0x00000000,0x00000000,

	0x00000000,0x00000000,0x00000000,0x00000000,0x00000000,0x00000000,0x00000000,0x00000000,
	0x00000000,0x00000000,0x00000000,0x00000000,0x00000000,0x00000000,0x00000000,0x00000000,
	0x00000000,0x00000000,0x00000000,0x00000000,0x00000000,0x00000000,0x00000000,0x00000000,
	0x00000000,0x00000000,0x00000000,0x00000000,0x00000000,0x00000000,0x00000000,0x00000000,
	0x00000000,0x00000000,0x00000000,0x00000000,0x00000000,0x00000000,0x00000000,0x00000000,
	0x00000000,0x00000000,0x00000000,0x00000000,0x00000000,0x00000000,0x00000000,0x00000000,
	0x00000000,0x00000000,0x00000000,0x00000000,0x00000000,0x00000000,0x00000000,0x00000000,
	0x00000000,0x00000000,0x00000000,0x00000000,0x00000000,0x00000000,0x00000000,0x00000000,

	0x00000000,0x00000000,0x00000000,0x00000000,0x00000000,0x00000000,0x00000000,0x00000000,
	0x00000000,0x00000000,0x00000000,0x00000000,0x00000000,0x00000000,0x00000000,0x00000000,
	0x16161617,0x16161616,0x17171717,0x17171717,0x17171717,0x17171717,0x17171717,0x17171717,
	0x17171717,0x17171717,0x17171717,0x17171717,0x17171717,0x17171717,0x17171717,0x17171717,
	0x16161616,0x16161616,0x17171717,0x17171717,0x17171717,0x17171717,0x17171717,0x17171717,
	0x17171717,0x17171717,0x17171717,0x17171717,0x17171717,0x17171717,0x17171717,0x17171717,
	0x30303030,0x30303030,0x30303030,0x30303030,0x30303030,0x30303030,0x30303030,0x30303030,
	0x30303030,0x30303030,0x30303030,0x30303030,0x30303030,0x30303030,0x30303030,0x30303030,

	0x30303030,0x30303030,0x30303030,0x30303030,0x30303030,0x30303030,0x30303030,0x30303030,
	0x30303030,0x30303030,0x30303030,0x30303030,0x30303030,0x30303030,0x30303030,0x30303030,
	0x1F1F1F1F,0x1F1F1F1F,0x1F1F1F1F,0x1F1F1F1F,0x1F1F1F1F,0x1F1F1F1F,0x1F1F1F1F,0x1F1F1F1F,
	0x1F1F1F1F,0x1F1F1F1F,0x1F1F1F1F,0x1F1F1F1F,0x1F1F1F1F,0x1F1F1F1F,0x1F1F1F1F,0x1F1F1F1F,
	0x1F1F1F1F,0x1F1F1F1F,0x1F1F1F1F,0x1F1F1F1F,0x1F1F1F1F,0x1F1F1F1F,0x1F1F1F1F,0x1F1F1F1F,
	0x1F1F1F1F,0x1F1F1F1F,0x1F1F1F1F,0x1F1F1F1F,0x1F1F1F1F,0x1F1F1F1F,0x1F1F1F1F,0x1F1F1F1F,
	0x00000000,0x00000000,0x00000000,0x00000000,0x00000000,0x00000000,0x00000000,0x00000000,
	0x00000000,0x00000000,0x00000000,0x00000000,0x00000000,0x00000000,0x00000000,0x00000000,

	0x00000000,0x00000000,0x00000000,0x00000000,0x00000000,0x00000000,0x00000000,0x00000000,
	0x00000000,0x00000000,0x00000000,0x00000000,0x00000000,0x00000000,0x00000000,0x00000000,
	0x00000000,0x00000000,0x00000000,0x00000000,0x00000000,0x00000000,0x00000000,0x00000000,
	0x00000000,0x00000000,0x00000000,0x00000000,0x00000000,0x00000000,0x00000000,0x00000000,
	0x00000000,0x00000000,0x00000000,0x00000000,0x00000000,0x00000000,0x00000000,0x00000000,
	0x00000000,0x00000000,0x00000000,0x00000000,0x00000000,0x00000000,0x00000000,0x00000000,
	0x00000000,0x00000000,0x00000000,0x00000000,0x00000000,0x00000000,0x00000000,0x00000000,
	0x00000000,0x00000000,0x00000000,0x00000000,0x00000000,0x00000000,0x00000000,0x00000000,

	0x00000000,0x00000000,0x00000000,0x00000000,0x00000000,0x00000000,0x00000000,0x00000000,
	0x00000000,0x00000000,0x00000000,0x00000000,0x00000000,0x00000000,0x00000000,0x00000000,
	0x00000000,0x00000000,0x00000000,0x00000000,0x00000000,0x00000000,0x00000000,0x00000000,
	0x00000000,0x00000000,0x00000000,0x00000000,0x00000000,0x00000000,0x00000000,0x00000000,
	0x00000000,0x00000000,0x00000000,0x00000000,0x00000000,0x00000000,0x00000000,0x00000000,
	0x00000000,0x00000000,0x00000000,0x00000000,0x00000000,0x00000000,0x00000000,0x00000000,
	0x00000000,0x00000000,0x00000000,0x00000000,0x00000000,0x00000000,0x00000000,0x00000000,
	0x00000000,0x00000000,0x00000000,0x00000000,0x00000000,0x00000000,0x00000000,0x00000000,

	0x00000000,0x00000000,0x00000000,0x00000000,0x00000000,0x00000000,0x00000000,0x00000000,
	0x00000000,0x00000000,0x00000000,0x00000000,0x00000000,0x00000000,0x00000000,0x00000000,
	0x00000000,0x00000000,0x00000000,0x00000000,0x00000000,0x00000000,0x00000000,0x00000000,
	0x00000000,0x00000000,0x00000000,0x00000000,0x00000000,0x00000000,0x00000000,0x00000000,
	0x00000000,0x00000000,0x00000000,0x00000000,0x00000000,0x00000000,0x00000000,0x00000000,
	0x00000000,0x00000000,0x00000000,0x00000000,0x00000000,0x00000000,0x00000000,0x00000000,
	0x00000000,0x00000000,0x00000000,0x00000000,0x00000000,0x00000000,0x00000000,0x00000000,
	0x00000000,0x00000000,0x00000000,0x00000000,0x00000000,0x00000000,0x00000000,0x00000000,

	0x00000000,0x00000000,0x00000000,0x00000000,0x00000000,0x00000000,0x00000000,0x00000000,
	0x00000000,0x00000000,0x00000000,0x00000000,0x00000000,0x00000000,0x00000000,0x00000000,
	0x00000000,0x00000000,0x00000000,0x00000000,0x00000000,0x00000000,0x00000000,0x00000000,
	0x00000000,0x00000000,0x00000000,0x00000000,0x00000000,0x00000000,0x00000000,0x00000000,
	0x00000000,0x00000000,0x00000000,0x00000000,0x00000000,0x00000000,0x00000000,0x00000000,
	0x00000000,0x00000000,0x00000000,0x00000000,0x00000000,0x00000000,0x00000000,0x00000000,
	0x00000000,0x00000000,0x00000000,0x00000000,0x00000000,0x00000000,0x00000000,0x00000000,
	0x00000000,0x00000000,0x00000000,0x00000000,0x00000000,0x00000000,0x00000000,0x00000000,

	0x00000000,0x00000000,0x00000000,0x00000000,0x00000000,0x00000000,0x00000000,0x00000000,
	0x00000000,0x00000000,0x00000000,0x00000000,0x00000000,0x00000000,0x00000000,0x00000000,
	0x00000000,0x00000000,0x00000000,0x00000000,0x00000000,0x00000000,0x00000000,0x00000000,
	0x00000000,0x00000000,0x00000000,0x00000000,0x00000000,0x00000000,0x00000000,0x00000000,
	0x00000000,0x00000000,0x00000000,0x00000000,0x00000000,0x00000000,0x00000000,0x00000000,
	0x00000000,0x00000000,0x00000000,0x00000000,0x00000000,0x00000000,0x00000000,0x00000000,
	0x00000000,0x00000000,0x00000000,0x00000000,0x00000000,0x00000000,0x00000000,0x00000000,
	0x00000000,0x00000000,0x00000000,0x00000000,0x00000000,0x00000000,0x00000000,0x00000000,

	0x00000000,0x00000000,0x00000000,0x00000000,0x00000000,0x00000000,0x00000000,0x00000000,
	0x00000000,0x00000000,0x00000000,0x00000000,0x00000000,0x00000000,0x00000000,0x00000000,
	0x00000000,0x00000000,0x00000000,0x00000000,0x00000000,0x00000000,0x00000000,0x00000000,
	0x00000000,0x00000000,0x00000000,0x00000000,0x00000000,0x00000000,0x00000000,0x00000000,
	0x00000000,0x00000000,0x00000000,0x00000000,0x00000000,0x00000000,0x00000000,0x00000000,
	0x00000000,0x00000000,0x00000000,0x00000000,0x00000000,0x00000000,0x00000000,0x00000000,
	0x00000000,0x00000000,0x00000000,0x00000000,0x00000000,0x00000000,0x00000000,0x00000000,
	0x00000000,0x00000000,0x00000000,0x00000000,0x00000000,0x00000000,0x00000000,0x00000000,

	0x00000000,0x00000000,0x00000000,0x00000000,0x00000000,0x00000000,0x00000000,0x00000000,
	0x00000000,0x00000000,0x00000000,0x00000000,0x00000000,0x00000000,0x00000000,0x00000000,
	0x17171717,0x17171717,0x17171717,0x17171717,0x17171717,0x17171717,0x17171717,0x17171717,
	0x17171717,0x17171717,0x17171717,0x17171717,0x17171717,0x17171717,0x17171717,0x17171717,
	0x17171717,0x17171717,0x17171717,0x17171717,0x17171717,0x17171717,0x17171717,0x17171717,
	0x17171717,0x17171717,0x17171717,0x17171717,0x17171717,0x17171717,0x17171717,0x17171717,
	0x30303030,0x30303030,0x30303030,0x30303030,0x30303030,0x30303030,0x30303030,0x30303030,
	0x30303030,0x30303030,0x30303030,0x30303030,0x30303030,0x30303030,0x30303030,0x30303030,

	0x30303030,0x30303030,0x30303030,0x30303030,0x30303030,0x30303030,0x30303030,0x30303030,
	0x30303030,0x30303030,0x30303030,0x30303030,0x30303030,0x30303030,0x30303030,0x30303030,
	0x1F1F1F1F,0x1F1F1F1F,0x1F1F1F1F,0x1F1F1F1F,0x1F1F1F1F,0x1F1F1F1F,0x1F1F1F1F,0x1F1F1F1F,
	0x1F1F1F1F,0x1F1F1F1F,0x1F1F1F1F,0x1F1F1F1F,0x1F1F1F1F,0x1F1F1F1F,0x1F1F1F1F,0x1F1F1F1F,
	0x1F1F1F1F,0x1F1F1F1F,0x1F1F1F1F,0x1F1F1F1F,0x1F1F1F1F,0x1F1F1F1F,0x1F1F1F1F,0x1F1F1F1F,
	0x1F1F1F1F,0x1F1F1F1F,0x1F1F1F1F,0x1F1F1F1F,0x1F1F1F1F,0x1F1F1F1F,0x1F1F1F1F,0x1F1F1F1F,
	0x00000000,0x00000000,0x00000000,0x00000000,0x00000000,0x00000000,0x00000000,0x00000000,
	0x00000000,0x00000000,0x00000000,0x00000000,0x00000000,0x00000000,0x00000000,0x00000000,

	0x00000000,0x00000000,0x00000000,0x00000000,0x00000000,0x00000000,0x00000000,0x00000000,
	0x00000000,0x00000000,0x00000000,0x00000000,0x00000000,0x00000000,0x00000000,0x00000000,
	0x00000000,0x00000000,0x00000000,0x00000000,0x00000000,0x00000000,0x00000000,0x00000000,
	0x00000000,0x00000000,0x00000000,0x00000000,0x00000000,0x00000000,0x00000000,0x00000000,
	0x00000000,0x00000000,0x00000000,0x00000000,0x00000000,0x00000000,0x00000000,0x00000000,
	0x00000000,0x00000000,0x00000000,0x00000000,0x00000000,0x00000000,0x00000000,0x00000000,
	0x00000000,0x00000000,0x00000000,0x00000000,0x00000000,0x00000000,0x00000000,0x00000000,
	0x00000000,0x00000000,0x00000000,0x00000000,0x00000000,0x00000000,0x00000000,0x00000000,

	0x00000000,0x00000000,0x00000000,0x00000000,0x00000000,0x00000000,0x00000000,0x00000000,
	0x00000000,0x00000000,0x00000000,0x00000000,0x00000000,0x00000000,0x00000000,0x00000000,
	0x00000000,0x00000000,0x00000000,0x00000000,0x00000000,0x00000000,0x00000000,0x00000000,
	0x00000000,0x00000000,0x00000000,0x00000000,0x00000000,0x00000000,0x00000000,0x00000000,
	0x00000000,0x00000000,0x00000000,0x00000000,0x00000000,0x00000000,0x00000000,0x00000000,
	0x00000000,0x00000000,0x00000000,0x00000000,0x00000000,0x00000000,0x00000000,0x00000000,
	0x00000000,0x00000000,0x00000000,0x00000000,0x00000000,0x00000000,0x00000000,0x00000000,
	0x00000000,0x00000000,0x00000000,0x00000000,0x00000000,0x00000000,0x00000000,0x00000000,

	0x00000000,0x00000000,0x00000000,0x00000000,0x00000000,0x00000000,0x00000000,0x00000000,
	0x00000000,0x00000000,0x00000000,0x00000000,0x00000000,0x00000000,0x00000000,0x00000000,
	0x00000000,0x00000000,0x00000000,0x00000000,0x00000000,0x00000000,0x00000000,0x00000000,
	0x00000000,0x00000000,0x00000000,0x00000000,0x00000000,0x00000000,0x00000000,0x00000000,
	0x00000000,0x00000000,0x00000000,0x00000000,0x00000000,0x00000000,0x00000000,0x00000000,
	0x00000000,0x00000000,0x00000000,0x00000000,0x00000000,0x00000000,0x00000000,0x00000000,
	0x00000000,0x00000000,0x00000000,0x00000000,0x00000000,0x00000000,0x00000000,0x00000000,
	0x00000000,0x00000000,0x00000000,0x00000000,0x00000000,0x00000000,0x00000000,0x00000000,

	0x00000000,0x00000000,0x00000000,0x00000000,0x00000000,0x00000000,0x00000000,0x00000000,
	0x00000000,0x00000000,0x00000000,0x00000000,0x00000000,0x00000000,0x00000000,0x00000000,
	0x00000000,0x00000000,0x00000000,0x00000000,0x00000000,0x00000000,0x00000000,0x00000000,
	0x00000000,0x00000000,0x00000000,0x00000000,0x00000000,0x00000000,0x00000000,0x00000000,
	0x00000000,0x00000000,0x00000000,0x00000000,0x00000000,0x00000000,0x00000000,0x00000000,
	0x00000000,0x00000000,0x00000000,0x00000000,0x00000000,0x00000000,0x00000000,0x00000000,
	0x00000000,0x00000000,0x00000000,0x00000000,0x00000000,0x00000000,0x00000000,0x00000000,
	0x00000000,0x00000000,0x00000000,0x00000000,0x00000000,0x00000000,0x00000000,0x00000000,

	0x00000000,0x00000000,0x00000000,0x00000000,0x00000000,0x00000000,0x00000000,0x00000000,
	0x00000000,0x00000000,0x00000000,0x00000000,0x00000000,0x00000000,0x00000000,0x00000000,
	0x00000000,0x00000000,0x00000000,0x00000000,0x00000000,0x00000000,0x00000000,0x00000000,
	0x00000000,0x00000000,0x00000000,0x00000000,0x00000000,0x00000000,0x00000000,0x00000000,
	0x00000000,0x00000000,0x00000000,0x00000000,0x00000000,0x00000000,0x00000000,0x00000000,
	0x00000000,0x00000000,0x00000000,0x00000000,0x00000000,0x00000000,0x00000000,0x00000000,
	0x00000000,0x00000000,0x00000000,0x00000000,0x00000000,0x00000000,0x00000000,0x00000000,
	0x00000000,0x00000000,0x00000000,0x00000000,0x00000000,0x00000000,0x00000000,0x00000000,

	0x00000000,0x00000000,0x00000000,0x00000000,0x00000000,0x00000000,0x00000000,0x00000000,
	0x00000000,0x00000000,0x00000000,0x00000000,0x00000000,0x00000000,0x00000000,0x00000000,
	0x00000000,0x00000000,0x00000000,0x00000000,0x00000000,0x00000000,0x00000000,0x00000000,
	0x00000000,0x00000000,0x00000000,0x00000000,0x00000000,0x00000000,0x00000000,0x00000000,
	0x00000000,0x00000000,0x00000000,0x00000000,0x00000000,0x00000000,0x00000000,0x00000000,
	0x00000000,0x00000000,0x00000000,0x00000000,0x00000000,0x00000000,0x00000000,0x00000000,
	0x00000000,0x00000000,0x00000000,0x00000000,0x00000000,0x00000000,0x00000000,0x00000000,
	0x00000000,0x00000000,0x00000000,0x00000000,0x00000000,0x00000000,0x00000000,0x00000000,

	0x00000000,0x00000000,0x00000000,0x00000000,0x00000000,0x00000000,0x00000000,0x00000000,
	0x00000000,0x00000000,0x00000000,0x00000000,0x00000000,0x00000000,0x00000000,0x00000000,
	0x17171717,0x17171717,0x17171717,0x17171717,0x17171717,0x17171717,0x17171717,0x17171717,
	0x17171717,0x17171717,0x17171717,0x17171717,0x17171717,0x17171717,0x17171717,0x17171717,
	0x17171717,0x17171717,0x17171717,0x17171717,0x17171717,0x17171717,0x17171717,0x17171717,
	0x17171717,0x17171717,0x17171717,0x17171717,0x17171717,0x17171717,0x17171717,0x17171717,
	0x30303030,0x30303030,0x30303030,0x30303030,0x30303030,0x30303030,0x30303030,0x30303030,
	0x30303030,0x30303030,0x30303030,0x30303030,0x30303030,0x30303030,0x30303030,0x30303030,

	0x30303030,0x30303030,0x30303030,0x30303030,0x30303030,0x30303030,0x30303030,0x30303030,
	0x30303030,0x30303030,0x30303030,0x30303030,0x30303030,0x30303030,0x30303030,0x30303030,
	0x1F1F1F1F,0x1F1F1F1F,0x1F1F1F1F,0x1F1F1F1F,0x1F1F1F1F,0x1F1F1F1F,0x1F1F1F1F,0x1F1F1F1F,
	0x1F1F1F1F,0x1F1F1F1F,0x1F1F1F1F,0x1F1F1F1F,0x1F1F1F1F,0x1F1F1F1F,0x1F1F1F1F,0x1F1F1F1F,
	0x1F1F1F1F,0x1F1F1F1F,0x1F1F1F1F,0x1F1F1F1F,0x1F1F1F1F,0x1F1F1F1F,0x1F1F1F1F,0x1F1F1F1F,
	0x1F1F1F1F,0x1F1F1F1F,0x1F1F1F1F,0x1F1F1F1F,0x1F1F1F1F,0x1F1F1F1F,0x1F1F1F1F,0x1F1F1F1F,
	0x00000000,0x00000000,0x00000000,0x00000000,0x00000000,0x00000000,0x00000000,0x00000000,
	0x00000000,0x00000000,0x00000000,0x00000000,0x00000000,0x00000000,0x00000000,0x00000000,

	0x00000000,0x00000000,0x00000000,0x00000000,0x00000000,0x00000000,0x00000000,0x00000000,
	0x00000000,0x00000000,0x00000000,0x00000000,0x00000000,0x00000000,0x00000000,0x00000000,
	0x00000000,0x00000000,0x00000000,0x00000000,0x00000000,0x00000000,0x00000000,0x00000000,
	0x00000000,0x00000000,0x00000000,0x00000000,0x00000000,0x00000000,0x00000000,0x00000000,
	0x00000000,0x00000000,0x00000000,0x00000000,0x00000000,0x00000000,0x00000000,0x00000000,
	0x00000000,0x00000000,0x00000000,0x00000000,0x00000000,0x00000000,0x00000000,0x00000000,
	0x00000000,0x00000000,0x00000000,0x00000000,0x00000000,0x00000000,0x00000000,0x00000000,
	0x00000000,0x00000000,0x00000000,0x00000000,0x00000000,0x00000000,0x00000000,0x00000000,

	0x00000000,0x00000000,0x00000000,0x00000000,0x00000000,0x00000000,0x00000000,0x00000000,
	0x00000000,0x00000000,0x00000000,0x00000000,0x00000000,0x00000000,0x00000000,0x00000000,
	0x00000000,0x00000000,0x00000000,0x00000000,0x00000000,0x00000000,0x00000000,0x00000000,
	0x00000000,0x00000000,0x00000000,0x00000000,0x00000000,0x00000000,0x00000000,0x00000000,
	0x00000000,0x00000000,0x00000000,0x00000000,0x00000000,0x00000000,0x00000000,0x00000000,
	0x00000000,0x00000000,0x00000000,0x00000000,0x00000000,0x00000000,0x00000000,0x00000000,
	0x00000000,0x00000000,0x00000000,0x00000000,0x00000000,0x00000000,0x00000000,0x00000000,
	0x00000000,0x00000000,0x00000000,0x00000000,0x00000000,0x00000000,0x00000000,0x00000000,

	0x00000000,0x00000000,0x00000000,0x00000000,0x00000000,0x00000000,0x00000000,0x00000000,
	0x00000000,0x00000000,0x00000000,0x00000000,0x00000000,0x00000000,0x00000000,0x00000000,
	0x00000000,0x00000000,0x00000000,0x00000000,0x00000000,0x00000000,0x00000000,0x00000000,
	0x00000000,0x00000000,0x00000000,0x00000000,0x00000000,0x00000000,0x00000000,0x00000000,
	0x00000000,0x00000000,0x00000000,0x00000000,0x00000000,0x00000000,0x00000000,0x00000000,
	0x00000000,0x00000000,0x00000000,0x00000000,0x00000000,0x00000000,0x00000000,0x00000000,
	0x00000000,0x00000000,0x00000000,0x00000000,0x00000000,0x00000000,0x00000000,0x00000000,
	0x00000000,0x00000000,0x00000000,0x00000000,0x00000000,0x00000000,0x00000000,0x00000000,

	0x00000000,0x00000000,0x00000000,0x00000000,0x00000000,0x00000000,0x00000000,0x00000000,
	0x00000000,0x00000000,0x00000000,0x00000000,0x00000000,0x00000000,0x00000000,0x00000000,
	0x00000000,0x00000000,0x00000000,0x00000000,0x00000000,0x00000000,0x00000000,0x00000000,
	0x00000000,0x00000000,0x00000000,0x00000000,0x00000000,0x00000000,0x00000000,0x00000000,
	0x00000000,0x00000000,0x00000000,0x00000000,0x00000000,0x00000000,0x00000000,0x00000000,
	0x00000000,0x00000000,0x00000000,0x00000000,0x00000000,0x00000000,0x00000000,0x00000000,
	0x00000000,0x00000000,0x00000000,0x00000000,0x00000000,0x00000000,0x00000000,0x00000000,
	0x00000000,0x00000000,0x00000000,0x00000000,0x00000000,0x00000000,0x00000000,0x00000000,

	0x00000000,0x00000000,0x00000000,0x00000000,0x00000000,0x00000000,0x00000000,0x00000000,
	0x00000000,0x00000000,0x00000000,0x00000000,0x00000000,0x00000000,0x00000000,0x00000000,
	0x00000000,0x00000000,0x00000000,0x00000000,0x00000000,0x00000000,0x00000000,0x00000000,
	0x00000000,0x00000000,0x00000000,0x00000000,0x00000000,0x00000000,0x00000000,0x00000000,
	0x00000000,0x00000000,0x00000000,0x00000000,0x00000000,0x00000000,0x00000000,0x00000000,
	0x00000000,0x00000000,0x00000000,0x00000000,0x00000000,0x00000000,0x00000000,0x00000000,
	0x00000000,0x00000000,0x00000000,0x00000000,0x00000000,0x00000000,0x00000000,0x00000000,
	0x00000000,0x00000000,0x00000000,0x00000000,0x00000000,0x00000000,0x00000000,0x00000000,

	0x00000000,0x00000000,0x00000000,0x00000000,0x00000000,0x00000000,0x00000000,0x00000000,
	0x00000000,0x00000000,0x00000000,0x00000000,0x00000000,0x00000000,0x00000000,0x00000000,
	0x00000000,0x00000000,0x00000000,0x00000000,0x00000000,0x00000000,0x00000000,0x00000000,
	0x00000000,0x00000000,0x00000000,0x00000000,0x00000000,0x00000000,0x00000000,0x00000000,
	0x00000000,0x00000000,0x00000000,0x00000000,0x00000000,0x00000000,0x00000000,0x00000000,
	0x00000000,0x00000000,0x00000000,0x00000000,0x00000000,0x00000000,0x00000000,0x00000000,
	0x00000000,0x00000000,0x00000000,0x00000000,0x00000000,0x00000000,0x00000000,0x00000000,
	0x00000000,0x00000000,0x00000000,0x00000000,0x00000000,0x00000000,0x00000000,0x00000000,

	0x00000000,0x00000000,0x00000000,0x00000000,0x00000000,0x00000000,0x00000000,0x00000000,
	0x00000000,0x00000000,0x00000000,0x00000000,0x00000000,0x00000000,0x00000000,0x00000000,
	0x17171717,0x17171717,0x17171717,0x17171717,0x17171717,0x17171717,0x17171717,0x17171717,
	0x17171717,0x17171717,0x17171717,0x17171717,0x17171717,0x17171717,0x17171717,0x17171717,
	0x17171717,0x17171717,0x17171717,0x17171717,0x17171717,0x17171717,0x17171717,0x17171717,
	0x17171717,0x17171717,0x17171717,0x17171717,0x17171717,0x17171717,0x17171717,0x17171717,
	0x30303030,0x30303030,0x30303030,0x30303030,0x30303030,0x30303030,0x30303030,0x30303030,
	0x30303030,0x30303030,0x30303030,0x30303030,0x30303030,0x30303030,0x30303030,0x30303030,

	0x30303030,0x30303030,0x30303030,0x30303030,0x30303030,0x30303030,0x30303030,0x30303030,
	0x30303030,0x30303030,0x30303030,0x30303030,0x30303030,0x30303030,0x30303030,0x30303030,
	0x1F1F1F1F,0x1F1F1F1F,0x1F1F1F1F,0x1F1F1F1F,0x1F1F1F1F,0x1F1F1F1F,0x1F1F1F1F,0x1F1F1F1F,
	0x1F1F1F1F,0x1F1F1F1F,0x1F1F1F1F,0x1F1F1F1F,0x1F1F1F1F,0x1F1F1F1F,0x1F1F1F1F,0x1F1F1F1F,
	0x1F1F1F1F,0x1F1F1F1F,0x1F1F1F1F,0x1F1F1F1F,0x1F1F1F1F,0x1F1F1F1F,0x1F1F1F1F,0x1F1F1F1F,
	0x1F1F1F1F,0x1F1F1F1F,0x1F1F1F1F,0x1F1F1F1F,0x1F1F1F1F,0x1F1F1F1F,0x1F1F1F1F,0x1F1F1F1F,
	0x00000000,0x00000000,0x00000000,0x00000000,0x00000000,0x00000000,0x00000000,0x00000000,
	0x00000000,0x00000000,0x00000000,0x00000000,0x00000000,0x00000000,0x00000000,0x00000000,

	0x00000000,0x00000000,0x00000000,0x00000000,0x00000000,0x00000000,0x00000000,0x00000000,
	0x00000000,0x00000000,0x00000000,0x00000000,0x00000000,0x00000000,0x00000000,0x00000000,
	0x00000000,0x00000000,0x00000000,0x00000000,0x00000000,0x00000000,0x00000000,0x00000000,
	0x00000000,0x00000000,0x00000000,0x00000000,0x00000000,0x00000000,0x00000000,0x00000000,
	0x00000000,0x00000000,0x00000000,0x00000000,0x00000000,0x00000000,0x00000000,0x00000000,
	0x00000000,0x00000000,0x00000000,0x00000000,0x00000000,0x00000000,0x00000000,0x00000000,
	0x00000000,0x00000000,0x00000000,0x00000000,0x00000000,0x00000000,0x00000000,0x00000000,
	0x00000000,0x00000000,0x00000000,0x00000000,0x00000000,0x00000000,0x00000000,0x00000000,

	0x00000000,0x00000000,0x00000000,0x00000000,0x00000000,0x00000000,0x00000000,0x00000000,
	0x00000000,0x00000000,0x00000000,0x00000000,0x00000000,0x00000000,0x00000000,0x00000000,
	0x00000000,0x00000000,0x00000000,0x00000000,0x00000000,0x00000000,0x00000000,0x00000000,
	0x00000000,0x00000000,0x00000000,0x00000000,0x00000000,0x00000000,0x00000000,0x00000000,
	0x00000000,0x00000000,0x00000000,0x00000000,0x00000000,0x00000000,0x00000000,0x00000000,
	0x00000000,0x00000000,0x00000000,0x00000000,0x00000000,0x00000000,0x00000000,0x00000000,
	0x00000000,0x00000000,0x00000000,0x00000000,0x00000000,0x00000000,0x00000000,0x00000000,
	0x00000000,0x00000000,0x00000000,0x00000000,0x00000000,0x00000000,0x00000000,0x00000000,

	0x00000000,0x00000000,0x00000000,0x00000000,0x00000000,0x00000000,0x00000000,0x00000000,
	0x00000000,0x00000000,0x00000000,0x00000000,0x00000000,0x00000000,0x00000000,0x00000000,
	0x00000000,0x00000000,0x00000000,0x00000000,0x00000000,0x00000000,0x00000000,0x00000000,
	0x00000000,0x00000000,0x00000000,0x00000000,0x00000000,0x00000000,0x00000000,0x00000000,
	0x00000000,0x00000000,0x00000000,0x00000000,0x00000000,0x00000000,0x00000000,0x00000000,
	0x00000000,0x00000000,0x00000000,0x00000000,0x00000000,0x00000000,0x00000000,0x00000000,
	0x00000000,0x00000000,0x00000000,0x00000000,0x00000000,0x00000000,0x00000000,0x00000000,
	0x00000000,0x00000000,0x00000000,0x00000000,0x00000000,0x00000000,0x00000000,0x00000000,

	0x00000000,0x00000000,0x00000000,0x00000000,0x00000000,0x00000000,0x00000000,0x00000000,
	0x00000000,0x00000000,0x00000000,0x00000000,0x00000000,0x00000000,0x00000000,0x00000000,
	0x00000000,0x00000000,0x00000000,0x00000000,0x00000000,0x00000000,0x00000000,0x00000000,
	0x00000000,0x00000000,0x00000000,0x00000000,0x00000000,0x00000000,0x00000000,0x00000000,
	0x00000000,0x00000000,0x00000000,0x00000000,0x00000000,0x00000000,0x00000000,0x00000000,
	0x00000000,0x00000000,0x00000000,0x00000000,0x00000000,0x00000000,0x00000000,0x00000000,
	0x00000000,0x00000000,0x00000000,0x00000000,0x00000000,0x00000000,0x00000000,0x00000000,
	0x00000000,0x00000000,0x00000000,0x00000000,0x00000000,0x00000000,0x00000000,0x00000000,

	0x00000000,0x00000000,0x00000000,0x00000000,0x00000000,0x00000000,0x00000000,0x00000000,
	0x00000000,0x00000000,0x00000000,0x00000000,0x00000000,0x00000000,0x00000000,0x00000000,
	0x00000000,0x00000000,0x00000000,0x00000000,0x00000000,0x00000000,0x00000000,0x00000000,
	0x00000000,0x00000000,0x00000000,0x00000000,0x00000000,0x00000000,0x00000000,0x00000000,
	0x00000000,0x00000000,0x00000000,0x00000000,0x00000000,0x00000000,0x00000000,0x00000000,
	0x00000000,0x00000000,0x00000000,0x00000000,0x00000000,0x00000000,0x00000000,0x00000000,
	0x00000000,0x00000000,0x00000000,0x00000000,0x00000000,0x00000000,0x00000000,0x00000000,
	0x00000000,0x00000000,0x00000000,0x00000000,0x00000000,0x00000000,0x00000000,0x00000000,

	0x00000000,0x00000000,0x00000000,0x00000000,0x00000000,0x00000000,0x00000000,0x00000000,
	0x00000000,0x00000000,0x00000000,0x00000000,0x00000000,0x00000000,0x00000000,0x00000000,
	0x00000000,0x00000000,0x00000000,0x00000000,0x00000000,0x00000000,0x00000000,0x00000000,
	0x00000000,0x00000000,0x00000000,0x00000000,0x00000000,0x00000000,0x00000000,0x00000000,
	0x00000000,0x00000000,0x00000000,0x00000000,0x00000000,0x00000000,0x00000000,0x00000000,
	0x00000000,0x00000000,0x00000000,0x00000000,0x00000000,0x00000000,0x00000000,0x00000000,
	0x00000000,0x00000000,0x00000000,0x00000000,0x00000000,0x00000000,0x00000000,0x00000000,
	0x00000000,0x00000000,0x00000000,0x00000000,0x00000000,0x00000000,0x00000000,0x00000000,

	0x00000000,0x00000000,0x00000000,0x00000000,0x00000000,0x00000000,0x00000000,0x00000000,
	0x00000000,0x00000000,0x00000000,0x00000000,0x00000000,0x00000000,0x00000000,0x00000000,
	0x00000000,0x00000000,0x00000000,0x00000000,0x00000000,0x00000000,0x00000000,0x00000000,
	0x00000000,0x00000000,0x00000000,0x00000000,0x00000000,0x00000000,0x00000000,0x00000000,
	0x00000000,0x00000000,0x00000000,0x00000000,0x00000000,0x00000000,0x00000000,0x00000000,
	0x00000000,0x00000000,0x00000000,0x00000000,0x00000000,0x00000000,0x00000000,0x00000000,
	0x00000000,0x00000000,0x00000000,0x00000000,0x00000000,0x00000000,0x00000000,0x00000000,
	0x00000000,0x00000000,0x00000000,0x00000000,0x00000000,0x00000000,0x00000000,0x00000000,

	0x00000000,0x00000000,0x00000000,0x00000000,0x00000000,0x00000000,0x00000000,0x00000000,
	0x00000000,0x00000000,0x00000000,0x00000000,0x00000000,0x00000000,0x00000000,0x00000000,
	0x00000000,0x00000000,0x00000000,0x00000000,0x00000000,0x00000000,0x00000000,0x00000000,
	0x00000000,0x00000000,0x00000000,0x00000000,0x00000000,0x00000000,0x00000000,0x00000000,
	0x00000000,0x00000000,0x00000000,0x00000000,0x00000000,0x00000000,0x00000000,0x00000000,
	0x00000000,0x00000000,0x00000000,0x00000000,0x00000000,0x00000000,0x00000000,0x00000000,
	0x00000000,0x00000000,0x00000000,0x00000000,0x00000000,0x00000000,0x00000000,0x00000000,
	0x00000000,0x00000000,0x00000000,0x00000000,0x00000000,0x00000000,0x00000000,0x00000000,

	0x00000000,0x00000000,0x00000000,0x00000000,0x00000000,0x00000000,0x00000000,0x00000000,
	0x00000000,0x00000000,0x00000000,0x00000000,0x00000000,0x00000000,0x00000000,0x00000000,
	0x00000000,0x00000000,0x00000000,0x00000000,0x00000000,0x00000000,0x00000000,0x00000000,
	0x00000000,0x00000000,0x00000000,0x00000000,0x00000000,0x00000000,0x00000000,0x00000000,
	0x00000000,0x00000000,0x00000000,0x00000000,0x00000000,0x00000000,0x00000000,0x00000000,
	0x00000000,0x00000000,0x00000000,0x00000000,0x00000000,0x00000000,0x00000000,0x00000000,
	0x00000000,0x00000000,0x00000000,0x00000000,0x00000000,0x00000000,0x00000000,0x00000000,
	0x00000000,0x00000000,0x00000000,0x00000000,0x00000000,0x00000000,0x00000000,0x00000000,

	0x00000000,0x00000000,0x00000000,0x00000000,0x00000000,0x00000000,0x00000000,0x00000000,
	0x00000000,0x00000000,0x00000000,0x00000000,0x00000000,0x00000000,0x00000000,0x00000000,
	0x00000000,0x00000000,0x00000000,0x00000000,0x00000000,0x00000000,0x00000000,0x00000000,
	0x00000000,0x00000000,0x00000000,0x00000000,0x00000000,0x00000000,0x00000000,0x00000000,
	0x00000000,0x00000000,0x00000000,0x00000000,0x00000000,0x00000000,0x00000000,0x00000000,
	0x00000000,0x00000000,0x00000000,0x00000000,0x00000000,0x00000000,0x00000000,0x00000000,
	0x00000000,0x00000000,0x00000000,0x00000000,0x00000000,0x00000000,0x00000000,0x00000000,
	0x00000000,0x00000000,0x00000000,0x00000000,0x00000000,0x00000000,0x00000000,0x00000000,

	0x00000000,0x00000000,0x00000000,0x00000000,0x00000000,0x00000000,0x00000000,0x00000000,
	0x00000000,0x00000000,0x00000000,0x00000000,0x00000000,0x00000000,0x00000000,0x00000000,
	0x0C0C0C0C,0x0C0C0C0C,0x0C0C0C0C,0x0C0C0C0C,0x0C0C0C0C,0x0C0C0C0C,0x0C0C0C0C,0x0C0C0C0C,
	0x0C0C0C0C,0x0C0C0C0C,0x0C0C0C0C,0x0C0C0C0C,0x0C0C0C0C,0x0C0C0C0C,0x0C0C0C0C,0x0C0C0C0C,
	0x0C0C0C0C,0x0C0C0C0C,0x0C0C0C0C,0x0C0C0C0C,0x0C0C0C0C,0x0C0C0C0C,0x0C0C0C0C,0x0C0C0C0C,
	0x0C0C0C0C,0x0C0C0C0C,0x0C0C0C0C,0x0C0C0C0C,0x0C0C0C0C,0x0C0C0C0C,0x0C0C0C0C,0x2E0C0C0C,
	0x0C0C0C0C,0x0C0C0C0C,0x0C0C0C0C,0x0C0C0C0C,0x0C0C0C0C,0x0C0C0C0C,0x0C0C0C0C,0x0C0C0C0C,
	0x0C0C0C0C,0x0C0C0C0C,0x0C0C0C0C,0x0C0C0C0C,0x0C0C0C0C,0x0C0C0C0C,0x2E2E2E2E,0x0C0C0C0C,

	0x0C0C0C0C,0x0C0C0C0C,0x0C0C0C0C,0x0C0C0C0C,0x0C0C0C0C,0x0C0C0C0C,0x0C0C0C0C,0x0C0C0C0C,
	0x0C0C0C0C,0x0C0C0C0C,0x0C0C0C0C,0x0C0C0C0C,0x0C0C0C0C,0x0C0C0C0C,0x0C0C0C0C,0x0C0C0C0C,
	0x0C0C0C0C,0x0C0C0C0C,0x0C0C0C0C,0x0C0C0C0C,0x0C0C0C0C,0x0C0C0C0C,0x0C0C0C0C,0x0C0C0C0C,
	0x0C0C0C0C,0x0C0C0C0C,0x0C0C0C0C,0x0C0C0C0C,0x0C0C0C0C,0x0C0C0C0C,0x0C0C0C0C,0x0C0C0C0C,
	0x0C0C0C0C,0x0C0C0C0C,0x0C0C0C0C,0x0C0C0C0C,0x0C0C0C0C,0x0C0C0C0C,0x0C0C0C0C,0x0C0C0C0C,
	0x0C0C0C0C,0x0C0C0C0C,0x0C0C0C0C,0x0C0C0C0C,0x0C0C0C0C,0x0C0C0C0C,0x0C0C0C0C,0x0C0C0C0C,
	0x00000000,0x00000000,0x00000000,0x00000000,0x00000000,0x00000000,0x00000000,0x00000000,
	0x00000000,0x00000000,0x00000000,0x00000000,0x00000000,0x00000000,0x00000000,0x00000000,

	0x00000000,0x00000000,0x00000000,0x00000000,0x00000000,0x00000000,0x00000000,0x00000000,
	0x00000000,0x00000000,0x00000000,0x00000000,0x00000000,0x00000000,0x00000000,0x00000000,
	0x00000000,0x00000000,0x00000000,0x00000000,0x00000000,0x00000000,0x00000000,0x00000000,
	0x00000000,0x00000000,0x00000000,0x00000000,0x00000000,0x00000000,0x00000000,0x00000000,
	0x00000000,0x00000000,0x00000000,0x00000000,0x00000000,0x00000000,0x00000000,0x00000000,
	0x00000000,0x00000000,0x00000000,0x00000000,0x00000000,0x00000000,0x00000000,0x00000000,
	0x00000000,0x00000000,0x00000000,0x00000000,0x00000000,0x00000000,0x00000000,0x00000000,
	0x00000000,0x00000000,0x00000000,0x00000000,0x00000000,0x00000000,0x00000000,0x00000000,

	0x00000000,0x00000000,0x00000000,0x00000000,0x00000000,0x00000000,0x00000000,0x00000000,
	0x00000000,0x00000000,0x00000000,0x00000000,0x00000000,0x00000000,0x00000000,0x00000000,
	0x00000000,0x00000000,0x00000000,0x00000000,0x00000000,0x00000000,0x00000000,0x00000000,
	0x00000000,0x00000000,0x00000000,0x00000000,0x00000000,0x00000000,0x00000000,0x00000000,
	0x00000000,0x00000000,0x00000000,0x00000000,0x00000000,0x00000000,0x00000000,0x00000000,
	0x00000000,0x00000000,0x00000000,0x00000000,0x00000000,0x00000000,0x00000000,0x00000000,
	0x00000000,0x00000000,0x00000000,0x00000000,0x00000000,0x00000000,0x00000000,0x00000000,
	0x00000000,0x00000000,0x00000000,0x00000000,0x00000000,0x00000000,0x00000000,0x00000000,

	0x00000000,0x00000000,0x00000000,0x00000000,0x00000000,0x00000000,0x00000000,0x00000000,
	0x00000000,0x00000000,0x00000000,0x00000000,0x00000000,0x00000000,0x00000000,0x00000000,
	0x00000000,0x00000000,0x00000000,0x00000000,0x00000000,0x00000000,0x00000000,0x00000000,
	0x00000000,0x00000000,0x00000000,0x00000000,0x00000000,0x00000000,0x00000000,0x00000000,
	0x00000000,0x00000000,0x00000000,0x00000000,0x00000000,0x00000000,0x00000000,0x00000000,
	0x00000000,0x00000000,0x00000000,0x00000000,0x00000000,0x00000000,0x00000000,0x00000000,
	0x00000000,0x00000000,0x00000000,0x00000000,0x00000000,0x00000000,0x00000000,0x00000000,
	0x00000000,0x00000000,0x00000000,0x00000000,0x00000000,0x00000000,0x00000000,0x00000000,

	0x00000000,0x00000000,0x00000000,0x00000000,0x00000000,0x00000000,0x00000000,0x00000000,
	0x00000000,0x00000000,0x00000000,0x00000000,0x00000000,0x00000000,0x00000000,0x00000000,
	0x00000000,0x00000000,0x00000000,0x00000000,0x00000000,0x00000000,0x00000000,0x00000000,
	0x00000000,0x00000000,0x00000000,0x00000000,0x00000000,0x00000000,0x00000000,0x00000000,
	0x00000000,0x00000000,0x00000000,0x00000000,0x00000000,0x00000000,0x00000000,0x00000000,
	0x00000000,0x00000000,0x00000000,0x00000000,0x00000000,0x00000000,0x00000000,0x00000000,
	0x00000000,0x00000000,0x00000000,0x00000000,0x00000000,0x00000000,0x00000000,0x00000000,
	0x00000000,0x00000000,0x00000000,0x00000000,0x00000000,0x00000000,0x00000000,0x00000000,

	0x00000000,0x00000000,0x00000000,0x00000000,0x00000000,0x00000000,0x00000000,0x00000000,
	0x00000000,0x00000000,0x00000000,0x00000000,0x00000000,0x00000000,0x00000000,0x00000000,
	0x00000000,0x00000000,0x00000000,0x00000000,0x00000000,0x00000000,0x00000000,0x00000000,
	0x00000000,0x00000000,0x00000000,0x00000000,0x00000000,0x00000000,0x00000000,0x00000000,
	0x00000000,0x00000000,0x00000000,0x00000000,0x00000000,0x00000000,0x00000000,0x00000000,
	0x00000000,0x00000000,0x00000000,0x00000000,0x00000000,0x00000000,0x00000000,0x00000000,
	0x00000000,0x00000000,0x00000000,0x00000000,0x00000000,0x00000000,0x00000000,0x00000000,
	0x00000000,0x00000000,0x00000000,0x00000000,0x00000000,0x00000000,0x00000000,0x00000000,

	0x00000000,0x00000000,0x00000000,0x00000000,0x00000000,0x00000000,0x00000000,0x00000000,
	0x00000000,0x00000000,0x00000000,0x00000000,0x00000000,0x00000000,0x00000000,0x00000000,
	0x00000000,0x00000000,0x00000000,0x00000000,0x00000000,0x00000000,0x00000000,0x00000000,
	0x00000000,0x00000000,0x00000000,0x00000000,0x00000000,0x00000000,0x00000000,0x00000000,
	0x00000000,0x00000000,0x00000000,0x00000000,0x00000000,0x00000000,0x00000000,0x00000000,
	0x00000000,0x00000000,0x00000000,0x00000000,0x00000000,0x00000000,0x00000000,0x00000000,
	0x00000000,0x00000000,0x00000000,0x00000000,0x00000000,0x00000000,0x00000000,0x00000000,
	0x00000000,0x00000000,0x00000000,0x00000000,0x00000000,0x00000000,0x00000000,0x00000000,

	0x00000000,0x00000000,0x00000000,0x00000000,0x00000000,0x00000000,0x00000000,0x00000000,
	0x00000000,0x00000000,0x00000000,0x00000000,0x00000000,0x00000000,0x00000000,0x00000000,
	0x0C0C0C0C,0x0C0C0C0C,0x0C0C0C0C,0x0C0C0C0C,0x0C0C0C0C,0x0C0C0C0C,0x0C0C0C0C,0x0C0C0C0C,
	0x0C0C0C0C,0x0C0C0C0C,0x0C0C0C0C,0x0C0C0C0C,0x0C0C0C0C,0x0C0C0C0C,0x0C0C0C0C,0x0C0C0C0C,
	0x0C0C0C0C,0x2E2E2E0C,0x2E0C0C0C,0x2E2E2E2E,0x2E2E0C0C,0x2E2E2E2E,0x2E2E0C0C,0x2E2E2E2E,
	0x2E2E2E0C,0x0C2E2E2E,0x2E2E2E0C,0x0C0C2E2E,0x2E2E2E2E,0x0C0C2E2E,0x2E2E2E2E,0x0C0C2E2E,
	0x2E2E2E2E,0x0C0C2E2E,0x2E2E2E2E,0x2E2E2E2E,0x0C0C0C2E,0x0C0C0C0C,0x0C0C0C0C,0x0C0C0C0C,
	0x0C0C0C0C,0x0C0C0C0C,0x0C0C0C0C,0x0C0C0C0C,0x0C0C0C0C,0x0C0C0C0C,0x0C0C0C0C,0x0C0C0C0C,

	0x0C0C0C0C,0x0C0C0C0C,0x0C0C0C0C,0x0C0C0C0C,0x0C0C0C2E,0x0C0C0C0C,0x0C0C0C0C,0x0C0C0C0C,
	0x2C0C0C0C,0x0C0C0C0C,0x2E0C0C0C,0x0C0C0C2C,0x2E0C0C0C,0x302E2E2E,0x302E2E2E,0x0C0C2E2E,
	0x0C0C0C0C,0x0C0C0C0C,0x0C0C0C0C,0x0C0C0C0C,0x0C0C0C0C,0x0C0C0C0C,0x0C0C0C0C,0x0C0C0C0C,
	0x0C0C0C0C,0x0C0C0C0C,0x0C0C0C0C,0x0C0C0C0C,0x0C0C0C0C,0x0C0C0C0C,0x0C0C0C0C,0x0C0C0C0C,
	0x0C0C0C0C,0x0C0C0C0C,0x0C0C0C0C,0x0C0C0C0C,0x0C0C0C0C,0x0C0C0C0C,0x0C0C0C0C,0x0C0C0C0C,
	0x0C0C0C0C,0x0C0C0C0C,0x0C0C0C0C,0x0C0C0C0C,0x0C0C0C0C,0x0C0C0C0C,0x0C0C0C0C,0x0C0C0C0C,
	0x00000000,0x00000000,0x00000000,0x00000000,0x00000000,0x00000000,0x00000000,0x00000000,
	0x00000000,0x00000000,0x00000000,0x00000000,0x00000000,0x00000000,0x00000000,0x00000000,

	0x00000000,0x00000000,0x00000000,0x00000000,0x00000000,0x00000000,0x00000000,0x00000000,
	0x00000000,0x00000000,0x00000000,0x00000000,0x00000000,0x00000000,0x00000000,0x00000000,
	0x00000000,0x00000000,0x00000000,0x00000000,0x00000000,0x00000000,0x00000000,0x00000000,
	0x00000000,0x00000000,0x00000000,0x00000000,0x00000000,0x00000000,0x00000000,0x00000000,
	0x00000000,0x00000000,0x00000000,0x00000000,0x00000000,0x00000000,0x00000000,0x00000000,
	0x00000000,0x00000000,0x00000000,0x00000000,0x00000000,0x00000000,0x00000000,0x00000000,
	0x00000000,0x00000000,0x00000000,0x00000000,0x00000000,0x00000000,0x00000000,0x00000000,
	0x00000000,0x00000000,0x00000000,0x00000000,0x00000000,0x00000000,0x00000000,0x00000000,

	0x00000000,0x00000000,0x00000000,0x00000000,0x00000000,0x00000000,0x00000000,0x00000000,
	0x00000000,0x00000000,0x00000000,0x00000000,0x00000000,0x00000000,0x00000000,0x00000000,
	0x00000000,0x00000000,0x00000000,0x00000000,0x00000000,0x00000000,0x00000000,0x00000000,
	0x00000000,0x00000000,0x00000000,0x00000000,0x00000000,0x00000000,0x00000000,0x00000000,
	0x00000000,0x00000000,0x00000000,0x00000000,0x00000000,0x00000000,0x00000000,0x00000000,
	0x00000000,0x00000000,0x00000000,0x00000000,0x00000000,0x00000000,0x00000000,0x00000000,
	0x00000000,0x00000000,0x00000000,0x00000000,0x00000000,0x00000000,0x00000000,0x00000000,
	0x00000000,0x00000000,0x00000000,0x00000000,0x00000000,0x00000000,0x00000000,0x00000000,

	0x00000000,0x00000000,0x00000000,0x00000000,0x00000000,0x00000000,0x00000000,0x00000000,
	0x00000000,0x00000000,0x00000000,0x00000000,0x00000000,0x00000000,0x00000000,0x00000000,
	0x00000000,0x00000000,0x00000000,0x00000000,0x00000000,0x00000000,0x00000000,0x00000000,
	0x00000000,0x00000000,0x00000000,0x00000000,0x00000000,0x00000000,0x00000000,0x00000000,
	0x00000000,0x00000000,0x00000000,0x00000000,0x00000000,0x00000000,0x00000000,0x00000000,
	0x00000000,0x00000000,0x00000000,0x00000000,0x00000000,0x00000000,0x00000000,0x00000000,
	0x00000000,0x00000000,0x00000000,0x00000000,0x00000000,0x00000000,0x00000000,0x00000000,
	0x00000000,0x00000000,0x00000000,0x00000000,0x00000000,0x00000000,0x00000000,0x00000000,

	0x00000000,0x00000000,0x00000000,0x00000000,0x00000000,0x00000000,0x00000000,0x00000000,
	0x00000000,0x00000000,0x00000000,0x00000000,0x00000000,0x00000000,0x00000000,0x00000000,
	0x00000000,0x00000000,0x00000000,0x00000000,0x00000000,0x00000000,0x00000000,0x00000000,
	0x00000000,0x00000000,0x00000000,0x00000000,0x00000000,0x00000000,0x00000000,0x00000000,
	0x00000000,0x00000000,0x00000000,0x00000000,0x00000000,0x00000000,0x00000000,0x00000000,
	0x00000000,0x00000000,0x00000000,0x00000000,0x00000000,0x00000000,0x00000000,0x00000000,
	0x00000000,0x00000000,0x00000000,0x00000000,0x00000000,0x00000000,0x00000000,0x00000000,
	0x00000000,0x00000000,0x00000000,0x00000000,0x00000000,0x00000000,0x00000000,0x00000000,

	0x00000000,0x00000000,0x00000000,0x00000000,0x00000000,0x00000000,0x00000000,0x00000000,
	0x00000000,0x00000000,0x00000000,0x00000000,0x00000000,0x00000000,0x00000000,0x00000000,
	0x00000000,0x00000000,0x00000000,0x00000000,0x00000000,0x00000000,0x00000000,0x00000000,
	0x00000000,0x00000000,0x00000000,0x00000000,0x00000000,0x00000000,0x00000000,0x00000000,
	0x00000000,0x00000000,0x00000000,0x00000000,0x00000000,0x00000000,0x00000000,0x00000000,
	0x00000000,0x00000000,0x00000000,0x00000000,0x00000000,0x00000000,0x00000000,0x00000000,
	0x00000000,0x00000000,0x00000000,0x00000000,0x00000000,0x00000000,0x00000000,0x00000000,
	0x00000000,0x00000000,0x00000000,0x00000000,0x00000000,0x00000000,0x00000000,0x00000000,

	0x00000000,0x00000000,0x00000000,0x00000000,0x00000000,0x00000000,0x00000000,0x00000000,
	0x00000000,0x00000000,0x00000000,0x00000000,0x00000000,0x00000000,0x00000000,0x00000000,
	0x00000000,0x00000000,0x00000000,0x00000000,0x00000000,0x00000000,0x00000000,0x00000000,
	0x00000000,0x00000000,0x00000000,0x00000000,0x00000000,0x00000000,0x00000000,0x00000000,
	0x00000000,0x00000000,0x00000000,0x00000000,0x00000000,0x00000000,0x00000000,0x00000000,
	0x00000000,0x00000000,0x00000000,0x00000000,0x00000000,0x00000000,0x00000000,0x00000000,
	0x00000000,0x00000000,0x00000000,0x00000000,0x00000000,0x00000000,0x00000000,0x00000000,
	0x00000000,0x00000000,0x00000000,0x00000000,0x00000000,0x00000000,0x00000000,0x00000000,

	0x00000000,0x00000000,0x00000000,0x00000000,0x00000000,0x00000000,0x00000000,0x00000000,
	0x00000000,0x00000000,0x00000000,0x00000000,0x00000000,0x00000000,0x00000000,0x00000000,
	0x0C0C0C0C,0x0C0C0C0C,0x0C0C0C0C,0x0C0C0C0C,0x0C0C0C0C,0x0C0C0C0C,0x0C0C0C0C,0x0C0C0C0C,
	0x0C0C0C0C,0x0C0C0C0C,0x0C0C0C0C,0x0C0C0C0C,0x0C0C0C0C,0x0C0C0C0C,0x0C0C0C0C,0x0C0C0C0C,
	0x2E2E2E2E,0x0C0C2E2E,0x2E2E2E2E,0x0C0C2E2E,0x2E2E2E2E,0x0C0C2E2E,0x2E2E2E0C,0x0C0C2E2E,
	0x2E2E2E0C,0x0C2E2E2E,0x2E2E0C0C,0x2E2E2E2E,0x2E2E0C0C,0x2E2E2E2E,0x2E0C0C0C,0x2E2E2E2E,
	0x0C0C0C0C,0x0C0C0C0C,0x0C0C0C0C,0x0C0C0C0C,0x0C0C0C0C,0x0C0C0C0C,0x0C0C0C0C,0x0C0C0C0C,
	0x0C0C0C0C,0x0C0C0C0C,0x0C0C0C0C,0x0C0C0C0C,0x0C0C0C2E,0x0C0C0C0C,0x2E2E2E2E,0x2E2E2E2E,

	0x302E2E0C,0x0C2E2E2E,0x2E0C0C0C,0x2C2E2E2E,0x2E0C0C0C,0x2E0F0C2E,0x300C0C0C,0x0C0C0C0C,
	0x0C0C0C0C,0x0C0C0C0C,0x0C0C0C0C,0x0C0C0C0C,0x0C0C0C2E,0x0C0C0C0C,0x0C0C0C0C,0x0C0C0C0C,
	0x0C0C0C0C,0x0C0C0C0C,0x0C0C0C0C,0x0C0C0C0C,0x0C0C0C0F,0x0C0C0C0C,0x0C0C0C0C,0x0C0C0C0C,
	0x0C0C0C0C,0x0C0C0C0C,0x0C0C0C0C,0x0C0C0C0C,0x0C0C0C0C,0x0C0C0C0C,0x0C0C0C0C,0x0C0C0C0C,
	0x0C0C0C0C,0x0C0C0C0C,0x0C0C0C0C,0x0C0C0C0C,0x0C0C0C0C,0x0C0C0C0C,0x0C0C0C0C,0x0C0C0C0C,
	0x0C0C0C0C,0x0C0C0C0C,0x0C0C0C0C,0x0C0C0C0C,0x0C0C0C0C,0x0C0C0C0C,0x0C0C0C0C,0x0C0C0C0C,
	0x00000000,0x00000000,0x00000000,0x00000000,0x00000000,0x00000000,0x00000000,0x00000000,
	0x00000000,0x00000000,0x00000000,0x00000000,0x00000000,0x00000000,0x00000000,0x00000000,

	0x00000000,0x00000000,0x00000000,0x00000000,0x00000000,0x00000000,0x00000000,0x00000000,
	0x00000000,0x00000000,0x00000000,0x00000000,0x00000000,0x00000000,0x00000000,0x00000000,
	0x00000000,0x00000000,0x00000000,0x00000000,0x00000000,0x00000000,0x00000000,0x00000000,
	0x00000000,0x00000000,0x00000000,0x00000000,0x00000000,0x00000000,0x00000000,0x00000000,
	0x00000000,0x00000000,0x00000000,0x00000000,0x00000000,0x00000000,0x00000000,0x00000000,
	0x00000000,0x00000000,0x00000000,0x00000000,0x00000000,0x00000000,0x00000000,0x00000000,
	0x00000000,0x00000000,0x00000000,0x00000000,0x00000000,0x00000000,0x00000000,0x00000000,
	0x00000000,0x00000000,0x00000000,0x00000000,0x00000000,0x00000000,0x00000000,0x00000000,

	0x00000000,0x00000000,0x00000000,0x00000000,0x00000000,0x00000000,0x00000000,0x00000000,
	0x00000000,0x00000000,0x00000000,0x00000000,0x00000000,0x00000000,0x00000000,0x00000000,
	0x00000000,0x00000000,0x00000000,0x00000000,0x00000000,0x00000000,0x00000000,0x00000000,
	0x00000000,0x00000000,0x00000000,0x00000000,0x00000000,0x00000000,0x00000000,0x00000000,
	0x00000000,0x00000000,0x00000000,0x00000000,0x00000000,0x00000000,0x00000000,0x00000000,
	0x00000000,0x00000000,0x00000000,0x00000000,0x00000000,0x00000000,0x00000000,0x00000000,
	0x00000000,0x00000000,0x00000000,0x00000000,0x00000000,0x00000000,0x00000000,0x00000000,
	0x00000000,0x00000000,0x00000000,0x00000000,0x00000000,0x00000000,0x00000000,0x00000000,

	0x00000000,0x00000000,0x00000000,0x00000000,0x00000000,0x00000000,0x00000000,0x00000000,
	0x00000000,0x00000000,0x00000000,0x00000000,0x00000000,0x00000000,0x00000000,0x00000000,
	0x00000000,0x00000000,0x00000000,0x00000000,0x00000000,0x00000000,0x00000000,0x00000000,
	0x00000000,0x00000000,0x00000000,0x00000000,0x00000000,0x00000000,0x00000000,0x00000000,
	0x00000000,0x00000000,0x00000000,0x00000000,0x00000000,0x00000000,0x00000000,0x00000000,
	0x00000000,0x00000000,0x00000000,0x00000000,0x00000000,0x00000000,0x00000000,0x00000000,
	0x00000000,0x00000000,0x00000000,0x00000000,0x00000000,0x00000000,0x00000000,0x00000000,
	0x00000000,0x00000000,0x00000000,0x00000000,0x00000000,0x00000000,0x00000000,0x00000000,

	0x00000000,0x00000000,0x00000000,0x00000000,0x00000000,0x00000000,0x00000000,0x00000000,
	0x00000000,0x00000000,0x00000000,0x00000000,0x00000000,0x00000000,0x00000000,0x00000000,
	0x00000000,0x00000000,0x00000000,0x00000000,0x00000000,0x00000000,0x00000000,0x00000000,
	0x00000000,0x00000000,0x00000000,0x00000000,0x00000000,0x00000000,0x00000000,0x00000000,
	0x00000000,0x00000000,0x00000000,0x00000000,0x00000000,0x00000000,0x00000000,0x00000000,
	0x00000000,0x00000000,0x00000000,0x00000000,0x00000000,0x00000000,0x00000000,0x00000000,
	0x00000000,0x00000000,0x00000000,0x00000000,0x00000000,0x00000000,0x00000000,0x00000000,
	0x00000000,0x00000000,0x00000000,0x00000000,0x00000000,0x00000000,0x00000000,0x00000000,

	0x00000000,0x00000000,0x00000000,0x00000000,0x00000000,0x00000000,0x00000000,0x00000000,
	0x00000000,0x00000000,0x00000000,0x00000000,0x00000000,0x00000000,0x00000000,0x00000000,
	0x00000000,0x00000000,0x00000000,0x00000000,0x00000000,0x00000000,0x00000000,0x00000000,
	0x00000000,0x00000000,0x00000000,0x00000000,0x00000000,0x00000000,0x00000000,0x00000000,
	0x00000000,0x00000000,0x00000000,0x00000000,0x00000000,0x00000000,0x00000000,0x00000000,
	0x00000000,0x00000000,0x00000000,0x00000000,0x00000000,0x00000000,0x00000000,0x00000000,
	0x00000000,0x00000000,0x00000000,0x00000000,0x00000000,0x00000000,0x00000000,0x00000000,
	0x00000000,0x00000000,0x00000000,0x00000000,0x00000000,0x00000000,0x00000000,0x00000000,

	0x00000000,0x00000000,0x00000000,0x00000000,0x00000000,0x00000000,0x00000000,0x00000000,
	0x00000000,0x00000000,0x00000000,0x00000000,0x00000000,0x00000000,0x00000000,0x00000000,
	0x00000000,0x00000000,0x00000000,0x00000000,0x00000000,0x00000000,0x00000000,0x00000000,
	0x00000000,0x00000000,0x00000000,0x00000000,0x00000000,0x00000000,0x00000000,0x00000000,
	0x00000000,0x00000000,0x00000000,0x00000000,0x00000000,0x00000000,0x00000000,0x00000000,
	0x00000000,0x00000000,0x00000000,0x00000000,0x00000000,0x00000000,0x00000000,0x00000000,
	0x00000000,0x00000000,0x00000000,0x00000000,0x00000000,0x00000000,0x00000000,0x00000000,
	0x00000000,0x00000000,0x00000000,0x00000000,0x00000000,0x00000000,0x00000000,0x00000000,

	0x00000000,0x00000000,0x00000000,0x00000000,0x00000000,0x00000000,0x00000000,0x00000000,
	0x00000000,0x00000000,0x00000000,0x00000000,0x00000000,0x00000000,0x00000000,0x00000000,
	0x0C0C0C0C,0x0C0C0C0C,0x0C0C0C0C,0x0C0C0C0C,0x0C0C0C0C,0x0C0C0C0C,0x0C0C0C0C,0x0C0C0C0C,
	0x0C0C0C0C,0x0C0C0C0C,0x0C0C0C0C,0x0C0C0C0C,0x0C0C0C0C,0x0C0C0C0C,0x0C0C0C0C,0x0C0C0C0C,
	0x0C0C0C0C,0x2E2E2E0C,0x0C0C0C0C,0x2E0C0C0C,0x0C0C0C0C,0x0C0C0C0C,0x0C0C0C0C,0x0C0C0C0C,
	0x0C0C0C0C,0x0C0C0C0C,0x0C0C0C0C,0x0C0C0C0C,0x0C0C0C0C,0x0C0C0C0C,0x0C0C0C0C,0x0C0C0C0C,
	0x2E2E2E2E,0x0C0C2E2E,0x2E2E2E2E,0x0C0C0C0C,0x0C0C0C0C,0x0C0C0C0C,0x0C0C0C0C,0x0C0C0C0C,
	0x0C0C0C0C,0x0C0C0C0C,0x0C0C0C0C,0x0C0C0C0C,0x0C0C0C0C,0x0C0C0C0C,0x0C0C0C0C,0x0C0C0C0C,

	0x0C0C0C0C,0x0C0C0C0C,0x0C0C0C0C,0x0C0C0C0C,0x0C0C0C0C,0x0C0C0C0C,0x0C0C0C0C,0x0C0C0C0C,
	0x0C0C0C0C,0x0C0C0C0C,0x0C0C0C0C,0x0C0C0C0C,0x0C0C0C0C,0x0C0C0C0C,0x0C0C0C0C,0x0C0C0C0C,
	0x0C0C0C0C,0x0C0C0C0C,0x0C0C0C0C,0x0C0C0C0C,0x0C0C0C0C,0x0C0C0C0C,0x0C0C0C0C,0x0C0C0C0C,
	0x0C0C0C0C,0x0C0C0C0C,0x0C0C0C0C,0x0C0C0C0C,0x0C0C0C0C,0x0C0C0C0C,0x0C0C0C0C,0x0C0C0C0C,
	0x0C0C0C0C,0x0C0C0C0C,0x0C0C0C0C,0x0C0C0C0C,0x0C0C0C0C,0x0C0C0C0C,0x0C0C0C0C,0x0C0C0C0C,
	0x0C0C0C0C,0x0C0C0C0C,0x0C0C0C0C,0x0C0C0C0C,0x0C0C0C0C,0x0C0C0C0C,0x0C0C0C0C,0x0C0C0C0C,
	0x00000000,0x00000000,0x00000000,0x00000000,0x00000000,0x00000000,0x00000000,0x00000000,
	0x00000000,0x00000000,0x00000000,0x00000000,0x00000000,0x00000000,0x00000000,0x00000000,

	0x00000000,0x00000000,0x00000000,0x00000000,0x00000000,0x00000000,0x00000000,0x00000000,
	0x00000000,0x00000000,0x00000000,0x00000000,0x00000000,0x00000000,0x00000000,0x00000000,
	0x00000000,0x00000000,0x00000000,0x00000000,0x00000000,0x00000000,0x00000000,0x00000000,
	0x00000000,0x00000000,0x00000000,0x00000000,0x00000000,0x00000000,0x00000000,0x00000000,
	0x00000000,0x00000000,0x00000000,0x00000000,0x00000000,0x00000000,0x00000000,0x00000000,
	0x00000000,0x00000000,0x00000000,0x00000000,0x00000000,0x00000000,0x00000000,0x00000000,
	0x00000000,0x00000000,0x00000000,0x00000000,0x00000000,0x00000000,0x00000000,0x00000000,
	0x00000000,0x00000000,0x00000000,0x00000000,0x00000000,0x00000000,0x00000000,0x00000000,

	0x00000000,0x00000000,0x00000000,0x00000000,0x00000000,0x00000000,0x00000000,0x00000000,
	0x00000000,0x00000000,0x00000000,0x00000000,0x00000000,0x00000000,0x00000000,0x00000000,
	0x00000000,0x00000000,0x00000000,0x00000000,0x00000000,0x00000000,0x00000000,0x00000000,
	0x00000000,0x00000000,0x00000000,0x00000000,0x00000000,0x00000000,0x00000000,0x00000000,
	0x00000000,0x00000000,0x00000000,0x00000000,0x00000000,0x00000000,0x00000000,0x00000000,
	0x00000000,0x00000000,0x00000000,0x00000000,0x00000000,0x00000000,0x00000000,0x00000000,
	0x00000000,0x00000000,0x00000000,0x00000000,0x00000000,0x00000000,0x00000000,0x00000000,
	0x00000000,0x00000000,0x00000000,0x00000000,0x00000000,0x00000000,0x00000000,0x00000000,

	0x00000000,0x00000000,0x00000000,0x00000000,0x00000000,0x00000000,0x00000000,0x00000000,
	0x00000000,0x00000000,0x00000000,0x00000000,0x00000000,0x00000000,0x00000000,0x00000000,
	0x00000000,0x00000000,0x00000000,0x00000000,0x00000000,0x00000000,0x00000000,0x00000000,
	0x00000000,0x00000000,0x00000000,0x00000000,0x00000000,0x00000000,0x00000000,0x00000000,
	0x00000000,0x00000000,0x00000000,0x00000000,0x00000000,0x00000000,0x00000000,0x00000000,
	0x00000000,0x00000000,0x00000000,0x00000000,0x00000000,0x00000000,0x00000000,0x00000000,
	0x00000000,0x00000000,0x00000000,0x00000000,0x00000000,0x00000000,0x00000000,0x00000000,
	0x00000000,0x00000000,0x00000000,0x00000000,0x00000000,0x00000000,0x00000000,0x00000000,

	0x00000000,0x00000000,0x00000000,0x00000000,0x00000000,0x00000000,0x00000000,0x00000000,
	0x00000000,0x00000000,0x00000000,0x00000000,0x00000000,0x00000000,0x00000000,0x00000000,
	0x00000000,0x00000000,0x00000000,0x00000000,0x00000000,0x00000000,0x00000000,0x00000000,
	0x00000000,0x00000000,0x00000000,0x00000000,0x00000000,0x00000000,0x00000000,0x00000000,
	0x00000000,0x00000000,0x00000000,0x00000000,0x00000000,0x00000000,0x00000000,0x00000000,
	0x00000000,0x00000000,0x00000000,0x00000000,0x00000000,0x00000000,0x00000000,0x00000000,
	0x00000000,0x00000000,0x00000000,0x00000000,0x00000000,0x00000000,0x00000000,0x00000000,
	0x00000000,0x00000000,0x00000000,0x00000000,0x00000000,0x00000000,0x00000000,0x00000000,

	0x00000000,0x00000000,0x00000000,0x00000000,0x00000000,0x00000000,0x00000000,0x00000000,
	0x00000000,0x00000000,0x00000000,0x00000000,0x00000000,0x00000000,0x00000000,0x00000000,
	0x00000000,0x00000000,0x00000000,0x00000000,0x00000000,0x00000000,0x00000000,0x00000000,
	0x00000000,0x00000000,0x00000000,0x00000000,0x00000000,0x00000000,0x00000000,0x00000000,
	0x00000000,0x00000000,0x00000000,0x00000000,0x00000000,0x00000000,0x00000000,0x00000000,
	0x00000000,0x00000000,0x00000000,0x00000000,0x00000000,0x00000000,0x00000000,0x00000000,
	0x00000000,0x00000000,0x00000000,0x00000000,0x00000000,0x00000000,0x00000000,0x00000000,
	0x00000000,0x00000000,0x00000000,0x00000000,0x00000000,0x00000000,0x00000000,0x00000000,

	0x00000000,0x00000000,0x00000000,0x00000000,0x00000000,0x00000000,0x00000000,0x00000000,
	0x00000000,0x00000000,0x00000000,0x00000000,0x00000000,0x00000000,0x00000000,0x00000000,
	0x00000000,0x00000000,0x00000000,0x00000000,0x00000000,0x00000000,0x00000000,0x00000000,
	0x00000000,0x00000000,0x00000000,0x00000000,0x00000000,0x00000000,0x00000000,0x00000000,
	0x00000000,0x00000000,0x00000000,0x00000000,0x00000000,0x00000000,0x00000000,0x00000000,
	0x00000000,0x00000000,0x00000000,0x00000000,0x00000000,0x00000000,0x00000000,0x00000000,
	0x00000000,0x00000000,0x00000000,0x00000000,0x00000000,0x00000000,0x00000000,0x00000000,
	0x00000000,0x00000000,0x00000000,0x00000000,0x00000000,0x00000000,0x00000000,0x00000000,

	0x00000000,0x00000000,0x00000000,0x00000000,0x00000000,0x00000000,0x00000000,0x00000000,
	0x00000000,0x00000000,0x00000000,0x00000000,0x00000000,0x00000000,0x00000000,0x00000000,
	0x11111112,0x11111111,0x11121212,0x11111111,0x12121212,0x11111111,0x12121212,0x11111212,
	0x12121212,0x11121212,0x12121212,0x12121212,0x12121212,0x12121212,0x12121212,0x12121212,
	0x11111111,0x11111111,0x11111111,0x11111111,0x11111111,0x11111111,0x11111111,0x11111111,
	0x11111111,0x11111111,0x11111112,0x11111111,0x11111212,0x11111111,0x12121212,0x11111111,
	0x11111111,0x11111111,0x11111111,0x11111111,0x11111111,0x11111111,0x11111111,0x11111111,
	0x11111111,0x11111111,0x11111111,0x11111111,0x11111111,0x11111111,0x11111111,0x11111111,

	0x11111111,0x11111111,0x11111111,0x11111111,0x11111111,0x11111111,0x11111111,0x11111111,
	0x11111111,0x11111111,0x11111111,0x11111111,0x11111111,0x11111111,0x11111111,0x11111111,
	0x11111111,0x11111111,0x11111111,0x11111111,0x11111111,0x11111111,0x11111111,0x11111111,
	0x11111111,0x11111111,0x11111111,0x11111111,0x11111111,0x11111111,0x11111111,0x11111111,
	0x11111111,0x11111111,0x11111111,0x11111111,0x11111111,0x11111111,0x11111111,0x11111111,
	0x11111111,0x11111111,0x11111111,0x11111111,0x11111111,0x11111111,0x11111111,0x11111111,
	0x00000000,0x00000000,0x00000000,0x00000000,0x00000000,0x00000000,0x00000000,0x00000000,
	0x00000000,0x00000000,0x00000000,0x00000000,0x00000000,0x00000000,0x00000000,0x00000000,

	0x00000000,0x00000000,0x00000000,0x00000000,0x00000000,0x00000000,0x00000000,0x00000000,
	0x00000000,0x00000000,0x00000000,0x00000000,0x00000000,0x00000000,0x00000000,0x00000000,
	0x00000000,0x00000000,0x00000000,0x00000000,0x00000000,0x00000000,0x00000000,0x00000000,
	0x00000000,0x00000000,0x00000000,0x00000000,0x00000000,0x00000000,0x00000000,0x00000000,
	0x00000000,0x00000000,0x00000000,0x00000000,0x00000000,0x00000000,0x00000000,0x00000000,
	0x00000000,0x00000000,0x00000000,0x00000000,0x00000000,0x00000000,0x00000000,0x00000000,
	0x00000000,0x00000000,0x00000000,0x00000000,0x00000000,0x00000000,0x00000000,0x00000000,
	0x00000000,0x00000000,0x00000000,0x00000000,0x00000000,0x00000000,0x00000000,0x00000000,

	0x00000000,0x00000000,0x00000000,0x00000000,0x00000000,0x00000000,0x00000000,0x00000000,
	0x00000000,0x00000000,0x00000000,0x00000000,0x00000000,0x00000000,0x00000000,0x00000000,
	0x00000000,0x00000000,0x00000000,0x00000000,0x00000000,0x00000000,0x00000000,0x00000000,
	0x00000000,0x00000000,0x00000000,0x00000000,0x00000000,0x00000000,0x00000000,0x00000000,
	0x00000000,0x00000000,0x00000000,0x00000000,0x00000000,0x00000000,0x00000000,0x00000000,
	0x00000000,0x00000000,0x00000000,0x00000000,0x00000000,0x00000000,0x00000000,0x00000000,
	0x00000000,0x00000000,0x00000000,0x00000000,0x00000000,0x00000000,0x00000000,0x00000000,
	0x00000000,0x00000000,0x00000000,0x00000000,0x00000000,0x00000000,0x00000000,0x00000000,

	0x00000000,0x00000000,0x00000000,0x00000000,0x00000000,0x00000000,0x00000000,0x00000000,
	0x00000000,0x00000000,0x00000000,0x00000000,0x00000000,0x00000000,0x00000000,0x00000000,
	0x00000000,0x00000000,0x00000000,0x00000000,0x00000000,0x00000000,0x00000000,0x00000000,
	0x00000000,0x00000000,0x00000000,0x00000000,0x00000000,0x00000000,0x00000000,0x00000000,
	0x00000000,0x00000000,0x00000000,0x00000000,0x00000000,0x00000000,0x00000000,0x00000000,
	0x00000000,0x00000000,0x00000000,0x00000000,0x00000000,0x00000000,0x00000000,0x00000000,
	0x00000000,0x00000000,0x00000000,0x00000000,0x00000000,0x00000000,0x00000000,0x00000000,
	0x00000000,0x00000000,0x00000000,0x00000000,0x00000000,0x00000000,0x00000000,0x00000000,

	0x00000000,0x00000000,0x00000000,0x00000000,0x00000000,0x00000000,0x00000000,0x00000000,
	0x00000000,0x00000000,0x00000000,0x00000000,0x00000000,0x00000000,0x00000000,0x00000000,
	0x00000000,0x00000000,0x00000000,0x00000000,0x00000000,0x00000000,0x00000000,0x00000000,
	0x00000000,0x00000000,0x00000000,0x00000000,0x00000000,0x00000000,0x00000000,0x00000000,
	0x00000000,0x00000000,0x00000000,0x00000000,0x00000000,0x00000000,0x00000000,0x00000000,
	0x00000000,0x00000000,0x00000000,0x00000000,0x00000000,0x00000000,0x00000000,0x00000000,
	0x00000000,0x00000000,0x00000000,0x00000000,0x00000000,0x00000000,0x00000000,0x00000000,
	0x00000000,0x00000000,0x00000000,0x00000000,0x00000000,0x00000000,0x00000000,0x00000000,

	0x00000000,0x00000000,0x00000000,0x00000000,0x00000000,0x00000000,0x00000000,0x00000000,
	0x00000000,0x00000000,0x00000000,0x00000000,0x00000000,0x00000000,0x00000000,0x00000000,
	0x00000000,0x00000000,0x00000000,0x00000000,0x00000000,0x00000000,0x00000000,0x00000000,
	0x00000000,0x00000000,0x00000000,0x00000000,0x00000000,0x00000000,0x00000000,0x00000000,
	0x00000000,0x00000000,0x00000000,0x00000000,0x00000000,0x00000000,0x00000000,0x00000000,
	0x00000000,0x00000000,0x00000000,0x00000000,0x00000000,0x00000000,0x00000000,0x00000000,
	0x00000000,0x00000000,0x00000000,0x00000000,0x00000000,0x00000000,0x00000000,0x00000000,
	0x00000000,0x00000000,0x00000000,0x00000000,0x00000000,0x00000000,0x00000000,0x00000000,

	0x00000000,0x00000000,0x00000000,0x00000000,0x00000000,0x00000000,0x00000000,0x00000000,
	0x00000000,0x00000000,0x00000000,0x00000000,0x00000000,0x00000000,0x00000000,0x00000000,
	0x00000000,0x00000000,0x00000000,0x00000000,0x00000000,0x00000000,0x00000000,0x00000000,
	0x00000000,0x00000000,0x00000000,0x00000000,0x00000000,0x00000000,0x00000000,0x00000000,
	0x00000000,0x00000000,0x00000000,0x00000000,0x00000000,0x00000000,0x00000000,0x00000000,
	0x00000000,0x00000000,0x00000000,0x00000000,0x00000000,0x00000000,0x00000000,0x00000000,
	0x00000000,0x00000000,0x00000000,0x00000000,0x00000000,0x00000000,0x00000000,0x00000000,
	0x00000000,0x00000000,0x00000000,0x00000000,0x00000000,0x00000000,0x00000000,0x00000000,

	0x00000000,0x00000000,0x00000000,0x00000000,0x00000000,0x00000000,0x00000000,0x00000000,
	0x00000000,0x00000000,0x00000000,0x00000000,0x00000000,0x00000000,0x00000000,0x00000000,
	0x12121212,0x2D122D12,0x12121212,0x2D2D1212,0x12121212,0x302D2D12,0x12121212,0x2D2D1212,
	0x12121212,0x2D122D12,0x12121212,0x12121212,0x12121212,0x12121212,0x12121212,0x12121212,
	0x12122D12,0x11111212,0x1212122D,0x11121212,0x12122D2D,0x12121212,0x1212122D,0x12121212,
	0x12122D12,0x12121212,0x12121212,0x12121212,0x12121212,0x12121212,0x12121212,0x12121212,
	0x11111111,0x11111111,0x11111111,0x11111111,0x11111112,0x11111111,0x30302D12,0x30303030,
	0x30302D12,0x30303030,0x30302D12,0x30303030,0x30302D12,0x30303030,0x30302D12,0x30303030,

	0x11111111,0x11111111,0x11111111,0x11111111,0x11111111,0x11111111,0x30303030,0x30303030,
	0x30303030,0x30303030,0x30303030,0x30303030,0x30303030,0x30303030,0x30303030,0x30303030,
	0x11111111,0x11111111,0x11111111,0x11111111,0x11111111,0x11111111,0x30303030,0x30303030,
	0x30303030,0x30303030,0x30303030,0x30303030,0x30303030,0x30303030,0x30303030,0x30303030,
	0x11111111,0x11111111,0x11111111,0x11111111,0x11111111,0x11111111,0x30303030,0x30303030,
	0x30303030,0x30303030,0x30303030,0x30303030,0x30303030,0x30303030,0x30303030,0x30303030,
	0x00000000,0x00000000,0x00000000,0x00000000,0x00000000,0x00000000,0x00000000,0x00000000,
	0x00000000,0x00000000,0x00000000,0x00000000,0x00000000,0x00000000,0x00000000,0x00000000,

	0x00000000,0x00000000,0x00000000,0x00000000,0x00000000,0x00000000,0x00000000,0x00000000,
	0x00000000,0x00000000,0x00000000,0x00000000,0x00000000,0x00000000,0x00000000,0x00000000,
	0x00000000,0x00000000,0x00000000,0x00000000,0x00000000,0x00000000,0x00000000,0x00000000,
	0x00000000,0x00000000,0x00000000,0x00000000,0x00000000,0x00000000,0x00000000,0x00000000,
	0x00000000,0x00000000,0x00000000,0x00000000,0x00000000,0x00000000,0x00000000,0x00000000,
	0x00000000,0x00000000,0x00000000,0x00000000,0x00000000,0x00000000,0x00000000,0x00000000,
	0x00000000,0x00000000,0x00000000,0x00000000,0x00000000,0x00000000,0x00000000,0x00000000,
	0x00000000,0x00000000,0x00000000,0x00000000,0x00000000,0x00000000,0x00000000,0x00000000,

	0x00000000,0x00000000,0x00000000,0x00000000,0x00000000,0x00000000,0x00000000,0x00000000,
	0x00000000,0x00000000,0x00000000,0x00000000,0x00000000,0x00000000,0x00000000,0x00000000,
	0x00000000,0x00000000,0x00000000,0x00000000,0x00000000,0x00000000,0x00000000,0x00000000,
	0x00000000,0x00000000,0x00000000,0x00000000,0x00000000,0x00000000,0x00000000,0x00000000,
	0x00000000,0x00000000,0x00000000,0x00000000,0x00000000,0x00000000,0x00000000,0x00000000,
	0x00000000,0x00000000,0x00000000,0x00000000,0x00000000,0x00000000,0x00000000,0x00000000,
	0x00000000,0x00000000,0x00000000,0x00000000,0x00000000,0x00000000,0x00000000,0x00000000,
	0x00000000,0x00000000,0x00000000,0x00000000,0x00000000,0x00000000,0x00000000,0x00000000,

	0x00000000,0x00000000,0x00000000,0x00000000,0x00000000,0x00000000,0x00000000,0x00000000,
	0x00000000,0x00000000,0x00000000,0x00000000,0x00000000,0x00000000,0x00000000,0x00000000,
	0x00000000,0x00000000,0x00000000,0x00000000,0x00000000,0x00000000,0x00000000,0x00000000,
	0x00000000,0x00000000,0x00000000,0x00000000,0x00000000,0x00000000,0x00000000,0x00000000,
	0x00000000,0x00000000,0x00000000,0x00000000,0x00000000,0x00000000,0x00000000,0x00000000,
	0x00000000,0x00000000,0x00000000,0x00000000,0x00000000,0x00000000,0x00000000,0x00000000,
	0x00000000,0x00000000,0x00000000,0x00000000,0x00000000,0x00000000,0x00000000,0x00000000,
	0x00000000,0x00000000,0x00000000,0x00000000,0x00000000,0x00000000,0x00000000,0x00000000,

	0x00000000,0x00000000,0x00000000,0x00000000,0x00000000,0x00000000,0x00000000,0x00000000,
	0x00000000,0x00000000,0x00000000,0x00000000,0x00000000,0x00000000,0x00000000,0x00000000,
	0x00000000,0x00000000,0x00000000,0x00000000,0x00000000,0x00000000,0x00000000,0x00000000,
	0x00000000,0x00000000,0x00000000,0x00000000,0x00000000,0x00000000,0x00000000,0x00000000,
	0x00000000,0x00000000,0x00000000,0x00000000,0x00000000,0x00000000,0x00000000,0x00000000,
	0x00000000,0x00000000,0x00000000,0x00000000,0x00000000,0x00000000,0x00000000,0x00000000,
	0x00000000,0x00000000,0x00000000,0x00000000,0x00000000,0x00000000,0x00000000,0x00000000,
	0x00000000,0x00000000,0x00000000,0x00000000,0x00000000,0x00000000,0x00000000,0x00000000,

	0x00000000,0x00000000,0x00000000,0x00000000,0x00000000,0x00000000,0x00000000,0x00000000,
	0x00000000,0x00000000,0x00000000,0x00000000,0x00000000,0x00000000,0x00000000,0x00000000,
	0x00000000,0x00000000,0x00000000,0x00000000,0x00000000,0x00000000,0x00000000,0x00000000,
	0x00000000,0x00000000,0x00000000,0x00000000,0x00000000,0x00000000,0x00000000,0x00000000,
	0x00000000,0x00000000,0x00000000,0x00000000,0x00000000,0x00000000,0x00000000,0x00000000,
	0x00000000,0x00000000,0x00000000,0x00000000,0x00000000,0x00000000,0x00000000,0x00000000,
	0x00000000,0x00000000,0x00000000,0x00000000,0x00000000,0x00000000,0x00000000,0x00000000,
	0x00000000,0x00000000,0x00000000,0x00000000,0x00000000,0x00000000,0x00000000,0x00000000,

	0x00000000,0x00000000,0x00000000,0x00000000,0x00000000,0x00000000,0x00000000,0x00000000,
	0x00000000,0x00000000,0x00000000,0x00000000,0x00000000,0x00000000,0x00000000,0x00000000,
	0x00000000,0x00000000,0x00000000,0x00000000,0x00000000,0x00000000,0x00000000,0x00000000,
	0x00000000,0x00000000,0x00000000,0x00000000,0x00000000,0x00000000,0x00000000,0x00000000,
	0x00000000,0x00000000,0x00000000,0x00000000,0x00000000,0x00000000,0x00000000,0x00000000,
	0x00000000,0x00000000,0x00000000,0x00000000,0x00000000,0x00000000,0x00000000,0x00000000,
	0x00000000,0x00000000,0x00000000,0x00000000,0x00000000,0x00000000,0x00000000,0x00000000,
	0x00000000,0x00000000,0x00000000,0x00000000,0x00000000,0x00000000,0x00000000,0x00000000,

	0x00000000,0x00000000,0x00000000,0x00000000,0x00000000,0x00000000,0x00000000,0x00000000,
	0x00000000,0x00000000,0x00000000,0x00000000,0x00000000,0x00000000,0x00000000,0x00000000,
	0x12121212,0x12121212,0x12121212,0x12121212,0x12121212,0x2D122D12,0x12121212,0x302D1212,
	0x12121212,0x302D2D12,0x12121212,0x2D2D1212,0x12121212,0x2D122D12,0x12121212,0x12121212,
	0x12121212,0x12121212,0x12121212,0x12121212,0x12122D12,0x12121212,0x1212122D,0x12121212,
	0x12122D2D,0x12121212,0x1212122D,0x12121212,0x12122D12,0x13131212,0x12121212,0x13131312,
	0x30302D12,0x30303030,0x30302D12,0x30303030,0x30302D12,0x30303030,0x30302D12,0x30303030,
	0x30303012,0x30303030,0x13131313,0x13131313,0x13131313,0x13131313,0x13131313,0x13131313,

	0x30303030,0x30303030,0x30303030,0x30303030,0x30303030,0x30303030,0x30303030,0x30303030,
	0x30303030,0x30303030,0x13131313,0x13131313,0x13131313,0x13131313,0x13131313,0x13131313,
	0x30303030,0x30303030,0x30303030,0x30303030,0x30303030,0x30303030,0x30303030,0x30303030,
	0x30303030,0x30303030,0x13131313,0x13131313,0x13131313,0x13131313,0x13131313,0x13131313,
	0x30303030,0x30303030,0x30303030,0x30303030,0x30303030,0x30303030,0x30303030,0x30303030,
	0x30303030,0x30303030,0x13131313,0x13131313,0x13131313,0x13131313,0x13131313,0x13131313,
	0x00000000,0x00000000,0x00000000,0x00000000,0x00000000,0x00000000,0x00000000,0x00000000,
	0x00000000,0x00000000,0x00000000,0x00000000,0x00000000,0x00000000,0x00000000,0x00000000,

	0x00000000,0x00000000,0x00000000,0x00000000,0x00000000,0x00000000,0x00000000,0x00000000,
	0x00000000,0x00000000,0x00000000,0x00000000,0x00000000,0x00000000,0x00000000,0x00000000,
	0x00000000,0x00000000,0x00000000,0x00000000,0x00000000,0x00000000,0x00000000,0x00000000,
	0x00000000,0x00000000,0x00000000,0x00000000,0x00000000,0x00000000,0x00000000,0x00000000,
	0x00000000,0x00000000,0x00000000,0x00000000,0x00000000,0x00000000,0x00000000,0x00000000,
	0x00000000,0x00000000,0x00000000,0x00000000,0x00000000,0x00000000,0x00000000,0x00000000,
	0x00000000,0x00000000,0x00000000,0x00000000,0x00000000,0x00000000,0x00000000,0x00000000,
	0x00000000,0x00000000,0x00000000,0x00000000,0x00000000,0x00000000,0x00000000,0x00000000,

	0x00000000,0x00000000,0x00000000,0x00000000,0x00000000,0x00000000,0x00000000,0x00000000,
	0x00000000,0x00000000,0x00000000,0x00000000,0x00000000,0x00000000,0x00000000,0x00000000,
	0x00000000,0x00000000,0x00000000,0x00000000,0x00000000,0x00000000,0x00000000,0x00000000,
	0x00000000,0x00000000,0x00000000,0x00000000,0x00000000,0x00000000,0x00000000,0x00000000,
	0x00000000,0x00000000,0x00000000,0x00000000,0x00000000,0x00000000,0x00000000,0x00000000,
	0x00000000,0x00000000,0x00000000,0x00000000,0x00000000,0x00000000,0x00000000,0x00000000,
	0x00000000,0x00000000,0x00000000,0x00000000,0x00000000,0x00000000,0x00000000,0x00000000,
	0x00000000,0x00000000,0x00000000,0x00000000,0x00000000,0x00000000,0x00000000,0x00000000,

	0x00000000,0x00000000,0x00000000,0x00000000,0x00000000,0x00000000,0x00000000,0x00000000,
	0x00000000,0x00000000,0x00000000,0x00000000,0x00000000,0x00000000,0x00000000,0x00000000,
	0x00000000,0x00000000,0x00000000,0x00000000,0x00000000,0x00000000,0x00000000,0x00000000,
	0x00000000,0x00000000,0x00000000,0x00000000,0x00000000,0x00000000,0x00000000,0x00000000,
	0x00000000,0x00000000,0x00000000,0x00000000,0x00000000,0x00000000,0x00000000,0x00000000,
	0x00000000,0x00000000,0x00000000,0x00000000,0x00000000,0x00000000,0x00000000,0x00000000,
	0x00000000,0x00000000,0x00000000,0x00000000,0x00000000,0x00000000,0x00000000,0x00000000,
	0x00000000,0x00000000,0x00000000,0x00000000,0x00000000,0x00000000,0x00000000,0x00000000,

	0x00000000,0x00000000,0x00000000,0x00000000,0x00000000,0x00000000,0x00000000,0x00000000,
	0x00000000,0x00000000,0x00000000,0x00000000,0x00000000,0x00000000,0x00000000,0x00000000,
	0x00000000,0x00000000,0x00000000,0x00000000,0x00000000,0x00000000,0x00000000,0x00000000,
	0x00000000,0x00000000,0x00000000,0x00000000,0x00000000,0x00000000,0x00000000,0x00000000,
	0x00000000,0x00000000,0x00000000,0x00000000,0x00000000,0x00000000,0x00000000,0x00000000,
	0x00000000,0x00000000,0x00000000,0x00000000,0x00000000,0x00000000,0x00000000,0x00000000,
	0x00000000,0x00000000,0x00000000,0x00000000,0x00000000,0x00000000,0x00000000,0x00000000,
	0x00000000,0x00000000,0x00000000,0x00000000,0x00000000,0x00000000,0x00000000,0x00000000,

	0x00000000,0x00000000,0x00000000,0x00000000,0x00000000,0x00000000,0x00000000,0x00000000,
	0x00000000,0x00000000,0x00000000,0x00000000,0x00000000,0x00000000,0x00000000,0x00000000,
	0x00000000,0x00000000,0x00000000,0x00000000,0x00000000,0x00000000,0x00000000,0x00000000,
	0x00000000,0x00000000,0x00000000,0x00000000,0x00000000,0x00000000,0x00000000,0x00000000,
	0x00000000,0x00000000,0x00000000,0x00000000,0x00000000,0x00000000,0x00000000,0x00000000,
	0x00000000,0x00000000,0x00000000,0x00000000,0x00000000,0x00000000,0x00000000,0x00000000,
	0x00000000,0x00000000,0x00000000,0x00000000,0x00000000,0x00000000,0x00000000,0x00000000,
	0x00000000,0x00000000,0x00000000,0x00000000,0x00000000,0x00000000,0x00000000,0x00000000,

	0x00000000,0x00000000,0x00000000,0x00000000,0x00000000,0x00000000,0x00000000,0x00000000,
	0x00000000,0x00000000,0x00000000,0x00000000,0x00000000,0x00000000,0x00000000,0x00000000,
	0x00000000,0x00000000,0x00000000,0x00000000,0x00000000,0x00000000,0x00000000,0x00000000,
	0x00000000,0x00000000,0x00000000,0x00000000,0x00000000,0x00000000,0x00000000,0x00000000,
	0x00000000,0x00000000,0x00000000,0x00000000,0x00000000,0x00000000,0x00000000,0x00000000,
	0x00000000,0x00000000,0x00000000,0x00000000,0x00000000,0x00000000,0x00000000,0x00000000,
	0x00000000,0x00000000,0x00000000,0x00000000,0x00000000,0x00000000,0x00000000,0x00000000,
	0x00000000,0x00000000,0x00000000,0x00000000,0x00000000,0x00000000,0x00000000,0x00000000,

	0x00000000,0x00000000,0x00000000,0x00000000,0x00000000,0x00000000,0x00000000,0x00000000,
	0x00000000,0x00000000,0x00000000,0x00000000,0x00000000,0x00000000,0x00000000,0x00000000,
	0x12121212,0x12121212,0x12121212,0x12121212,0x12121212,0x12121212,0x12121212,0x13121212,
	0x12121212,0x13131212,0x12121212,0x13131313,0x13121212,0x13131313,0x13131312,0x13131313,
	0x13121212,0x13131313,0x13131212,0x13131313,0x13131313,0x13131313,0x13131313,0x13131313,
	0x13131313,0x13131313,0x13131313,0x13131313,0x13131313,0x13131313,0x13131313,0x13131313,
	0x13131313,0x13131313,0x13131313,0x13131313,0x13131313,0x13131313,0x13131313,0x13131313,
	0x13131313,0x13131313,0x13131313,0x13131313,0x13131313,0x13131313,0x13131313,0x13131313,

	0x13131313,0x13131313,0x13131313,0x13131313,0x13131313,0x13131313,0x13131313,0x13131313,
	0x13131313,0x13131313,0x13131313,0x13131313,0x13131313,0x13131313,0x13131313,0x13131313,
	0x13131313,0x13131313,0x13131313,0x13131313,0x13131313,0x13131313,0x13131313,0x13131313,
	0x13131313,0x13131313,0x13131313,0x13131313,0x13131313,0x13131313,0x13131313,0x13131313,
	0x13131313,0x13131313,0x13131313,0x13131313,0x13131313,0x13131313,0x13131313,0x13131313,
	0x13131313,0x13131313,0x13131313,0x13131313,0x13131313,0x13131313,0x13131313,0x13131313,
	0x00000000,0x00000000,0x00000000,0x00000000,0x00000000,0x00000000,0x00000000,0x00000000,
	0x00000000,0x00000000,0x00000000,0x00000000,0x00000000,0x00000000,0x00000000,0x00000000,

	0x00000000,0x00000000,0x00000000,0x00000000,0x00000000,0x00000000,0x00000000,0x00000000,
	0x00000000,0x00000000,0x00000000,0x00000000,0x00000000,0x00000000,0x00000000,0x00000000,
	0x00000000,0x00000000,0x00000000,0x00000000,0x00000000,0x00000000,0x00000000,0x00000000,
	0x00000000,0x00000000,0x00000000,0x00000000,0x00000000,0x00000000,0x00000000,0x00000000,
	0x00000000,0x00000000,0x00000000,0x00000000,0x00000000,0x00000000,0x00000000,0x00000000,
	0x00000000,0x00000000,0x00000000,0x00000000,0x00000000,0x00000000,0x00000000,0x00000000,
	0x00000000,0x00000000,0x00000000,0x00000000,0x00000000,0x00000000,0x00000000,0x00000000,
	0x00000000,0x00000000,0x00000000,0x00000000,0x00000000,0x00000000,0x00000000,0x00000000,

	0x00000000,0x00000000,0x00000000,0x00000000,0x00000000,0x00000000,0x00000000,0x00000000,
	0x00000000,0x00000000,0x00000000,0x00000000,0x00000000,0x00000000,0x00000000,0x00000000,
	0x00000000,0x00000000,0x00000000,0x00000000,0x00000000,0x00000000,0x00000000,0x00000000,
	0x00000000,0x00000000,0x00000000,0x00000000,0x00000000,0x00000000,0x00000000,0x00000000,
	0x00000000,0x00000000,0x00000000,0x00000000,0x00000000,0x00000000,0x00000000,0x00000000,
	0x00000000,0x00000000,0x00000000,0x00000000,0x00000000,0x00000000,0x00000000,0x00000000,
	0x00000000,0x00000000,0x00000000,0x00000000,0x00000000,0x00000000,0x00000000,0x00000000,
	0x00000000,0x00000000,0x00000000,0x00000000,0x00000000,0x00000000,0x00000000,0x00000000,

	0x00000000,0x00000000,0x00000000,0x00000000,0x00000000,0x00000000,0x00000000,0x00000000,
	0x00000000,0x00000000,0x00000000,0x00000000,0x00000000,0x00000000,0x00000000,0x00000000,
	0x00000000,0x00000000,0x00000000,0x00000000,0x00000000,0x00000000,0x00000000,0x00000000,
	0x00000000,0x00000000,0x00000000,0x00000000,0x00000000,0x00000000,0x00000000,0x00000000,
	0x00000000,0x00000000,0x00000000,0x00000000,0x00000000,0x00000000,0x00000000,0x00000000,
	0x00000000,0x00000000,0x00000000,0x00000000,0x00000000,0x00000000,0x00000000,0x00000000,
	0x00000000,0x00000000,0x00000000,0x00000000,0x00000000,0x00000000,0x00000000,0x00000000,
	0x00000000,0x00000000,0x00000000,0x00000000,0x00000000,0x00000000,0x00000000,0x00000000,

	0x00000000,0x00000000,0x00000000,0x00000000,0x00000000,0x00000000,0x00000000,0x00000000,
	0x00000000,0x00000000,0x00000000,0x00000000,0x00000000,0x00000000,0x00000000,0x00000000,
	0x00000000,0x00000000,0x00000000,0x00000000,0x00000000,0x00000000,0x00000000,0x00000000,
	0x00000000,0x00000000,0x00000000,0x00000000,0x00000000,0x00000000,0x00000000,0x00000000,
	0x00000000,0x00000000,0x00000000,0x00000000,0x00000000,0x00000000,0x00000000,0x00000000,
	0x00000000,0x00000000,0x00000000,0x00000000,0x00000000,0x00000000,0x00000000,0x00000000,
	0x00000000,0x00000000,0x00000000,0x00000000,0x00000000,0x00000000,0x00000000,0x00000000,
	0x00000000,0x00000000,0x00000000,0x00000000,0x00000000,0x00000000,0x00000000,0x00000000,

	0x00000000,0x00000000,0x00000000,0x00000000,0x00000000,0x00000000,0x00000000,0x00000000,
	0x00000000,0x00000000,0x00000000,0x00000000,0x00000000,0x00000000,0x00000000,0x00000000,
	0x00000000,0x00000000,0x00000000,0x00000000,0x00000000,0x00000000,0x00000000,0x00000000,
	0x00000000,0x00000000,0x00000000,0x00000000,0x00000000,0x00000000,0x00000000,0x00000000,
	0x00000000,0x00000000,0x00000000,0x00000000,0x00000000,0x00000000,0x00000000,0x00000000,
	0x00000000,0x00000000,0x00000000,0x00000000,0x00000000,0x00000000,0x00000000,0x00000000,
	0x00000000,0x00000000,0x00000000,0x00000000,0x00000000,0x00000000,0x00000000,0x00000000,
	0x00000000,0x00000000,0x00000000,0x00000000,0x00000000,0x00000000,0x00000000,0x00000000,

	0x00000000,0x00000000,0x00000000,0x00000000,0x00000000,0x00000000,0x00000000,0x00000000,
	0x00000000,0x00000000,0x00000000,0x00000000,0x00000000,0x00000000,0x00000000,0x00000000,
	0x00000000,0x00000000,0x00000000,0x00000000,0x00000000,0x00000000,0x00000000,0x00000000,
	0x00000000,0x00000000,0x00000000,0x00000000,0x00000000,0x00000000,0x00000000,0x00000000,
	0x00000000,0x00000000,0x00000000,0x00000000,0x00000000,0x00000000,0x00000000,0x00000000,
	0x00000000,0x00000000,0x00000000,0x00000000,0x00000000,0x00000000,0x00000000,0x00000000,
	0x00000000,0x00000000,0x00000000,0x00000000,0x00000000,0x00000000,0x00000000,0x00000000,
	0x00000000,0x00000000,0x00000000,0x00000000,0x00000000,0x00000000,0x00000000,0x00000000,

	0x00000000,0x00000000,0x00000000,0x00000000,0x00000000,0x00000000,0x00000000,0x00000000,
	0x00000000,0x00000000,0x00000000,0x00000000,0x00000000,0x00000000,0x00000000,0x00000000,
	0x13131313,0x13131313,0x13131313,0x13131313,0x13131313,0x13131313,0x13131313,0x13131313,
	0x13131313,0x13131313,0x13131313,0x13131313,0x13131313,0x2D2D1313,0x13131313,0x13131313,
	0x13131313,0x13131313,0x13131313,0x13131313,0x13131313,0x13131313,0x13131313,0x13131313,
	0x13131313,0x13131313,0x13131313,0x13131313,0x2D2D2D2D,0x132D2D2D,0x2D13132D,0x13132D13,
	0x13131313,0x13131313,0x13131313,0x13131313,0x13131313,0x13131313,0x13131313,0x13131313,
	0x13131313,0x13131313,0x13131313,0x13131313,0x13131313,0x132D1313,0x132D1313,0x132D1313,

	0x13131313,0x13131313,0x13131313,0x13131313,0x13131313,0x13131313,0x13131313,0x13131313,
	0x13131313,0x13131313,0x13131313,0x13131313,0x13132D13,0x132D2D13,0x132D1313,0x13302D13,
	0x13131313,0x30131313,0x13131313,0x2D131313,0x13131313,0x2D131313,0x13131313,0x2D131313,
	0x13131313,0x2D131313,0x13131313,0x2D131313,0x13132D13,0x2D131313,0x13132D13,0x2D131313,
	0x2D2D2D2D,0x2D2D2D2D,0x30303030,0x30303030,0x30303030,0x30303030,0x30303030,0x30303030,
	0x30303030,0x30303030,0x30303030,0x30303030,0x30303030,0x30303030,0x30303030,0x30303030,
	0x00000000,0x00000000,0x00000000,0x00000000,0x00000000,0x00000000,0x00000000,0x00000000,
	0x00000000,0x00000000,0x00000000,0x00000000,0x00000000,0x00000000,0x00000000,0x00000000,

	0x00000000,0x00000000,0x00000000,0x00000000,0x00000000,0x00000000,0x00000000,0x00000000,
	0x00000000,0x00000000,0x00000000,0x00000000,0x00000000,0x00000000,0x00000000,0x00000000,
	0x00000000,0x00000000,0x00000000,0x00000000,0x00000000,0x00000000,0x00000000,0x00000000,
	0x00000000,0x00000000,0x00000000,0x00000000,0x00000000,0x00000000,0x00000000,0x00000000,
	0x00000000,0x00000000,0x00000000,0x00000000,0x00000000,0x00000000,0x00000000,0x00000000,
	0x00000000,0x00000000,0x00000000,0x00000000,0x00000000,0x00000000,0x00000000,0x00000000,
	0x00000000,0x00000000,0x00000000,0x00000000,0x00000000,0x00000000,0x00000000,0x00000000,
	0x00000000,0x00000000,0x00000000,0x00000000,0x00000000,0x00000000,0x00000000,0x00000000,

	0x00000000,0x00000000,0x00000000,0x00000000,0x00000000,0x00000000,0x00000000,0x00000000,
	0x00000000,0x00000000,0x00000000,0x00000000,0x00000000,0x00000000,0x00000000,0x00000000,
	0x00000000,0x00000000,0x00000000,0x00000000,0x00000000,0x00000000,0x00000000,0x00000000,
	0x00000000,0x00000000,0x00000000,0x00000000,0x00000000,0x00000000,0x00000000,0x00000000,
	0x00000000,0x00000000,0x00000000,0x00000000,0x00000000,0x00000000,0x00000000,0x00000000,
	0x00000000,0x00000000,0x00000000,0x00000000,0x00000000,0x00000000,0x00000000,0x00000000,
	0x00000000,0x00000000,0x00000000,0x00000000,0x00000000,0x00000000,0x00000000,0x00000000,
	0x00000000,0x00000000,0x00000000,0x00000000,0x00000000,0x00000000,0x00000000,0x00000000,

	0x00000000,0x00000000,0x00000000,0x00000000,0x00000000,0x00000000,0x00000000,0x00000000,
	0x00000000,0x00000000,0x00000000,0x00000000,0x00000000,0x00000000,0x00000000,0x00000000,
	0x00000000,0x00000000,0x00000000,0x00000000,0x00000000,0x00000000,0x00000000,0x00000000,
	0x00000000,0x00000000,0x00000000,0x00000000,0x00000000,0x00000000,0x00000000,0x00000000,
	0x00000000,0x00000000,0x00000000,0x00000000,0x00000000,0x00000000,0x00000000,0x00000000,
	0x00000000,0x00000000,0x00000000,0x00000000,0x00000000,0x00000000,0x00000000,0x00000000,
	0x00000000,0x00000000,0x00000000,0x00000000,0x00000000,0x00000000,0x00000000,0x00000000,
	0x00000000,0x00000000,0x00000000,0x00000000,0x00000000,0x00000000,0x00000000,0x00000000,

	0x00000000,0x00000000,0x00000000,0x00000000,0x00000000,0x00000000,0x00000000,0x00000000,
	0x00000000,0x00000000,0x00000000,0x00000000,0x00000000,0x00000000,0x00000000,0x00000000,
	0x00000000,0x00000000,0x00000000,0x00000000,0x00000000,0x00000000,0x00000000,0x00000000,
	0x00000000,0x00000000,0x00000000,0x00000000,0x00000000,0x00000000,0x00000000,0x00000000,
	0x00000000,0x00000000,0x00000000,0x00000000,0x00000000,0x00000000,0x00000000,0x00000000,
	0x00000000,0x00000000,0x00000000,0x00000000,0x00000000,0x00000000,0x00000000,0x00000000,
	0x00000000,0x00000000,0x00000000,0x00000000,0x00000000,0x00000000,0x00000000,0x00000000,
	0x00000000,0x00000000,0x00000000,0x00000000,0x00000000,0x00000000,0x00000000,0x00000000,

	0x00000000,0x00000000,0x00000000,0x00000000,0x00000000,0x00000000,0x00000000,0x00000000,
	0x00000000,0x00000000,0x00000000,0x00000000,0x00000000,0x00000000,0x00000000,0x00000000,
	0x00000000,0x00000000,0x00000000,0x00000000,0x00000000,0x00000000,0x00000000,0x00000000,
	0x00000000,0x00000000,0x00000000,0x00000000,0x00000000,0x00000000,0x00000000,0x00000000,
	0x00000000,0x00000000,0x00000000,0x00000000,0x00000000,0x00000000,0x00000000,0x00000000,
	0x00000000,0x00000000,0x00000000,0x00000000,0x00000000,0x00000000,0x00000000,0x00000000,
	0x00000000,0x00000000,0x00000000,0x00000000,0x00000000,0x00000000,0x00000000,0x00000000,
	0x00000000,0x00000000,0x00000000,0x00000000,0x00000000,0x00000000,0x00000000,0x00000000,

	0x00000000,0x00000000,0x00000000,0x00000000,0x00000000,0x00000000,0x00000000,0x00000000,
	0x00000000,0x00000000,0x00000000,0x00000000,0x00000000,0x00000000,0x00000000,0x00000000,
	0x00000000,0x00000000,0x00000000,0x00000000,0x00000000,0x00000000,0x00000000,0x00000000,
	0x00000000,0x00000000,0x00000000,0x00000000,0x00000000,0x00000000,0x00000000,0x00000000,
	0x00000000,0x00000000,0x00000000,0x00000000,0x00000000,0x00000000,0x00000000,0x00000000,
	0x00000000,0x00000000,0x00000000,0x00000000,0x00000000,0x00000000,0x00000000,0x00000000,
	0x00000000,0x00000000,0x00000000,0x00000000,0x00000000,0x00000000,0x00000000,0x00000000,
	0x00000000,0x00000000,0x00000000,0x00000000,0x00000000,0x00000000,0x00000000,0x00000000,

	0x00000000,0x00000000,0x00000000,0x00000000,0x00000000,0x00000000,0x00000000,0x00000000,
	0x00000000,0x00000000,0x00000000,0x00000000,0x00000000,0x00000000,0x00000000,0x00000000,
	0x13131313,0x13132D13,0x13131313,0x132D1313,0x13131313,0x2D131313,0x13131313,0x13131313,
	0x13131313,0x13132D13,0x13131313,0x2D132D13,0x13131313,0x13132D13,0x13131313,0x2D2D1313,
	0x132D132D,0x132D1313,0x132D132D,0x2D2D132D,0x2D132D2D,0x2D2D2D2D,0x2D13132D,0x13131313,
	0x2D131330,0x2D131313,0x132D132D,0x302D2D13,0x13132D13,0x132D1313,0x2D2D2D2D,0x132D132D,
	0x2D132D2D,0x13132D13,0x13131313,0x13132D2D,0x13132D2D,0x132D2D13,0x132D1313,0x2D2D2D13,
	0x132D1313,0x13132D13,0x2D2D2D2D,0x13132D13,0x2D131313,0x1313132D,0x2D2D2D2D,0x2D2D2D2D,

	0x132D1313,0x13301313,0x132D132D,0x2D2D2D13,0x132D132D,0x2D132D13,0x132D302D,0x2D132D13,
	0x2D13132D,0x2D132D2D,0x1313132D,0x2D132D2D,0x13132D13,0x2D13132D,0x1313132D,0x13131313,
	0x13132D13,0x2D131313,0x13132D13,0x2D131313,0x13132D13,0x2D131313,0x13132D13,0x2D131313,
	0x13132D13,0x2D131313,0x1313132D,0x2D131313,0x1313132D,0x2D131313,0x13131313,0x2D131313,
	0x30303030,0x30303030,0x30303030,0x30303030,0x30303030,0x30303030,0x30303030,0x30303030,
	0x30303030,0x30303030,0x30303030,0x30303030,0x30303030,0x30303030,0x30303030,0x30303030,
	0x00000000,0x00000000,0x00000000,0x00000000,0x00000000,0x00000000,0x00000000,0x00000000,
	0x00000000,0x00000000,0x00000000,0x00000000,0x00000000,0x00000000,0x00000000,0x00000000,

	0x00000000,0x00000000,0x00000000,0x00000000,0x00000000,0x00000000,0x00000000,0x00000000,
	0x00000000,0x00000000,0x00000000,0x00000000,0x00000000,0x00000000,0x00000000,0x00000000,
	0x00000000,0x00000000,0x00000000,0x00000000,0x00000000,0x00000000,0x00000000,0x00000000,
	0x00000000,0x00000000,0x00000000,0x00000000,0x00000000,0x00000000,0x00000000,0x00000000,
	0x00000000,0x00000000,0x00000000,0x00000000,0x00000000,0x00000000,0x00000000,0x00000000,
	0x00000000,0x00000000,0x00000000,0x00000000,0x00000000,0x00000000,0x00000000,0x00000000,
	0x00000000,0x00000000,0x00000000,0x00000000,0x00000000,0x00000000,0x00000000,0x00000000,
	0x00000000,0x00000000,0x00000000,0x00000000,0x00000000,0x00000000,0x00000000,0x00000000,

	0x00000000,0x00000000,0x00000000,0x00000000,0x00000000,0x00000000,0x00000000,0x00000000,
	0x00000000,0x00000000,0x00000000,0x00000000,0x00000000,0x00000000,0x00000000,0x00000000,
	0x00000000,0x00000000,0x00000000,0x00000000,0x00000000,0x00000000,0x00000000,0x00000000,
	0x00000000,0x00000000,0x00000000,0x00000000,0x00000000,0x00000000,0x00000000,0x00000000,
	0x00000000,0x00000000,0x00000000,0x00000000,0x00000000,0x00000000,0x00000000,0x00000000,
	0x00000000,0x00000000,0x00000000,0x00000000,0x00000000,0x00000000,0x00000000,0x00000000,
	0x00000000,0x00000000,0x00000000,0x00000000,0x00000000,0x00000000,0x00000000,0x00000000,
	0x00000000,0x00000000,0x00000000,0x00000000,0x00000000,0x00000000,0x00000000,0x00000000,

	0x00000000,0x00000000,0x00000000,0x00000000,0x00000000,0x00000000,0x00000000,0x00000000,
	0x00000000,0x00000000,0x00000000,0x00000000,0x00000000,0x00000000,0x00000000,0x00000000,
	0x00000000,0x00000000,0x00000000,0x00000000,0x00000000,0x00000000,0x00000000,0x00000000,
	0x00000000,0x00000000,0x00000000,0x00000000,0x00000000,0x00000000,0x00000000,0x00000000,
	0x00000000,0x00000000,0x00000000,0x00000000,0x00000000,0x00000000,0x00000000,0x00000000,
	0x00000000,0x00000000,0x00000000,0x00000000,0x00000000,0x00000000,0x00000000,0x00000000,
	0x00000000,0x00000000,0x00000000,0x00000000,0x00000000,0x00000000,0x00000000,0x00000000,
	0x00000000,0x00000000,0x00000000,0x00000000,0x00000000,0x00000000,0x00000000,0x00000000,

	0x00000000,0x00000000,0x00000000,0x00000000,0x00000000,0x00000000,0x00000000,0x00000000,
	0x00000000,0x00000000,0x00000000,0x00000000,0x00000000,0x00000000,0x00000000,0x00000000,
	0x00000000,0x00000000,0x00000000,0x00000000,0x00000000,0x00000000,0x00000000,0x00000000,
	0x00000000,0x00000000,0x00000000,0x00000000,0x00000000,0x00000000,0x00000000,0x00000000,
	0x00000000,0x00000000,0x00000000,0x00000000,0x00000000,0x00000000,0x00000000,0x00000000,
	0x00000000,0x00000000,0x00000000,0x00000000,0x00000000,0x00000000,0x00000000,0x00000000,
	0x00000000,0x00000000,0x00000000,0x00000000,0x00000000,0x00000000,0x00000000,0x00000000,
	0x00000000,0x00000000,0x00000000,0x00000000,0x00000000,0x00000000,0x00000000,0x00000000,

	0x00000000,0x00000000,0x00000000,0x00000000,0x00000000,0x00000000,0x00000000,0x00000000,
	0x00000000,0x00000000,0x00000000,0x00000000,0x00000000,0x00000000,0x00000000,0x00000000,
	0x00000000,0x00000000,0x00000000,0x00000000,0x00000000,0x00000000,0x00000000,0x00000000,
	0x00000000,0x00000000,0x00000000,0x00000000,0x00000000,0x00000000,0x00000000,0x00000000,
	0x00000000,0x00000000,0x00000000,0x00000000,0x00000000,0x00000000,0x00000000,0x00000000,
	0x00000000,0x00000000,0x00000000,0x00000000,0x00000000,0x00000000,0x00000000,0x00000000,
	0x00000000,0x00000000,0x00000000,0x00000000,0x00000000,0x00000000,0x00000000,0x00000000,
	0x00000000,0x00000000,0x00000000,0x00000000,0x00000000,0x00000000,0x00000000,0x00000000,

	0x00000000,0x00000000,0x00000000,0x00000000,0x00000000,0x00000000,0x00000000,0x00000000,
	0x00000000,0x00000000,0x00000000,0x00000000,0x00000000,0x00000000,0x00000000,0x00000000,
	0x00000000,0x00000000,0x00000000,0x00000000,0x00000000,0x00000000,0x00000000,0x00000000,
	0x00000000,0x00000000,0x00000000,0x00000000,0x00000000,0x00000000,0x00000000,0x00000000,
	0x00000000,0x00000000,0x00000000,0x00000000,0x00000000,0x00000000,0x00000000,0x00000000,
	0x00000000,0x00000000,0x00000000,0x00000000,0x00000000,0x00000000,0x00000000,0x00000000,
	0x00000000,0x00000000,0x00000000,0x00000000,0x00000000,0x00000000,0x00000000,0x00000000,
	0x00000000,0x00000000,0x00000000,0x00000000,0x00000000,0x00000000,0x00000000,0x00000000,

	0x00000000,0x00000000,0x00000000,0x00000000,0x00000000,0x00000000,0x00000000,0x00000000,
	0x00000000,0x00000000,0x00000000,0x00000000,0x00000000,0x00000000,0x00000000,0x00000000,
	0x13131313,0x13131313,0x13131313,0x13131313,0x13131313,0x13131313,0x13131313,0x13131313,
	0x13131313,0x13131313,0x13131313,0x13131313,0x13131313,0x132D1313,0x13131313,0x2D131313,
	0x13131313,0x13131313,0x13131313,0x13131313,0x13131313,0x13131313,0x13131313,0x13131313,
	0x13131313,0x13131313,0x13131313,0x13131313,0x13131313,0x13131313,0x2D302D2D,0x2D2D2D2D,
	0x13131313,0x13131313,0x13131313,0x13131313,0x13131313,0x13131313,0x13131313,0x13131313,
	0x13131313,0x13131313,0x13131313,0x13131313,0x13131313,0x13131313,0x2D2D2D2D,0x2D2D2D2D,

	0x13131313,0x13131313,0x13131313,0x13131313,0x13131313,0x13131313,0x13131313,0x13131313,
	0x13131313,0x13131313,0x13131313,0x13132D13,0x13131313,0x13132D13,0x2D2D2D2D,0x2D2D2D2D,
	0x13131313,0x2D131313,0x13131313,0x2D131313,0x13131313,0x2D131313,0x13131313,0x2D131313,
	0x13131313,0x2D131313,0x13131313,0x2D131313,0x13131313,0x2D131313,0x13132D2D,0x2D131313,
	0x30303030,0x30303030,0x30303030,0x30303030,0x30303030,0x30303030,0x30303030,0x30303030,
	0x30303030,0x30303030,0x30303030,0x30303030,0x30303030,0x30303030,0x30303030,0x30303030,
	0x00000000,0x00000000,0x00000000,0x00000000,0x00000000,0x00000000,0x00000000,0x00000000,
	0x00000000,0x00000000,0x00000000,0x00000000,0x00000000,0x00000000,0x00000000,0x00000000,

	0x00000000,0x00000000,0x00000000,0x00000000,0x00000000,0x00000000,0x00000000,0x00000000,
	0x00000000,0x00000000,0x00000000,0x00000000,0x00000000,0x00000000,0x00000000,0x00000000,
	0x00000000,0x00000000,0x00000000,0x00000000,0x00000000,0x00000000,0x00000000,0x00000000,
	0x00000000,0x00000000,0x00000000,0x00000000,0x00000000,0x00000000,0x00000000,0x00000000,
	0x00000000,0x00000000,0x00000000,0x00000000,0x00000000,0x00000000,0x00000000,0x00000000,
	0x00000000,0x00000000,0x00000000,0x00000000,0x00000000,0x00000000,0x00000000,0x00000000,
	0x00000000,0x00000000,0x00000000,0x00000000,0x00000000,0x00000000,0x00000000,0x00000000,
	0x00000000,0x00000000,0x00000000,0x00000000,0x00000000,0x00000000,0x00000000,0x00000000,

	0x00000000,0x00000000,0x00000000,0x00000000,0x00000000,0x00000000,0x00000000,0x00000000,
	0x00000000,0x00000000,0x00000000,0x00000000,0x00000000,0x00000000,0x00000000,0x00000000,
	0x00000000,0x00000000,0x00000000,0x00000000,0x00000000,0x00000000,0x00000000,0x00000000,
	0x00000000,0x00000000,0x00000000,0x00000000,0x00000000,0x00000000,0x00000000,0x00000000,
	0x00000000,0x00000000,0x00000000,0x00000000,0x00000000,0x00000000,0x00000000,0x00000000,
	0x00000000,0x00000000,0x00000000,0x00000000,0x00000000,0x00000000,0x00000000,0x00000000,
	0x00000000,0x00000000,0x00000000,0x00000000,0x00000000,0x00000000,0x00000000,0x00000000,
	0x00000000,0x00000000,0x00000000,0x00000000,0x00000000,0x00000000,0x00000000,0x00000000,

	0x00000000,0x00000000,0x00000000,0x00000000,0x00000000,0x00000000,0x00000000,0x00000000,
	0x00000000,0x00000000,0x00000000,0x00000000,0x00000000,0x00000000,0x00000000,0x00000000,
	0x00000000,0x00000000,0x00000000,0x00000000,0x00000000,0x00000000,0x00000000,0x00000000,
	0x00000000,0x00000000,0x00000000,0x00000000,0x00000000,0x00000000,0x00000000,0x00000000,
	0x00000000,0x00000000,0x00000000,0x00000000,0x00000000,0x00000000,0x00000000,0x00000000,
	0x00000000,0x00000000,0x00000000,0x00000000,0x00000000,0x00000000,0x00000000,0x00000000,
	0x00000000,0x00000000,0x00000000,0x00000000,0x00000000,0x00000000,0x00000000,0x00000000,
	0x00000000,0x00000000,0x00000000,0x00000000,0x00000000,0x00000000,0x00000000,0x00000000,

	0x00000000,0x00000000,0x00000000,0x00000000,0x00000000,0x00000000,0x00000000,0x00000000,
	0x00000000,0x00000000,0x00000000,0x00000000,0x00000000,0x00000000,0x00000000,0x00000000,
	0x00000000,0x00000000,0x00000000,0x00000000,0x00000000,0x00000000,0x00000000,0x00000000,
	0x00000000,0x00000000,0x00000000,0x00000000,0x00000000,0x00000000,0x00000000,0x00000000,
	0x00000000,0x00000000,0x00000000,0x00000000,0x00000000,0x00000000,0x00000000,0x00000000,
	0x00000000,0x00000000,0x00000000,0x00000000,0x00000000,0x00000000,0x00000000,0x00000000,
	0x00000000,0x00000000,0x00000000,0x00000000,0x00000000,0x00000000,0x00000000,0x00000000,
	0x00000000,0x00000000,0x00000000,0x00000000,0x00000000,0x00000000,0x00000000,0x00000000,

	0x00000000,0x00000000,0x00000000,0x00000000,0x00000000,0x00000000,0x00000000,0x00000000,
	0x00000000,0x00000000,0x00000000,0x00000000,0x00000000,0x00000000,0x00000000,0x00000000,
	0x00000000,0x00000000,0x00000000,0x00000000,0x00000000,0x00000000,0x00000000,0x00000000,
	0x00000000,0x00000000,0x00000000,0x00000000,0x00000000,0x00000000,0x00000000,0x00000000,
	0x00000000,0x00000000,0x00000000,0x00000000,0x00000000,0x00000000,0x00000000,0x00000000,
	0x00000000,0x00000000,0x00000000,0x00000000,0x00000000,0x00000000,0x00000000,0x00000000,
	0x00000000,0x00000000,0x00000000,0x00000000,0x00000000,0x00000000,0x00000000,0x00000000,
	0x00000000,0x00000000,0x00000000,0x00000000,0x00000000,0x00000000,0x00000000,0x00000000,

	0x00000000,0x00000000,0x00000000,0x00000000,0x00000000,0x00000000,0x00000000,0x00000000,
	0x00000000,0x00000000,0x00000000,0x00000000,0x00000000,0x00000000,0x00000000,0x00000000,
	0x00000000,0x00000000,0x00000000,0x00000000,0x00000000,0x00000000,0x00000000,0x00000000,
	0x00000000,0x00000000,0x00000000,0x00000000,0x00000000,0x00000000,0x00000000,0x00000000,
	0x00000000,0x00000000,0x00000000,0x00000000,0x00000000,0x00000000,0x00000000,0x00000000,
	0x00000000,0x00000000,0x00000000,0x00000000,0x00000000,0x00000000,0x00000000,0x00000000,
	0x00000000,0x00000000,0x00000000,0x00000000,0x00000000,0x00000000,0x00000000,0x00000000,
	0x00000000,0x00000000,0x00000000,0x00000000,0x00000000,0x00000000,0x00000000,0x00000000,

	0x00000000,0x00000000,0x00000000,0x00000000,0x00000000,0x00000000,0x00000000,0x00000000,
	0x00000000,0x00000000,0x00000000,0x00000000,0x00000000,0x00000000,0x00000000,0x00000000,
	0x13131313,0x13131313,0x13131313,0x13131313,0x13131313,0x13131313,0x13131313,0x13131313,
	0x13131313,0x13131313,0x13131313,0x13131313,0x13131313,0x13131313,0x13131313,0x13131313,
	0x13131313,0x13131313,0x13131313,0x13131313,0x13131313,0x13131313,0x13131313,0x13131313,
	0x13131313,0x13131313,0x13131313,0x13131313,0x13131313,0x13131313,0x13131313,0x13131313,
	0x13131313,0x13131313,0x13131313,0x13131313,0x13131313,0x13131313,0x13131313,0x13131313,
	0x13131313,0x13131313,0x13131313,0x13131313,0x13131313,0x13131313,0x13131313,0x13131313,

	0x13131313,0x13132D13,0x13131313,0x13132D13,0x13131313,0x13131313,0x13131313,0x13131313,
	0x13131313,0x13131313,0x13131313,0x13131313,0x13131313,0x13131313,0x13131313,0x13131313,
	0x13132D2D,0x2D131313,0x13131313,0x2D131313,0x13131313,0x2D131313,0x13131313,0x2D131313,
	0x13131313,0x2D131313,0x13131313,0x2D131313,0x13131313,0x2D131313,0x13131313,0x30131313,
	0x30303030,0x30303030,0x30303030,0x30303030,0x30303030,0x30303030,0x30303030,0x30303030,
	0x30303030,0x30303030,0x30303030,0x30303030,0x30303030,0x30303030,0x30303030,0x30303030,
	0x00000000,0x00000000,0x00000000,0x00000000,0x00000000,0x00000000,0x00000000,0x00000000,
	0x00000000,0x00000000,0x00000000,0x00000000,0x00000000,0x00000000,0x00000000,0x00000000,

	0x00000000,0x00000000,0x00000000,0x00000000,0x00000000,0x00000000,0x00000000,0x00000000,
	0x00000000,0x00000000,0x00000000,0x00000000,0x00000000,0x00000000,0x00000000,0x00000000,
	0x00000000,0x00000000,0x00000000,0x00000000,0x00000000,0x00000000,0x00000000,0x00000000,
	0x00000000,0x00000000,0x00000000,0x00000000,0x00000000,0x00000000,0x00000000,0x00000000,
	0x00000000,0x00000000,0x00000000,0x00000000,0x00000000,0x00000000,0x00000000,0x00000000,
	0x00000000,0x00000000,0x00000000,0x00000000,0x00000000,0x00000000,0x00000000,0x00000000,
	0x00000000,0x00000000,0x00000000,0x00000000,0x00000000,0x00000000,0x00000000,0x00000000,
	0x00000000,0x00000000,0x00000000,0x00000000,0x00000000,0x00000000,0x00000000,0x00000000,

	0x00000000,0x00000000,0x00000000,0x00000000,0x00000000,0x00000000,0x00000000,0x00000000,
	0x00000000,0x00000000,0x00000000,0x00000000,0x00000000,0x00000000,0x00000000,0x00000000,
	0x00000000,0x00000000,0x00000000,0x00000000,0x00000000,0x00000000,0x00000000,0x00000000,
	0x00000000,0x00000000,0x00000000,0x00000000,0x00000000,0x00000000,0x00000000,0x00000000,
	0x00000000,0x00000000,0x00000000,0x00000000,0x00000000,0x00000000,0x00000000,0x00000000,
	0x00000000,0x00000000,0x00000000,0x00000000,0x00000000,0x00000000,0x00000000,0x00000000,
	0x00000000,0x00000000,0x00000000,0x00000000,0x00000000,0x00000000,0x00000000,0x00000000,
	0x00000000,0x00000000,0x00000000,0x00000000,0x00000000,0x00000000,0x00000000,0x00000000,

	0x00000000,0x00000000,0x00000000,0x00000000,0x00000000,0x00000000,0x00000000,0x00000000,
	0x00000000,0x00000000,0x00000000,0x00000000,0x00000000,0x00000000,0x00000000,0x00000000,
	0x00000000,0x00000000,0x00000000,0x00000000,0x00000000,0x00000000,0x00000000,0x00000000,
	0x00000000,0x00000000,0x00000000,0x00000000,0x00000000,0x00000000,0x00000000,0x00000000,
	0x00000000,0x00000000,0x00000000,0x00000000,0x00000000,0x00000000,0x00000000,0x00000000,
	0x00000000,0x00000000,0x00000000,0x00000000,0x00000000,0x00000000,0x00000000,0x00000000,
	0x00000000,0x00000000,0x00000000,0x00000000,0x00000000,0x00000000,0x00000000,0x00000000,
	0x00000000,0x00000000,0x00000000,0x00000000,0x00000000,0x00000000,0x00000000,0x00000000,

	0x00000000,0x00000000,0x00000000,0x00000000,0x00000000,0x00000000,0x00000000,0x00000000,
	0x00000000,0x00000000,0x00000000,0x00000000,0x00000000,0x00000000,0x00000000,0x00000000,
	0x00000000,0x00000000,0x00000000,0x00000000,0x00000000,0x00000000,0x00000000,0x00000000,
	0x00000000,0x00000000,0x00000000,0x00000000,0x00000000,0x00000000,0x00000000,0x00000000,
	0x00000000,0x00000000,0x00000000,0x00000000,0x00000000,0x00000000,0x00000000,0x00000000,
	0x00000000,0x00000000,0x00000000,0x00000000,0x00000000,0x00000000,0x00000000,0x00000000,
	0x00000000,0x00000000,0x00000000,0x00000000,0x00000000,0x00000000,0x00000000,0x00000000,
	0x00000000,0x00000000,0x00000000,0x00000000,0x00000000,0x00000000,0x00000000,0x00000000,

	0x00000000,0x00000000,0x00000000,0x00000000,0x00000000,0x00000000,0x00000000,0x00000000,
	0x00000000,0x00000000,0x00000000,0x00000000,0x00000000,0x00000000,0x00000000,0x00000000,
	0x00000000,0x00000000,0x00000000,0x00000000,0x00000000,0x00000000,0x00000000,0x00000000,
	0x00000000,0x00000000,0x00000000,0x00000000,0x00000000,0x00000000,0x00000000,0x00000000,
	0x00000000,0x00000000,0x00000000,0x00000000,0x00000000,0x00000000,0x00000000,0x00000000,
	0x00000000,0x00000000,0x00000000,0x00000000,0x00000000,0x00000000,0x00000000,0x00000000,
	0x00000000,0x00000000,0x00000000,0x00000000,0x00000000,0x00000000,0x00000000,0x00000000,
	0x00000000,0x00000000,0x00000000,0x00000000,0x00000000,0x00000000,0x00000000,0x00000000,

	0x00000000,0x00000000,0x00000000,0x00000000,0x00000000,0x00000000,0x00000000,0x00000000,
	0x00000000,0x00000000,0x00000000,0x00000000,0x00000000,0x00000000,0x00000000,0x00000000,
	0x00000000,0x00000000,0x00000000,0x00000000,0x00000000,0x00000000,0x00000000,0x00000000,
	0x00000000,0x00000000,0x00000000,0x00000000,0x00000000,0x00000000,0x00000000,0x00000000,
	0x00000000,0x00000000,0x00000000,0x00000000,0x00000000,0x00000000,0x00000000,0x00000000,
	0x00000000,0x00000000,0x00000000,0x00000000,0x00000000,0x00000000,0x00000000,0x00000000,
	0x00000000,0x00000000,0x00000000,0x00000000,0x00000000,0x00000000,0x00000000,0x00000000,
	0x00000000,0x00000000,0x00000000,0x00000000,0x00000000,0x00000000,0x00000000,0x00000000,

	0x00000000,0x00000000,0x00000000,0x00000000,0x00000000,0x00000000,0x00000000,0x00000000,
	0x00000000,0x00000000,0x00000000,0x00000000,0x00000000,0x00000000,0x00000000,0x00000000,
	0x22222222,0x22222222,0x22222222,0x22222222,0x22222222,0x22222222,0x22222222,0x22222222,
	0x22222222,0x22222222,0x22222222,0x22222222,0x22222222,0x22222222,0x22222222,0x22222222,
	0x22222222,0x22222222,0x22222222,0x22222222,0x22222222,0x22222222,0x22222222,0x22222222,
	0x22222222,0x22222222,0x22222222,0x22222222,0x22222222,0x22222222,0x22222222,0x22222222,
	0x22222222,0x22222222,0x22222222,0x22222222,0x22222222,0x22222222,0x22222222,0x22222222,
	0x22222222,0x22222222,0x22222222,0x22222222,0x22222222,0x22222222,0x22222222,0x22222222,

	0x22222222,0x22222222,0x22222222,0x22222222,0x22222222,0x22222222,0x22222222,0x22222222,
	0x22222222,0x22222222,0x22222222,0x22222222,0x22222222,0x22222222,0x22222222,0x22222222,
	0x22222222,0x22222222,0x22222222,0x22222222,0x22222222,0x22222222,0x22222222,0x22222222,
	0x22222222,0x22222222,0x22222222,0x22222222,0x22222222,0x22222222,0x22222222,0x22222222,
	0x22222222,0x22222222,0x22222222,0x22222222,0x22222222,0x22222222,0x22222222,0x22222222,
	0x22222222,0x22222222,0x22222222,0x22222222,0x22222222,0x22222222,0x22222222,0x22222222,
	0x00000000,0x00000000,0x00000000,0x00000000,0x00000000,0x00000000,0x00000000,0x00000000,
	0x00000000,0x00000000,0x00000000,0x00000000,0x00000000,0x00000000,0x00000000,0x00000000,

	0x00000000,0x00000000,0x00000000,0x00000000,0x00000000,0x00000000,0x00000000,0x00000000,
	0x00000000,0x00000000,0x00000000,0x00000000,0x00000000,0x00000000,0x00000000,0x00000000,
	0x00000000,0x00000000,0x00000000,0x00000000,0x00000000,0x00000000,0x00000000,0x00000000,
	0x00000000,0x00000000,0x00000000,0x00000000,0x00000000,0x00000000,0x00000000,0x00000000,
	0x00000000,0x00000000,0x00000000,0x00000000,0x00000000,0x00000000,0x00000000,0x00000000,
	0x00000000,0x00000000,0x00000000,0x00000000,0x00000000,0x00000000,0x00000000,0x00000000,
	0x00000000,0x00000000,0x00000000,0x00000000,0x00000000,0x00000000,0x00000000,0x00000000,
	0x00000000,0x00000000,0x00000000,0x00000000,0x00000000,0x00000000,0x00000000,0x00000000,

	0x00000000,0x00000000,0x00000000,0x00000000,0x00000000,0x00000000,0x00000000,0x00000000,
	0x00000000,0x00000000,0x00000000,0x00000000,0x00000000,0x00000000,0x00000000,0x00000000,
	0x00000000,0x00000000,0x00000000,0x00000000,0x00000000,0x00000000,0x00000000,0x00000000,
	0x00000000,0x00000000,0x00000000,0x00000000,0x00000000,0x00000000,0x00000000,0x00000000,
	0x00000000,0x00000000,0x00000000,0x00000000,0x00000000,0x00000000,0x00000000,0x00000000,
	0x00000000,0x00000000,0x00000000,0x00000000,0x00000000,0x00000000,0x00000000,0x00000000,
	0x00000000,0x00000000,0x00000000,0x00000000,0x00000000,0x00000000,0x00000000,0x00000000,
	0x00000000,0x00000000,0x00000000,0x00000000,0x00000000,0x00000000,0x00000000,0x00000000,

	0x00000000,0x00000000,0x00000000,0x00000000,0x00000000,0x00000000,0x00000000,0x00000000,
	0x00000000,0x00000000,0x00000000,0x00000000,0x00000000,0x00000000,0x00000000,0x00000000,
	0x00000000,0x00000000,0x00000000,0x00000000,0x00000000,0x00000000,0x00000000,0x00000000,
	0x00000000,0x00000000,0x00000000,0x00000000,0x00000000,0x00000000,0x00000000,0x00000000,
	0x00000000,0x00000000,0x00000000,0x00000000,0x00000000,0x00000000,0x00000000,0x00000000,
	0x00000000,0x00000000,0x00000000,0x00000000,0x00000000,0x00000000,0x00000000,0x00000000,
	0x00000000,0x00000000,0x00000000,0x00000000,0x00000000,0x00000000,0x00000000,0x00000000,
	0x00000000,0x00000000,0x00000000,0x00000000,0x00000000,0x00000000,0x00000000,0x00000000,

	0x00000000,0x00000000,0x00000000,0x00000000,0x00000000,0x00000000,0x00000000,0x00000000,
	0x00000000,0x00000000,0x00000000,0x00000000,0x00000000,0x00000000,0x00000000,0x00000000,
	0x00000000,0x00000000,0x00000000,0x00000000,0x00000000,0x00000000,0x00000000,0x00000000,
	0x00000000,0x00000000,0x00000000,0x00000000,0x00000000,0x00000000,0x00000000,0x00000000,
	0x00000000,0x00000000,0x00000000,0x00000000,0x00000000,0x00000000,0x00000000,0x00000000,
	0x00000000,0x00000000,0x00000000,0x00000000,0x00000000,0x00000000,0x00000000,0x00000000,
	0x00000000,0x00000000,0x00000000,0x00000000,0x00000000,0x00000000,0x00000000,0x00000000,
	0x00000000,0x00000000,0x00000000,0x00000000,0x00000000,0x00000000,0x00000000,0x00000000,

	0x00000000,0x00000000,0x00000000,0x00000000,0x00000000,0x00000000,0x00000000,0x00000000,
	0x00000000,0x00000000,0x00000000,0x00000000,0x00000000,0x00000000,0x00000000,0x00000000,
	0x00000000,0x00000000,0x00000000,0x00000000,0x00000000,0x00000000,0x00000000,0x00000000,
	0x00000000,0x00000000,0x00000000,0x00000000,0x00000000,0x00000000,0x00000000,0x00000000,
	0x00000000,0x00000000,0x00000000,0x00000000,0x00000000,0x00000000,0x00000000,0x00000000,
	0x00000000,0x00000000,0x00000000,0x00000000,0x00000000,0x00000000,0x00000000,0x00000000,
	0x00000000,0x00000000,0x00000000,0x00000000,0x00000000,0x00000000,0x00000000,0x00000000,
	0x00000000,0x00000000,0x00000000,0x00000000,0x00000000,0x00000000,0x00000000,0x00000000,

	0x00000000,0x00000000,0x00000000,0x00000000,0x00000000,0x00000000,0x00000000,0x00000000,
	0x00000000,0x00000000,0x00000000,0x00000000,0x00000000,0x00000000,0x00000000,0x00000000,
	0x00000000,0x00000000,0x00000000,0x00000000,0x00000000,0x00000000,0x00000000,0x00000000,
	0x00000000,0x00000000,0x00000000,0x00000000,0x00000000,0x00000000,0x00000000,0x00000000,
	0x00000000,0x00000000,0x00000000,0x00000000,0x00000000,0x00000000,0x00000000,0x00000000,
	0x00000000,0x00000000,0x00000000,0x00000000,0x00000000,0x00000000,0x00000000,0x00000000,
	0x00000000,0x00000000,0x00000000,0x00000000,0x00000000,0x00000000,0x00000000,0x00000000,
	0x00000000,0x00000000,0x00000000,0x00000000,0x00000000,0x00000000,0x00000000,0x00000000,

	0x00000000,0x00000000,0x00000000,0x00000000,0x00000000,0x00000000,0x00000000,0x00000000,
	0x00000000,0x00000000,0x00000000,0x00000000,0x00000000,0x00000000,0x00000000,0x00000000,
	0x22222222,0x22222222,0x22222222,0x22222222,0x22222222,0x22222222,0x30303030,0x30303030,
	0x30303030,0x30303030,0x30303030,0x30303030,0x30303030,0x30303030,0x30303030,0x30303030,
	0x22222222,0x22222222,0x22222222,0x22222222,0x22222222,0x22222222,0x30303030,0x30303030,
	0x30303030,0x30303030,0x30303030,0x30303030,0x30303030,0x30303030,0x30303030,0x30303030,
	0x22222222,0x22222222,0x22222222,0x22222222,0x22222222,0x22222222,0x25253030,0x30253030,
	0x30302530,0x19303030,0x24302530,0x30302424,0x23302530,0x24242424,0x19302530,0x24301924,

	0x22222222,0x22222222,0x22222222,0x22222222,0x22222222,0x22222222,0x30193019,0x30303019,
	0x19251930,0x30243025,0x24192424,0x30302430,0x23242424,0x30243019,0x24242424,0x30302424,
	0x22222222,0x22222222,0x22222222,0x22222222,0x22222222,0x22222222,0x30303030,0x30303030,
	0x30303030,0x30303030,0x30303030,0x30303030,0x30303030,0x30303030,0x30303030,0x30303030,
	0x22222222,0x22222222,0x22222222,0x22222222,0x22222222,0x22222222,0x30303030,0x30303030,
	0x30303030,0x30303030,0x30303030,0x30303030,0x30303030,0x30303030,0x30303030,0x30303030,
	0x00000000,0x00000000,0x00000000,0x00000000,0x00000000,0x00000000,0x00000000,0x00000000,
	0x00000000,0x00000000,0x00000000,0x00000000,0x00000000,0x00000000,0x00000000,0x00000000,

	0x00000000,0x00000000,0x00000000,0x00000000,0x00000000,0x00000000,0x00000000,0x00000000,
	0x00000000,0x00000000,0x00000000,0x00000000,0x00000000,0x00000000,0x00000000,0x00000000,
	0x00000000,0x00000000,0x00000000,0x00000000,0x00000000,0x00000000,0x00000000,0x00000000,
	0x00000000,0x00000000,0x00000000,0x00000000,0x00000000,0x00000000,0x00000000,0x00000000,
	0x00000000,0x00000000,0x00000000,0x00000000,0x00000000,0x00000000,0x00000000,0x00000000,
	0x00000000,0x00000000,0x00000000,0x00000000,0x00000000,0x00000000,0x00000000,0x00000000,
	0x00000000,0x00000000,0x00000000,0x00000000,0x00000000,0x00000000,0x00000000,0x00000000,
	0x00000000,0x00000000,0x00000000,0x00000000,0x00000000,0x00000000,0x00000000,0x00000000,

	0x00000000,0x00000000,0x00000000,0x00000000,0x00000000,0x00000000,0x00000000,0x00000000,
	0x00000000,0x00000000,0x00000000,0x00000000,0x00000000,0x00000000,0x00000000,0x00000000,
	0x00000000,0x00000000,0x00000000,0x00000000,0x00000000,0x00000000,0x00000000,0x00000000,
	0x00000000,0x00000000,0x00000000,0x00000000,0x00000000,0x00000000,0x00000000,0x00000000,
	0x00000000,0x00000000,0x00000000,0x00000000,0x00000000,0x00000000,0x00000000,0x00000000,
	0x00000000,0x00000000,0x00000000,0x00000000,0x00000000,0x00000000,0x00000000,0x00000000,
	0x00000000,0x00000000,0x00000000,0x00000000,0x00000000,0x00000000,0x00000000,0x00000000,
	0x00000000,0x00000000,0x00000000,0x00000000,0x00000000,0x00000000,0x00000000,0x00000000,

	0x00000000,0x00000000,0x00000000,0x00000000,0x00000000,0x00000000,0x00000000,0x00000000,
	0x00000000,0x00000000,0x00000000,0x00000000,0x00000000,0x00000000,0x00000000,0x00000000,
	0x00000000,0x00000000,0x00000000,0x00000000,0x00000000,0x00000000,0x00000000,0x00000000,
	0x00000000,0x00000000,0x00000000,0x00000000,0x00000000,0x00000000,0x00000000,0x00000000,
	0x00000000,0x00000000,0x00000000,0x00000000,0x00000000,0x00000000,0x00000000,0x00000000,
	0x00000000,0x00000000,0x00000000,0x00000000,0x00000000,0x00000000,0x00000000,0x00000000,
	0x00000000,0x00000000,0x00000000,0x00000000,0x00000000,0x00000000,0x00000000,0x00000000,
	0x00000000,0x00000000,0x00000000,0x00000000,0x00000000,0x00000000,0x00000000,0x00000000,

	0x00000000,0x00000000,0x00000000,0x00000000,0x00000000,0x00000000,0x00000000,0x00000000,
	0x00000000,0x00000000,0x00000000,0x00000000,0x00000000,0x00000000,0x00000000,0x00000000,
	0x00000000,0x00000000,0x00000000,0x00000000,0x00000000,0x00000000,0x00000000,0x00000000,
	0x00000000,0x00000000,0x00000000,0x00000000,0x00000000,0x00000000,0x00000000,0x00000000,
	0x00000000,0x00000000,0x00000000,0x00000000,0x00000000,0x00000000,0x00000000,0x00000000,
	0x00000000,0x00000000,0x00000000,0x00000000,0x00000000,0x00000000,0x00000000,0x00000000,
	0x00000000,0x00000000,0x00000000,0x00000000,0x00000000,0x00000000,0x00000000,0x00000000,
	0x00000000,0x00000000,0x00000000,0x00000000,0x00000000,0x00000000,0x00000000,0x00000000,

	0x00000000,0x00000000,0x00000000,0x00000000,0x00000000,0x00000000,0x00000000,0x00000000,
	0x00000000,0x00000000,0x00000000,0x00000000,0x00000000,0x00000000,0x00000000,0x00000000,
	0x00000000,0x00000000,0x00000000,0x00000000,0x00000000,0x00000000,0x00000000,0x00000000,
	0x00000000,0x00000000,0x00000000,0x00000000,0x00000000,0x00000000,0x00000000,0x00000000,
	0x00000000,0x00000000,0x00000000,0x00000000,0x00000000,0x00000000,0x00000000,0x00000000,
	0x00000000,0x00000000,0x00000000,0x00000000,0x00000000,0x00000000,0x00000000,0x00000000,
	0x00000000,0x00000000,0x00000000,0x00000000,0x00000000,0x00000000,0x00000000,0x00000000,
	0x00000000,0x00000000,0x00000000,0x00000000,0x00000000,0x00000000,0x00000000,0x00000000,

	0x00000000,0x00000000,0x00000000,0x00000000,0x00000000,0x00000000,0x00000000,0x00000000,
	0x00000000,0x00000000,0x00000000,0x00000000,0x00000000,0x00000000,0x00000000,0x00000000,
	0x00000000,0x00000000,0x00000000,0x00000000,0x00000000,0x00000000,0x00000000,0x00000000,
	0x00000000,0x00000000,0x00000000,0x00000000,0x00000000,0x00000000,0x00000000,0x00000000,
	0x00000000,0x00000000,0x00000000,0x00000000,0x00000000,0x00000000,0x00000000,0x00000000,
	0x00000000,0x00000000,0x00000000,0x00000000,0x00000000,0x00000000,0x00000000,0x00000000,
	0x00000000,0x00000000,0x00000000,0x00000000,0x00000000,0x00000000,0x00000000,0x00000000,
	0x00000000,0x00000000,0x00000000,0x00000000,0x00000000,0x00000000,0x00000000,0x00000000,

	0x00000000,0x00000000,0x00000000,0x00000000,0x00000000,0x00000000,0x00000000,0x00000000,
	0x00000000,0x00000000,0x00000000,0x00000000,0x00000000,0x00000000,0x00000000,0x00000000,
	0x30303030,0x30303030,0x30303030,0x30303030,0x30303030,0x30303030,0x30303030,0x30303030,
	0x30303030,0x30303030,0x15151515,0x15151515,0x15151515,0x15151515,0x15151515,0x15151515,
	0x30303030,0x3030302E,0x30303030,0x30303030,0x30303030,0x30303030,0x30303030,0x30303030,
	0x30303030,0x30303030,0x15151515,0x15151515,0x15151515,0x15151515,0x15151515,0x15151515,
	0x24302530,0x24242419,0x19252430,0x24241924,0x24302530,0x24242430,0x24303030,0x30303030,
	0x24243030,0x30303030,0x15151515,0x15151515,0x15151515,0x15151515,0x15151515,0x15151515,

	0x24242424,0x30303024,0x24241924,0x30303023,0x30192419,0x30303024,0x30243030,0x30303024,
	0x24302430,0x30303024,0x15151515,0x15151515,0x15151515,0x15151515,0x15151515,0x15151515,
	0x30303030,0x30303030,0x30303030,0x30303030,0x30303030,0x30303030,0x30303030,0x30303030,
	0x30303030,0x30303030,0x15151515,0x15151515,0x15151515,0x15151515,0x15151515,0x15151515,
	0x30303030,0x30303030,0x30303030,0x30303030,0x30303030,0x30303030,0x30303030,0x30303030,
	0x30303030,0x30303030,0x15151515,0x15151515,0x15151515,0x15151515,0x15151515,0x15151515,
	0x00000000,0x00000000,0x00000000,0x00000000,0x00000000,0x00000000,0x00000000,0x00000000,
	0x00000000,0x00000000,0x00000000,0x00000000,0x00000000,0x00000000,0x00000000,0x00000000,

	0x00000000,0x00000000,0x00000000,0x00000000,0x00000000,0x00000000,0x00000000,0x00000000,
	0x00000000,0x00000000,0x00000000,0x00000000,0x00000000,0x00000000,0x00000000,0x00000000,
	0x00000000,0x00000000,0x00000000,0x00000000,0x00000000,0x00000000,0x00000000,0x00000000,
	0x00000000,0x00000000,0x00000000,0x00000000,0x00000000,0x00000000,0x00000000,0x00000000,
	0x00000000,0x00000000,0x00000000,0x00000000,0x00000000,0x00000000,0x00000000,0x00000000,
	0x00000000,0x00000000,0x00000000,0x00000000,0x00000000,0x00000000,0x00000000,0x00000000,
	0x00000000,0x00000000,0x00000000,0x00000000,0x00000000,0x00000000,0x00000000,0x00000000,
	0x00000000,0x00000000,0x00000000,0x00000000,0x00000000,0x00000000,0x00000000,0x00000000,

	0x00000000,0x00000000,0x00000000,0x00000000,0x00000000,0x00000000,0x00000000,0x00000000,
	0x00000000,0x00000000,0x00000000,0x00000000,0x00000000,0x00000000,0x00000000,0x00000000,
	0x00000000,0x00000000,0x00000000,0x00000000,0x00000000,0x00000000,0x00000000,0x00000000,
	0x00000000,0x00000000,0x00000000,0x00000000,0x00000000,0x00000000,0x00000000,0x00000000,
	0x00000000,0x00000000,0x00000000,0x00000000,0x00000000,0x00000000,0x00000000,0x00000000,
	0x00000000,0x00000000,0x00000000,0x00000000,0x00000000,0x00000000,0x00000000,0x00000000,
	0x00000000,0x00000000,0x00000000,0x00000000,0x00000000,0x00000000,0x00000000,0x00000000,
	0x00000000,0x00000000,0x00000000,0x00000000,0x00000000,0x00000000,0x00000000,0x00000000,

	0x00000000,0x00000000,0x00000000,0x00000000,0x00000000,0x00000000,0x00000000,0x00000000,
	0x00000000,0x00000000,0x00000000,0x00000000,0x00000000,0x00000000,0x00000000,0x00000000,
	0x00000000,0x00000000,0x00000000,0x00000000,0x00000000,0x00000000,0x00000000,0x00000000,
	0x00000000,0x00000000,0x00000000,0x00000000,0x00000000,0x00000000,0x00000000,0x00000000,
	0x00000000,0x00000000,0x00000000,0x00000000,0x00000000,0x00000000,0x00000000,0x00000000,
	0x00000000,0x00000000,0x00000000,0x00000000,0x00000000,0x00000000,0x00000000,0x00000000,
	0x00000000,0x00000000,0x00000000,0x00000000,0x00000000,0x00000000,0x00000000,0x00000000,
	0x00000000,0x00000000,0x00000000,0x00000000,0x00000000,0x00000000,0x00000000,0x00000000,

	0x00000000,0x00000000,0x00000000,0x00000000,0x00000000,0x00000000,0x00000000,0x00000000,
	0x00000000,0x00000000,0x00000000,0x00000000,0x00000000,0x00000000,0x00000000,0x00000000,
	0x00000000,0x00000000,0x00000000,0x00000000,0x00000000,0x00000000,0x00000000,0x00000000,
	0x00000000,0x00000000,0x00000000,0x00000000,0x00000000,0x00000000,0x00000000,0x00000000,
	0x00000000,0x00000000,0x00000000,0x00000000,0x00000000,0x00000000,0x00000000,0x00000000,
	0x00000000,0x00000000,0x00000000,0x00000000,0x00000000,0x00000000,0x00000000,0x00000000,
	0x00000000,0x00000000,0x00000000,0x00000000,0x00000000,0x00000000,0x00000000,0x00000000,
	0x00000000,0x00000000,0x00000000,0x00000000,0x00000000,0x00000000,0x00000000,0x00000000,

	0x00000000,0x00000000,0x00000000,0x00000000,0x00000000,0x00000000,0x00000000,0x00000000,
	0x00000000,0x00000000,0x00000000,0x00000000,0x00000000,0x00000000,0x00000000,0x00000000,
	0x00000000,0x00000000,0x00000000,0x00000000,0x00000000,0x00000000,0x00000000,0x00000000,
	0x00000000,0x00000000,0x00000000,0x00000000,0x00000000,0x00000000,0x00000000,0x00000000,
	0x00000000,0x00000000,0x00000000,0x00000000,0x00000000,0x00000000,0x00000000,0x00000000,
	0x00000000,0x00000000,0x00000000,0x00000000,0x00000000,0x00000000,0x00000000,0x00000000,
	0x00000000,0x00000000,0x00000000,0x00000000,0x00000000,0x00000000,0x00000000,0x00000000,
	0x00000000,0x00000000,0x00000000,0x00000000,0x00000000,0x00000000,0x00000000,0x00000000,

	0x00000000,0x00000000,0x00000000,0x00000000,0x00000000,0x00000000,0x00000000,0x00000000,
	0x00000000,0x00000000,0x00000000,0x00000000,0x00000000,0x00000000,0x00000000,0x00000000,
	0x00000000,0x00000000,0x00000000,0x00000000,0x00000000,0x00000000,0x00000000,0x00000000,
	0x00000000,0x00000000,0x00000000,0x00000000,0x00000000,0x00000000,0x00000000,0x00000000,
	0x00000000,0x00000000,0x00000000,0x00000000,0x00000000,0x00000000,0x00000000,0x00000000,
	0x00000000,0x00000000,0x00000000,0x00000000,0x00000000,0x00000000,0x00000000,0x00000000,
	0x00000000,0x00000000,0x00000000,0x00000000,0x00000000,0x00000000,0x00000000,0x00000000,
	0x00000000,0x00000000,0x00000000,0x00000000,0x00000000,0x00000000,0x00000000,0x00000000,

	0x00000000,0x00000000,0x00000000,0x00000000,0x00000000,0x00000000,0x00000000,0x00000000,
	0x00000000,0x00000000,0x00000000,0x00000000,0x00000000,0x00000000,0x00000000,0x00000000,
	0x15151515,0x15151515,0x15151515,0x15151515,0x15151515,0x15151515,0x15151515,0x15151515,
	0x15151515,0x15151515,0x15151515,0x15151515,0x15151515,0x15151515,0x15151515,0x15151515,
	0x15151515,0x15151515,0x15151515,0x15151515,0x15151515,0x15151515,0x15151515,0x15151515,
	0x15151515,0x15151515,0x15151515,0x15151515,0x15151515,0x15151515,0x15151515,0x15151515,
	0x15151515,0x15151515,0x15151515,0x15151515,0x15151515,0x15151515,0x15151515,0x15151515,
	0x15151515,0x15151515,0x15151515,0x15151515,0x15151515,0x15151515,0x15151515,0x15151515,

	0x15151515,0x15151515,0x15151515,0x15151515,0x15151515,0x15151515,0x15151515,0x15151515,
	0x15151515,0x15151515,0x15151515,0x15151515,0x15151515,0x15151515,0x15151515,0x15151515,
	0x15151515,0x15151515,0x15151515,0x15151515,0x15151515,0x15151515,0x15151515,0x15151515,
	0x15151515,0x15151515,0x15151515,0x15151515,0x15151515,0x15151515,0x15151515,0x15151515,
	0x15151515,0x15151515,0x15151515,0x15151515,0x15151515,0x15151515,0x15151515,0x15151515,
	0x15151515,0x15151515,0x15151515,0x15151515,0x15151515,0x15151515,0x15151515,0x15151515,
	0x00000000,0x00000000,0x00000000,0x00000000,0x00000000,0x00000000,0x00000000,0x00000000,
	0x00000000,0x00000000,0x00000000,0x00000000,0x00000000,0x00000000,0x00000000,0x00000000,
};

//}}BLOCK(flags_sheet4)

//{{BLOCK(flags_sheet4Shared)

//======================================================================
//
//	flags_sheet4Shared, 16x16@8, 
//	Transparent color : FF,00,FF
//	+ palette 49 entries, not compressed
//	Total size: 98 = 98
//
//	Time-stamp: 2026-09-07, 18:30:44
//	Exported by Cearn's GBA Image Transmogrifier, v1.17.1-dirty
//	( http://www.coranac.com/projects/#grit )
//
//======================================================================

const unsigned short flags_sheet4SharedPal[50] __attribute__((aligned(4))) __attribute__((visibility("hidden")))=
{
	0x781F,0x0001,0x0021,0x0021,0x0021,0x0021,0x0021,0x0021,
	0x0012,0x0012,0x0012,0x34A1,0x041F,0x041F,0x041F,0x041F,
	0x5121,0x0000,0x18B8,0x21A5,0x6601,0x253F,0x266A,0x266A,
	0x0DF7,0x0DF7,0x0DF7,0x0DF7,0x4A31,0x4A31,0x7AC2,0x1A3E,
	0x5AB4,0x1EBE,0x2F2F,0x1ABE,0x1EBE,0x22BE,0x575E,0x377F,
	0x03FF,0x03FF,0x7FFF,0x7FFF,0x7FFF,0x7FFF,0x7FFF,0x7FFF,
	0x7FFF,
};

//}}BLOCK(flags_sheet4Shared)
