
//{{BLOCK(flags_sheet0)

//======================================================================
//
//	flags_sheet0, 256x256@8, 
//	Transparent color : FF,00,FF
//	+ 1024 tiles not compressed
//	Total size: 65536 = 65536
//
//	Time-stamp: 2026-08-10, 15:52:37
//	Exported by Cearn's GBA Image Transmogrifier, v1.17.1-dirty
//	( http://www.coranac.com/projects/#grit )
//
//======================================================================

const unsigned int flags_sheet0Tiles[16384] __attribute__((aligned(4))) __attribute__((visibility("hidden")))=
{
	0x00000000,0x00000000,0x00000000,0x00000000,0x00000000,0x00000000,0x00000000,0x00000000,
	0x00000000,0x00000000,0x00000000,0x00000000,0x00000000,0x00000000,0x00000000,0x00000000,
	0x00000000,0x00000000,0x00000000,0x00000000,0x00000000,0x00000000,0x00000000,0x00000000,
	0x00000000,0x00000000,0x00000000,0x00000000,0x00000000,0x00000000,0x00000000,0x00000000,
	0x00000000,0x00000000,0x00000000,0x00000000,0x00000000,0x00000000,0x00000000,0x00000000,
	0x00000000,0x00000000,0x00000000,0x00000000,0x00000000,0x00000000,0x00000000,0x00000000,
	0x00000000,0x00000000,0x00000000,0x00000000,0x00000000,0x00000000,0x00000000,0x00000000,
	0x00000000,0x00000000,0x00000000,0x00000000,0x00000000,0x00000000,0x00000000,0x00000000,

	0x00000000,0x00000000,0x00000000,0x00000000,0x00000000,0x00000000,0x00000000,0x00000000,
	0x00000000,0x00000000,0x00000000,0x00000000,0x00000000,0x00000000,0x00000000,0x00000000,
	0x00000000,0x00000000,0x00000000,0x00000000,0x00000000,0x00000000,0x00000000,0x00000000,
	0x00000000,0x00000000,0x00000000,0x00000000,0x00000000,0x00000000,0x00000000,0x00000000,
	0x00000000,0x00000000,0x00000000,0x00000000,0x00000000,0x00000000,0x00000000,0x00000000,
	0x00000000,0x00000000,0x00000000,0x00000000,0x00000000,0x00000000,0x00000000,0x00000000,
	0x00000000,0x00000000,0x00000000,0x00000000,0x00000000,0x00000000,0x00000000,0x00000000,
	0x00000000,0x00000000,0x00000000,0x00000000,0x00000000,0x00000000,0x00000000,0x00000000,

	0x00000000,0x00000000,0x00000000,0x00000000,0x00000000,0x00000000,0x00000000,0x00000000,
	0x00000000,0x00000000,0x00000000,0x00000000,0x00000000,0x00000000,0x00000000,0x00000000,
	0x04040404,0x04040404,0x04040404,0x04040404,0x04040404,0x04040404,0x04040404,0x04040404,
	0x04040404,0x04040404,0x04040404,0x04040404,0x04040404,0x04040404,0x04040404,0x04040404,
	0x04040404,0x04040404,0x04040404,0x04040404,0x04040404,0x04040404,0x04040404,0x04040404,
	0x04040404,0x04040404,0x04040404,0x04040404,0x04040404,0x04040404,0x04040404,0x04040404,
	0x04040404,0x03030303,0x04040404,0x03030303,0x04040404,0x03030303,0x04040404,0x03030303,
	0x04040404,0x03030303,0x04040404,0x03030303,0x04040404,0x03030303,0x04040404,0x03030303,

	0x03030303,0x03030303,0x03030303,0x03030303,0x03030303,0x03030303,0x03030303,0x03030303,
	0x03030303,0x03030303,0x03030303,0x03030303,0x03030303,0x03030303,0x03030303,0x03030303,
	0x03030303,0x03030303,0x03030303,0x03030303,0x03030303,0x03030303,0x03030303,0x03030303,
	0x03030303,0x03030303,0x03030303,0x03030303,0x03030303,0x03030303,0x03030303,0x03030303,
	0x03030303,0x03030303,0x03030303,0x03030303,0x03030303,0x03030303,0x03030303,0x03030303,
	0x03030303,0x03030303,0x03030303,0x03030303,0x03030303,0x03030303,0x03030303,0x03030303,
	0x00000000,0x00000000,0x00000000,0x00000000,0x00000000,0x00000000,0x00000000,0x00000000,
	0x00000000,0x00000000,0x00000000,0x00000000,0x00000000,0x00000000,0x00000000,0x00000000,

	0x00000000,0x00000000,0x00000000,0x00000000,0x00000000,0x00000000,0x00000000,0x00000000,
	0x00000000,0x00000000,0x00000000,0x00000000,0x00000000,0x00000000,0x00000000,0x00000000,
	0x00000000,0x00000000,0x00000000,0x00000000,0x00000000,0x00000000,0x00000000,0x00000000,
	0x00000000,0x00000000,0x00000000,0x00000000,0x00000000,0x00000000,0x00000000,0x00000000,
	0x00000000,0x00000000,0x00000000,0x00000000,0x00000000,0x00000000,0x00000000,0x00000000,
	0x00000000,0x00000000,0x00000000,0x00000000,0x00000000,0x00000000,0x00000000,0x00000000,
	0x00000000,0x00000000,0x00000000,0x00000000,0x00000000,0x00000000,0x00000000,0x00000000,
	0x00000000,0x00000000,0x00000000,0x00000000,0x00000000,0x00000000,0x00000000,0x00000000,

	0x00000000,0x00000000,0x00000000,0x00000000,0x00000000,0x00000000,0x00000000,0x00000000,
	0x00000000,0x00000000,0x00000000,0x00000000,0x00000000,0x00000000,0x00000000,0x00000000,
	0x00000000,0x00000000,0x00000000,0x00000000,0x00000000,0x00000000,0x00000000,0x00000000,
	0x00000000,0x00000000,0x00000000,0x00000000,0x00000000,0x00000000,0x00000000,0x00000000,
	0x00000000,0x00000000,0x00000000,0x00000000,0x00000000,0x00000000,0x00000000,0x00000000,
	0x00000000,0x00000000,0x00000000,0x00000000,0x00000000,0x00000000,0x00000000,0x00000000,
	0x00000000,0x00000000,0x00000000,0x00000000,0x00000000,0x00000000,0x00000000,0x00000000,
	0x00000000,0x00000000,0x00000000,0x00000000,0x00000000,0x00000000,0x00000000,0x00000000,

	0x00000000,0x00000000,0x00000000,0x00000000,0x00000000,0x00000000,0x00000000,0x00000000,
	0x00000000,0x00000000,0x00000000,0x00000000,0x00000000,0x00000000,0x00000000,0x00000000,
	0x00000000,0x00000000,0x00000000,0x00000000,0x00000000,0x00000000,0x00000000,0x00000000,
	0x00000000,0x00000000,0x00000000,0x00000000,0x00000000,0x00000000,0x00000000,0x00000000,
	0x00000000,0x00000000,0x00000000,0x00000000,0x00000000,0x00000000,0x00000000,0x00000000,
	0x00000000,0x00000000,0x00000000,0x00000000,0x00000000,0x00000000,0x00000000,0x00000000,
	0x00000000,0x00000000,0x00000000,0x00000000,0x00000000,0x00000000,0x00000000,0x00000000,
	0x00000000,0x00000000,0x00000000,0x00000000,0x00000000,0x00000000,0x00000000,0x00000000,

	0x00000000,0x00000000,0x00000000,0x00000000,0x00000000,0x00000000,0x00000000,0x00000000,
	0x00000000,0x00000000,0x00000000,0x00000000,0x00000000,0x00000000,0x00000000,0x00000000,
	0x00000000,0x00000000,0x00000000,0x00000000,0x00000000,0x00000000,0x00000000,0x00000000,
	0x00000000,0x00000000,0x00000000,0x00000000,0x00000000,0x00000000,0x00000000,0x00000000,
	0x00000000,0x00000000,0x00000000,0x00000000,0x00000000,0x00000000,0x00000000,0x00000000,
	0x00000000,0x00000000,0x00000000,0x00000000,0x00000000,0x00000000,0x00000000,0x00000000,
	0x00000000,0x00000000,0x00000000,0x00000000,0x00000000,0x00000000,0x00000000,0x00000000,
	0x00000000,0x00000000,0x00000000,0x00000000,0x00000000,0x00000000,0x00000000,0x00000000,

	0x00000000,0x00000000,0x00000000,0x00000000,0x00000000,0x00000000,0x00000000,0x00000000,
	0x00000000,0x00000000,0x00000000,0x00000000,0x00000000,0x00000000,0x00000000,0x00000000,
	0x00000000,0x00000000,0x00000000,0x00000000,0x00000000,0x00000000,0x00000000,0x00000000,
	0x00000000,0x00000000,0x00000000,0x00000000,0x00000000,0x00000000,0x00000000,0x00000000,
	0x00000000,0x00000000,0x00000000,0x00000000,0x00000000,0x00000000,0x00000000,0x00000000,
	0x00000000,0x00000000,0x00000000,0x00000000,0x00000000,0x00000000,0x00000000,0x00000000,
	0x00000000,0x00000000,0x00000000,0x00000000,0x00000000,0x00000000,0x00000000,0x00000000,
	0x00000000,0x00000000,0x00000000,0x00000000,0x00000000,0x00000000,0x00000000,0x00000000,

	0x00000000,0x00000000,0x00000000,0x00000000,0x00000000,0x00000000,0x00000000,0x00000000,
	0x00000000,0x00000000,0x00000000,0x00000000,0x00000000,0x00000000,0x00000000,0x00000000,
	0x00000000,0x00000000,0x00000000,0x00000000,0x00000000,0x00000000,0x00000000,0x00000000,
	0x00000000,0x00000000,0x00000000,0x00000000,0x00000000,0x00000000,0x00000000,0x00000000,
	0x00000000,0x00000000,0x00000000,0x00000000,0x00000000,0x00000000,0x00000000,0x00000000,
	0x00000000,0x00000000,0x00000000,0x00000000,0x00000000,0x00000000,0x00000000,0x00000000,
	0x00000000,0x00000000,0x00000000,0x00000000,0x00000000,0x00000000,0x00000000,0x00000000,
	0x00000000,0x00000000,0x00000000,0x00000000,0x00000000,0x00000000,0x00000000,0x00000000,

	0x00000000,0x00000000,0x00000000,0x00000000,0x00000000,0x00000000,0x00000000,0x00000000,
	0x00000000,0x00000000,0x00000000,0x00000000,0x00000000,0x00000000,0x00000000,0x00000000,
	0x04040404,0x04040404,0x04040404,0x04040404,0x04040404,0x04040404,0x04040404,0x04040404,
	0x04040404,0x04040404,0x04040404,0x04040404,0x04040404,0x04040404,0x04040404,0x04040404,
	0x04040404,0x04040404,0x04040404,0x04040404,0x04040404,0x19190404,0x04040404,0x14041904,
	0x04040404,0x14191904,0x04040404,0x14191919,0x04040404,0x14040419,0x04040404,0x14190419,
	0x19190404,0x03031919,0x19041919,0x19190303,0x19040404,0x03030303,0x14141414,0x14141414,
	0x19030319,0x14190303,0x1A1A1A03,0x14031A1A,0x021A1A03,0x14031A1A,0x1A1A1A03,0x14031A1A,

	0x03030303,0x03030303,0x03030303,0x03030303,0x03030319,0x03030303,0x03031919,0x03030303,
	0x03191903,0x03030303,0x03190319,0x03030303,0x03190303,0x03030303,0x19031919,0x03030303,
	0x03030303,0x03030303,0x03030303,0x03030303,0x03030303,0x03030303,0x03030303,0x03030303,
	0x03030303,0x03030303,0x03030303,0x03030303,0x03030303,0x03030303,0x03030303,0x03030303,
	0x03030303,0x03030303,0x03030303,0x03030303,0x03030303,0x03030303,0x03030303,0x03030303,
	0x03030303,0x03030303,0x03030303,0x03030303,0x03030303,0x03030303,0x03030303,0x03030303,
	0x00000000,0x00000000,0x00000000,0x00000000,0x00000000,0x00000000,0x00000000,0x00000000,
	0x00000000,0x00000000,0x00000000,0x00000000,0x00000000,0x00000000,0x00000000,0x00000000,

	0x00000000,0x00000000,0x00000000,0x00000000,0x00000000,0x00000000,0x00000000,0x00000000,
	0x00000000,0x00000000,0x00000000,0x00000000,0x00000000,0x00000000,0x00000000,0x00000000,
	0x00000000,0x00000000,0x00000000,0x00000000,0x00000000,0x00000000,0x00000000,0x00000000,
	0x00000000,0x00000000,0x00000000,0x00000000,0x00000000,0x00000000,0x00000000,0x00000000,
	0x00000000,0x00000000,0x00000000,0x00000000,0x00000000,0x00000000,0x00000000,0x00000000,
	0x00000000,0x00000000,0x00000000,0x00000000,0x00000000,0x00000000,0x00000000,0x00000000,
	0x00000000,0x00000000,0x00000000,0x00000000,0x00000000,0x00000000,0x00000000,0x00000000,
	0x00000000,0x00000000,0x00000000,0x00000000,0x00000000,0x00000000,0x00000000,0x00000000,

	0x00000000,0x00000000,0x00000000,0x00000000,0x00000000,0x00000000,0x00000000,0x00000000,
	0x00000000,0x00000000,0x00000000,0x00000000,0x00000000,0x00000000,0x00000000,0x00000000,
	0x00000000,0x00000000,0x00000000,0x00000000,0x00000000,0x00000000,0x00000000,0x00000000,
	0x00000000,0x00000000,0x00000000,0x00000000,0x00000000,0x00000000,0x00000000,0x00000000,
	0x00000000,0x00000000,0x00000000,0x00000000,0x00000000,0x00000000,0x00000000,0x00000000,
	0x00000000,0x00000000,0x00000000,0x00000000,0x00000000,0x00000000,0x00000000,0x00000000,
	0x00000000,0x00000000,0x00000000,0x00000000,0x00000000,0x00000000,0x00000000,0x00000000,
	0x00000000,0x00000000,0x00000000,0x00000000,0x00000000,0x00000000,0x00000000,0x00000000,

	0x00000000,0x00000000,0x00000000,0x00000000,0x00000000,0x00000000,0x00000000,0x00000000,
	0x00000000,0x00000000,0x00000000,0x00000000,0x00000000,0x00000000,0x00000000,0x00000000,
	0x00000000,0x00000000,0x00000000,0x00000000,0x00000000,0x00000000,0x00000000,0x00000000,
	0x00000000,0x00000000,0x00000000,0x00000000,0x00000000,0x00000000,0x00000000,0x00000000,
	0x00000000,0x00000000,0x00000000,0x00000000,0x00000000,0x00000000,0x00000000,0x00000000,
	0x00000000,0x00000000,0x00000000,0x00000000,0x00000000,0x00000000,0x00000000,0x00000000,
	0x00000000,0x00000000,0x00000000,0x00000000,0x00000000,0x00000000,0x00000000,0x00000000,
	0x00000000,0x00000000,0x00000000,0x00000000,0x00000000,0x00000000,0x00000000,0x00000000,

	0x00000000,0x00000000,0x00000000,0x00000000,0x00000000,0x00000000,0x00000000,0x00000000,
	0x00000000,0x00000000,0x00000000,0x00000000,0x00000000,0x00000000,0x00000000,0x00000000,
	0x00000000,0x00000000,0x00000000,0x00000000,0x00000000,0x00000000,0x00000000,0x00000000,
	0x00000000,0x00000000,0x00000000,0x00000000,0x00000000,0x00000000,0x00000000,0x00000000,
	0x00000000,0x00000000,0x00000000,0x00000000,0x00000000,0x00000000,0x00000000,0x00000000,
	0x00000000,0x00000000,0x00000000,0x00000000,0x00000000,0x00000000,0x00000000,0x00000000,
	0x00000000,0x00000000,0x00000000,0x00000000,0x00000000,0x00000000,0x00000000,0x00000000,
	0x00000000,0x00000000,0x00000000,0x00000000,0x00000000,0x00000000,0x00000000,0x00000000,

	0x00000000,0x00000000,0x00000000,0x00000000,0x00000000,0x00000000,0x00000000,0x00000000,
	0x00000000,0x00000000,0x00000000,0x00000000,0x00000000,0x00000000,0x00000000,0x00000000,
	0x00000000,0x00000000,0x00000000,0x00000000,0x00000000,0x00000000,0x00000000,0x00000000,
	0x00000000,0x00000000,0x00000000,0x00000000,0x00000000,0x00000000,0x00000000,0x00000000,
	0x00000000,0x00000000,0x00000000,0x00000000,0x00000000,0x00000000,0x00000000,0x00000000,
	0x00000000,0x00000000,0x00000000,0x00000000,0x00000000,0x00000000,0x00000000,0x00000000,
	0x00000000,0x00000000,0x00000000,0x00000000,0x00000000,0x00000000,0x00000000,0x00000000,
	0x00000000,0x00000000,0x00000000,0x00000000,0x00000000,0x00000000,0x00000000,0x00000000,

	0x00000000,0x00000000,0x00000000,0x00000000,0x00000000,0x00000000,0x00000000,0x00000000,
	0x00000000,0x00000000,0x00000000,0x00000000,0x00000000,0x00000000,0x00000000,0x00000000,
	0x00000000,0x00000000,0x00000000,0x00000000,0x00000000,0x00000000,0x00000000,0x00000000,
	0x00000000,0x00000000,0x00000000,0x00000000,0x00000000,0x00000000,0x00000000,0x00000000,
	0x00000000,0x00000000,0x00000000,0x00000000,0x00000000,0x00000000,0x00000000,0x00000000,
	0x00000000,0x00000000,0x00000000,0x00000000,0x00000000,0x00000000,0x00000000,0x00000000,
	0x00000000,0x00000000,0x00000000,0x00000000,0x00000000,0x00000000,0x00000000,0x00000000,
	0x00000000,0x00000000,0x00000000,0x00000000,0x00000000,0x00000000,0x00000000,0x00000000,

	0x00000000,0x00000000,0x00000000,0x00000000,0x00000000,0x00000000,0x00000000,0x00000000,
	0x00000000,0x00000000,0x00000000,0x00000000,0x00000000,0x00000000,0x00000000,0x00000000,
	0x04040404,0x04040404,0x04040404,0x04040404,0x04040404,0x04040404,0x04040404,0x04040404,
	0x04040404,0x04040404,0x04040404,0x04040404,0x04040404,0x04040404,0x04040404,0x04040404,
	0x04040404,0x14041919,0x04040404,0x14190419,0x04040404,0x14040419,0x04040404,0x14190419,
	0x04040404,0x04041904,0x04040404,0x19190404,0x04040404,0x19040404,0x04040404,0x04040404,
	0x021A0219,0x1419021A,0x1A1A1A03,0x14031A1A,0x021A1A03,0x14031A1A,0x1A1A0319,0x1419031A,
	0x03030314,0x19140303,0x14141404,0x03031414,0x19040404,0x19030303,0x19191919,0x03191919,

	0x19190303,0x03030303,0x19031919,0x03030303,0x03190303,0x03030303,0x03190319,0x03030303,
	0x03191919,0x03030303,0x03031903,0x03030303,0x03030319,0x03030303,0x03030303,0x03030303,
	0x03030303,0x03030303,0x03030303,0x03030303,0x03030303,0x03030303,0x03030303,0x03030303,
	0x03030303,0x03030303,0x03030303,0x03030303,0x03030303,0x03030303,0x03030303,0x03030303,
	0x03030303,0x03030303,0x03030303,0x03030303,0x03030303,0x03030303,0x03030303,0x03030303,
	0x03030303,0x03030303,0x03030303,0x03030303,0x03030303,0x03030303,0x03030303,0x03030303,
	0x00000000,0x00000000,0x00000000,0x00000000,0x00000000,0x00000000,0x00000000,0x00000000,
	0x00000000,0x00000000,0x00000000,0x00000000,0x00000000,0x00000000,0x00000000,0x00000000,

	0x00000000,0x00000000,0x00000000,0x00000000,0x00000000,0x00000000,0x00000000,0x00000000,
	0x00000000,0x00000000,0x00000000,0x00000000,0x00000000,0x00000000,0x00000000,0x00000000,
	0x00000000,0x00000000,0x00000000,0x00000000,0x00000000,0x00000000,0x00000000,0x00000000,
	0x00000000,0x00000000,0x00000000,0x00000000,0x00000000,0x00000000,0x00000000,0x00000000,
	0x00000000,0x00000000,0x00000000,0x00000000,0x00000000,0x00000000,0x00000000,0x00000000,
	0x00000000,0x00000000,0x00000000,0x00000000,0x00000000,0x00000000,0x00000000,0x00000000,
	0x00000000,0x00000000,0x00000000,0x00000000,0x00000000,0x00000000,0x00000000,0x00000000,
	0x00000000,0x00000000,0x00000000,0x00000000,0x00000000,0x00000000,0x00000000,0x00000000,

	0x00000000,0x00000000,0x00000000,0x00000000,0x00000000,0x00000000,0x00000000,0x00000000,
	0x00000000,0x00000000,0x00000000,0x00000000,0x00000000,0x00000000,0x00000000,0x00000000,
	0x00000000,0x00000000,0x00000000,0x00000000,0x00000000,0x00000000,0x00000000,0x00000000,
	0x00000000,0x00000000,0x00000000,0x00000000,0x00000000,0x00000000,0x00000000,0x00000000,
	0x00000000,0x00000000,0x00000000,0x00000000,0x00000000,0x00000000,0x00000000,0x00000000,
	0x00000000,0x00000000,0x00000000,0x00000000,0x00000000,0x00000000,0x00000000,0x00000000,
	0x00000000,0x00000000,0x00000000,0x00000000,0x00000000,0x00000000,0x00000000,0x00000000,
	0x00000000,0x00000000,0x00000000,0x00000000,0x00000000,0x00000000,0x00000000,0x00000000,

	0x00000000,0x00000000,0x00000000,0x00000000,0x00000000,0x00000000,0x00000000,0x00000000,
	0x00000000,0x00000000,0x00000000,0x00000000,0x00000000,0x00000000,0x00000000,0x00000000,
	0x00000000,0x00000000,0x00000000,0x00000000,0x00000000,0x00000000,0x00000000,0x00000000,
	0x00000000,0x00000000,0x00000000,0x00000000,0x00000000,0x00000000,0x00000000,0x00000000,
	0x00000000,0x00000000,0x00000000,0x00000000,0x00000000,0x00000000,0x00000000,0x00000000,
	0x00000000,0x00000000,0x00000000,0x00000000,0x00000000,0x00000000,0x00000000,0x00000000,
	0x00000000,0x00000000,0x00000000,0x00000000,0x00000000,0x00000000,0x00000000,0x00000000,
	0x00000000,0x00000000,0x00000000,0x00000000,0x00000000,0x00000000,0x00000000,0x00000000,

	0x00000000,0x00000000,0x00000000,0x00000000,0x00000000,0x00000000,0x00000000,0x00000000,
	0x00000000,0x00000000,0x00000000,0x00000000,0x00000000,0x00000000,0x00000000,0x00000000,
	0x00000000,0x00000000,0x00000000,0x00000000,0x00000000,0x00000000,0x00000000,0x00000000,
	0x00000000,0x00000000,0x00000000,0x00000000,0x00000000,0x00000000,0x00000000,0x00000000,
	0x00000000,0x00000000,0x00000000,0x00000000,0x00000000,0x00000000,0x00000000,0x00000000,
	0x00000000,0x00000000,0x00000000,0x00000000,0x00000000,0x00000000,0x00000000,0x00000000,
	0x00000000,0x00000000,0x00000000,0x00000000,0x00000000,0x00000000,0x00000000,0x00000000,
	0x00000000,0x00000000,0x00000000,0x00000000,0x00000000,0x00000000,0x00000000,0x00000000,

	0x00000000,0x00000000,0x00000000,0x00000000,0x00000000,0x00000000,0x00000000,0x00000000,
	0x00000000,0x00000000,0x00000000,0x00000000,0x00000000,0x00000000,0x00000000,0x00000000,
	0x00000000,0x00000000,0x00000000,0x00000000,0x00000000,0x00000000,0x00000000,0x00000000,
	0x00000000,0x00000000,0x00000000,0x00000000,0x00000000,0x00000000,0x00000000,0x00000000,
	0x00000000,0x00000000,0x00000000,0x00000000,0x00000000,0x00000000,0x00000000,0x00000000,
	0x00000000,0x00000000,0x00000000,0x00000000,0x00000000,0x00000000,0x00000000,0x00000000,
	0x00000000,0x00000000,0x00000000,0x00000000,0x00000000,0x00000000,0x00000000,0x00000000,
	0x00000000,0x00000000,0x00000000,0x00000000,0x00000000,0x00000000,0x00000000,0x00000000,

	0x00000000,0x00000000,0x00000000,0x00000000,0x00000000,0x00000000,0x00000000,0x00000000,
	0x00000000,0x00000000,0x00000000,0x00000000,0x00000000,0x00000000,0x00000000,0x00000000,
	0x00000000,0x00000000,0x00000000,0x00000000,0x00000000,0x00000000,0x00000000,0x00000000,
	0x00000000,0x00000000,0x00000000,0x00000000,0x00000000,0x00000000,0x00000000,0x00000000,
	0x00000000,0x00000000,0x00000000,0x00000000,0x00000000,0x00000000,0x00000000,0x00000000,
	0x00000000,0x00000000,0x00000000,0x00000000,0x00000000,0x00000000,0x00000000,0x00000000,
	0x00000000,0x00000000,0x00000000,0x00000000,0x00000000,0x00000000,0x00000000,0x00000000,
	0x00000000,0x00000000,0x00000000,0x00000000,0x00000000,0x00000000,0x00000000,0x00000000,

	0x00000000,0x00000000,0x00000000,0x00000000,0x00000000,0x00000000,0x00000000,0x00000000,
	0x00000000,0x00000000,0x00000000,0x00000000,0x00000000,0x00000000,0x00000000,0x00000000,
	0x04040404,0x04040404,0x04040404,0x04040404,0x04040404,0x04040404,0x04040404,0x04040404,
	0x04040404,0x04040404,0x04040404,0x04040404,0x04040404,0x04040404,0x04040404,0x04040404,
	0x04040404,0x04040404,0x04040404,0x04040404,0x04040404,0x04040404,0x04040404,0x04040404,
	0x04040404,0x04040404,0x04040404,0x04040404,0x04040404,0x04040404,0x04040404,0x04040404,
	0x04040404,0x03030303,0x04040404,0x03030303,0x04040404,0x03030303,0x04040404,0x03030303,
	0x04040404,0x03030303,0x04040404,0x03030303,0x04040404,0x03030303,0x04040404,0x03030303,

	0x03030303,0x03030303,0x03030303,0x03030303,0x03030303,0x03030303,0x03030303,0x03030303,
	0x03030303,0x03030303,0x03030303,0x03030303,0x03030303,0x03030303,0x03030303,0x03030303,
	0x03030303,0x03030303,0x03030303,0x03030303,0x03030303,0x03030303,0x03030303,0x03030303,
	0x03030303,0x03030303,0x03030303,0x03030303,0x03030303,0x03030303,0x03030303,0x03030303,
	0x03030303,0x03030303,0x03030303,0x03030303,0x03030303,0x03030303,0x03030303,0x03030303,
	0x03030303,0x03030303,0x03030303,0x03030303,0x03030303,0x03030303,0x03030303,0x03030303,
	0x00000000,0x00000000,0x00000000,0x00000000,0x00000000,0x00000000,0x00000000,0x00000000,
	0x00000000,0x00000000,0x00000000,0x00000000,0x00000000,0x00000000,0x00000000,0x00000000,

	0x00000000,0x00000000,0x00000000,0x00000000,0x00000000,0x00000000,0x00000000,0x00000000,
	0x00000000,0x00000000,0x00000000,0x00000000,0x00000000,0x00000000,0x00000000,0x00000000,
	0x00000000,0x00000000,0x00000000,0x00000000,0x00000000,0x00000000,0x00000000,0x00000000,
	0x00000000,0x00000000,0x00000000,0x00000000,0x00000000,0x00000000,0x00000000,0x00000000,
	0x00000000,0x00000000,0x00000000,0x00000000,0x00000000,0x00000000,0x00000000,0x00000000,
	0x00000000,0x00000000,0x00000000,0x00000000,0x00000000,0x00000000,0x00000000,0x00000000,
	0x00000000,0x00000000,0x00000000,0x00000000,0x00000000,0x00000000,0x00000000,0x00000000,
	0x00000000,0x00000000,0x00000000,0x00000000,0x00000000,0x00000000,0x00000000,0x00000000,

	0x00000000,0x00000000,0x00000000,0x00000000,0x00000000,0x00000000,0x00000000,0x00000000,
	0x00000000,0x00000000,0x00000000,0x00000000,0x00000000,0x00000000,0x00000000,0x00000000,
	0x00000000,0x00000000,0x00000000,0x00000000,0x00000000,0x00000000,0x00000000,0x00000000,
	0x00000000,0x00000000,0x00000000,0x00000000,0x00000000,0x00000000,0x00000000,0x00000000,
	0x00000000,0x00000000,0x00000000,0x00000000,0x00000000,0x00000000,0x00000000,0x00000000,
	0x00000000,0x00000000,0x00000000,0x00000000,0x00000000,0x00000000,0x00000000,0x00000000,
	0x00000000,0x00000000,0x00000000,0x00000000,0x00000000,0x00000000,0x00000000,0x00000000,
	0x00000000,0x00000000,0x00000000,0x00000000,0x00000000,0x00000000,0x00000000,0x00000000,

	0x00000000,0x00000000,0x00000000,0x00000000,0x00000000,0x00000000,0x00000000,0x00000000,
	0x00000000,0x00000000,0x00000000,0x00000000,0x00000000,0x00000000,0x00000000,0x00000000,
	0x00000000,0x00000000,0x00000000,0x00000000,0x00000000,0x00000000,0x00000000,0x00000000,
	0x00000000,0x00000000,0x00000000,0x00000000,0x00000000,0x00000000,0x00000000,0x00000000,
	0x00000000,0x00000000,0x00000000,0x00000000,0x00000000,0x00000000,0x00000000,0x00000000,
	0x00000000,0x00000000,0x00000000,0x00000000,0x00000000,0x00000000,0x00000000,0x00000000,
	0x00000000,0x00000000,0x00000000,0x00000000,0x00000000,0x00000000,0x00000000,0x00000000,
	0x00000000,0x00000000,0x00000000,0x00000000,0x00000000,0x00000000,0x00000000,0x00000000,

	0x00000000,0x00000000,0x00000000,0x00000000,0x00000000,0x00000000,0x00000000,0x00000000,
	0x00000000,0x00000000,0x00000000,0x00000000,0x00000000,0x00000000,0x00000000,0x00000000,
	0x00000000,0x00000000,0x00000000,0x00000000,0x00000000,0x00000000,0x00000000,0x00000000,
	0x00000000,0x00000000,0x00000000,0x00000000,0x00000000,0x00000000,0x00000000,0x00000000,
	0x00000000,0x00000000,0x00000000,0x00000000,0x00000000,0x00000000,0x00000000,0x00000000,
	0x00000000,0x00000000,0x00000000,0x00000000,0x00000000,0x00000000,0x00000000,0x00000000,
	0x00000000,0x00000000,0x00000000,0x00000000,0x00000000,0x00000000,0x00000000,0x00000000,
	0x00000000,0x00000000,0x00000000,0x00000000,0x00000000,0x00000000,0x00000000,0x00000000,

	0x00000000,0x00000000,0x00000000,0x00000000,0x00000000,0x00000000,0x00000000,0x00000000,
	0x00000000,0x00000000,0x00000000,0x00000000,0x00000000,0x00000000,0x00000000,0x00000000,
	0x00000000,0x00000000,0x00000000,0x00000000,0x00000000,0x00000000,0x00000000,0x00000000,
	0x00000000,0x00000000,0x00000000,0x00000000,0x00000000,0x00000000,0x00000000,0x00000000,
	0x00000000,0x00000000,0x00000000,0x00000000,0x00000000,0x00000000,0x00000000,0x00000000,
	0x00000000,0x00000000,0x00000000,0x00000000,0x00000000,0x00000000,0x00000000,0x00000000,
	0x00000000,0x00000000,0x00000000,0x00000000,0x00000000,0x00000000,0x00000000,0x00000000,
	0x00000000,0x00000000,0x00000000,0x00000000,0x00000000,0x00000000,0x00000000,0x00000000,

	0x00000000,0x00000000,0x00000000,0x00000000,0x00000000,0x00000000,0x00000000,0x00000000,
	0x00000000,0x00000000,0x00000000,0x00000000,0x00000000,0x00000000,0x00000000,0x00000000,
	0x00000000,0x00000000,0x00000000,0x00000000,0x00000000,0x00000000,0x00000000,0x00000000,
	0x00000000,0x00000000,0x00000000,0x00000000,0x00000000,0x00000000,0x00000000,0x00000000,
	0x00000000,0x00000000,0x00000000,0x00000000,0x00000000,0x00000000,0x00000000,0x00000000,
	0x00000000,0x00000000,0x00000000,0x00000000,0x00000000,0x00000000,0x00000000,0x00000000,
	0x00000000,0x00000000,0x00000000,0x00000000,0x00000000,0x00000000,0x00000000,0x00000000,
	0x00000000,0x00000000,0x00000000,0x00000000,0x00000000,0x00000000,0x00000000,0x00000000,

	0x00000000,0x00000000,0x00000000,0x00000000,0x00000000,0x00000000,0x00000000,0x00000000,
	0x00000000,0x00000000,0x00000000,0x00000000,0x00000000,0x00000000,0x00000000,0x00000000,
	0x03030303,0x03030303,0x03030303,0x03030303,0x03030303,0x03030303,0x03030303,0x03030303,
	0x03030303,0x03030303,0x03030303,0x03030303,0x03030303,0x03030303,0x03030303,0x03030303,
	0x03030303,0x03030303,0x03030303,0x03030303,0x03030303,0x03030303,0x03030303,0x03030303,
	0x03030303,0x03030303,0x03030303,0x03030303,0x03030303,0x03030303,0x03030303,0x03030303,
	0x03030303,0x03030303,0x03030303,0x03030303,0x03030303,0x03030303,0x03030303,0x03030303,
	0x03030303,0x03030303,0x03030303,0x03030303,0x03030303,0x03030303,0x03030303,0x03030303,

	0x03030303,0x03030303,0x03030303,0x03030303,0x03030303,0x03030303,0x03030303,0x03030303,
	0x03030303,0x03030303,0x03030303,0x03030303,0x03030303,0x03030303,0x03030303,0x03030303,
	0x03030303,0x03030303,0x03030303,0x03030303,0x03030303,0x03030303,0x03030303,0x03030303,
	0x03030303,0x03030303,0x03030303,0x03030303,0x03030303,0x03030303,0x03030303,0x03030303,
	0x03030303,0x03030303,0x03030303,0x03030303,0x03030303,0x03030303,0x03030303,0x03030303,
	0x03030303,0x03030303,0x03030303,0x03030303,0x03030303,0x03030303,0x03030303,0x03030303,
	0x00000000,0x00000000,0x00000000,0x00000000,0x00000000,0x00000000,0x00000000,0x00000000,
	0x00000000,0x00000000,0x00000000,0x00000000,0x00000000,0x00000000,0x00000000,0x00000000,

	0x00000000,0x00000000,0x00000000,0x00000000,0x00000000,0x00000000,0x00000000,0x00000000,
	0x00000000,0x00000000,0x00000000,0x00000000,0x00000000,0x00000000,0x00000000,0x00000000,
	0x00000000,0x00000000,0x00000000,0x00000000,0x00000000,0x00000000,0x00000000,0x00000000,
	0x00000000,0x00000000,0x00000000,0x00000000,0x00000000,0x00000000,0x00000000,0x00000000,
	0x00000000,0x00000000,0x00000000,0x00000000,0x00000000,0x00000000,0x00000000,0x00000000,
	0x00000000,0x00000000,0x00000000,0x00000000,0x00000000,0x00000000,0x00000000,0x00000000,
	0x00000000,0x00000000,0x00000000,0x00000000,0x00000000,0x00000000,0x00000000,0x00000000,
	0x00000000,0x00000000,0x00000000,0x00000000,0x00000000,0x00000000,0x00000000,0x00000000,

	0x00000000,0x00000000,0x00000000,0x00000000,0x00000000,0x00000000,0x00000000,0x00000000,
	0x00000000,0x00000000,0x00000000,0x00000000,0x00000000,0x00000000,0x00000000,0x00000000,
	0x00000000,0x00000000,0x00000000,0x00000000,0x00000000,0x00000000,0x00000000,0x00000000,
	0x00000000,0x00000000,0x00000000,0x00000000,0x00000000,0x00000000,0x00000000,0x00000000,
	0x00000000,0x00000000,0x00000000,0x00000000,0x00000000,0x00000000,0x00000000,0x00000000,
	0x00000000,0x00000000,0x00000000,0x00000000,0x00000000,0x00000000,0x00000000,0x00000000,
	0x00000000,0x00000000,0x00000000,0x00000000,0x00000000,0x00000000,0x00000000,0x00000000,
	0x00000000,0x00000000,0x00000000,0x00000000,0x00000000,0x00000000,0x00000000,0x00000000,

	0x00000000,0x00000000,0x00000000,0x00000000,0x00000000,0x00000000,0x00000000,0x00000000,
	0x00000000,0x00000000,0x00000000,0x00000000,0x00000000,0x00000000,0x00000000,0x00000000,
	0x03030303,0x1A031A1A,0x03030303,0x03031A03,0x03030303,0x03030303,0x03030303,0x03030303,
	0x0303031A,0x03030303,0x031A1A1A,0x03030303,0x1A1A1A1A,0x03030303,0x0303031A,0x03030303,
	0x1A1A1A1A,0x1A1A1A1A,0x1A1A1A03,0x1A1A1A1A,0x1A1A0303,0x1A1A1A1A,0x031A0303,0x1A1A1A1A,
	0x031A0303,0x1A1A0303,0x03030303,0x1A030303,0x03030303,0x1A030303,0x03030303,0x1A030303,
	0x1A1A1A1A,0x1A1A1A1A,0x1A1A1A1A,0x1A1A1A1A,0x1A1A1A1A,0x1A1A1A1A,0x1A1A1A1A,0x1A1A1A1A,
	0x1A1A1A1A,0x1A1A1A1A,0x1A1A1A1A,0x1A1A1A1A,0x1A1A1A03,0x1A1A1A1A,0x1A030303,0x1A1A1A1A,

	0x1A1A1A1A,0x1A1A1A1A,0x1A1A1A1A,0x1A1A1A1A,0x1A1A1A1A,0x1A1A1A1A,0x1A1A1A1A,0x1A1A1A1A,
	0x1A1A1A1A,0x1A1A1A1A,0x1A1A1A1A,0x1A1A1A1A,0x1A1A1A1A,0x031A1A1A,0x1A1A1A1A,0x0303031A,
	0x1A1A1A1A,0x1A1A1A1A,0x1A1A1A1A,0x031A1A1A,0x1A1A1A1A,0x03031A1A,0x1A1A1A1A,0x03031A03,
	0x03031A1A,0x03031A03,0x0303031A,0x03030303,0x0303031A,0x03030303,0x0303031A,0x03030303,
	0x1A1A031A,0x03030303,0x031A0303,0x03030303,0x03030303,0x03030303,0x03030303,0x03030303,
	0x03030303,0x1A030303,0x03030303,0x1A1A1A03,0x03030303,0x1A1A1A1A,0x03030303,0x1A030303,
	0x00000000,0x00000000,0x00000000,0x00000000,0x00000000,0x00000000,0x00000000,0x00000000,
	0x00000000,0x00000000,0x00000000,0x00000000,0x00000000,0x00000000,0x00000000,0x00000000,

	0x00000000,0x00000000,0x00000000,0x00000000,0x00000000,0x00000000,0x00000000,0x00000000,
	0x00000000,0x00000000,0x00000000,0x00000000,0x00000000,0x00000000,0x00000000,0x00000000,
	0x00000000,0x00000000,0x00000000,0x00000000,0x00000000,0x00000000,0x00000000,0x00000000,
	0x00000000,0x00000000,0x00000000,0x00000000,0x00000000,0x00000000,0x00000000,0x00000000,
	0x00000000,0x00000000,0x00000000,0x00000000,0x00000000,0x00000000,0x00000000,0x00000000,
	0x00000000,0x00000000,0x00000000,0x00000000,0x00000000,0x00000000,0x00000000,0x00000000,
	0x00000000,0x00000000,0x00000000,0x00000000,0x00000000,0x00000000,0x00000000,0x00000000,
	0x00000000,0x00000000,0x00000000,0x00000000,0x00000000,0x00000000,0x00000000,0x00000000,

	0x00000000,0x00000000,0x00000000,0x00000000,0x00000000,0x00000000,0x00000000,0x00000000,
	0x00000000,0x00000000,0x00000000,0x00000000,0x00000000,0x00000000,0x00000000,0x00000000,
	0x00000000,0x00000000,0x00000000,0x00000000,0x00000000,0x00000000,0x00000000,0x00000000,
	0x00000000,0x00000000,0x00000000,0x00000000,0x00000000,0x00000000,0x00000000,0x00000000,
	0x00000000,0x00000000,0x00000000,0x00000000,0x00000000,0x00000000,0x00000000,0x00000000,
	0x00000000,0x00000000,0x00000000,0x00000000,0x00000000,0x00000000,0x00000000,0x00000000,
	0x00000000,0x00000000,0x00000000,0x00000000,0x00000000,0x00000000,0x00000000,0x00000000,
	0x00000000,0x00000000,0x00000000,0x00000000,0x00000000,0x00000000,0x00000000,0x00000000,

	0x00000000,0x00000000,0x00000000,0x00000000,0x00000000,0x00000000,0x00000000,0x00000000,
	0x00000000,0x00000000,0x00000000,0x00000000,0x00000000,0x00000000,0x00000000,0x00000000,
	0x03030303,0x03030303,0x03030303,0x03030303,0x03030303,0x03030303,0x19191919,0x19191919,
	0x19191919,0x19191919,0x19191919,0x19191919,0x19191919,0x19191919,0x19191919,0x19191919,
	0x03030303,0x03030303,0x03030303,0x03030303,0x03030303,0x03030303,0x19191919,0x19191919,
	0x19191919,0x19191919,0x19191919,0x19191919,0x19191919,0x19191919,0x19191919,0x19191919,
	0x03030303,0x03030303,0x03030303,0x03030303,0x03030303,0x03030303,0x19191919,0x19191519,
	0x19191919,0x15151919,0x19191919,0x15151915,0x19191919,0x03190318,0x15191919,0x03190303,

	0x03030303,0x03030303,0x03030303,0x03030303,0x03030303,0x03030303,0x19151915,0x19191919,
	0x19191515,0x19191919,0x15191515,0x19191919,0x18180318,0x19191919,0x03180318,0x19191903,
	0x03030303,0x03030303,0x03030303,0x03030303,0x03030303,0x03030303,0x19191919,0x19191919,
	0x19191919,0x19191919,0x19191919,0x19191919,0x19191919,0x19191919,0x19191919,0x19191919,
	0x03030303,0x03030303,0x03030303,0x03030303,0x03030303,0x03030303,0x19191919,0x19191919,
	0x19191919,0x19191919,0x19191919,0x19191919,0x19191919,0x19191919,0x19191919,0x19191919,
	0x00000000,0x00000000,0x00000000,0x00000000,0x00000000,0x00000000,0x00000000,0x00000000,
	0x00000000,0x00000000,0x00000000,0x00000000,0x00000000,0x00000000,0x00000000,0x00000000,

	0x00000000,0x00000000,0x00000000,0x00000000,0x00000000,0x00000000,0x00000000,0x00000000,
	0x00000000,0x00000000,0x00000000,0x00000000,0x00000000,0x00000000,0x00000000,0x00000000,
	0x00000000,0x00000000,0x00000000,0x00000000,0x00000000,0x00000000,0x00000000,0x00000000,
	0x00000000,0x00000000,0x00000000,0x00000000,0x00000000,0x00000000,0x00000000,0x00000000,
	0x00000000,0x00000000,0x00000000,0x00000000,0x00000000,0x00000000,0x00000000,0x00000000,
	0x00000000,0x00000000,0x00000000,0x00000000,0x00000000,0x00000000,0x00000000,0x00000000,
	0x00000000,0x00000000,0x00000000,0x00000000,0x00000000,0x00000000,0x00000000,0x00000000,
	0x00000000,0x00000000,0x00000000,0x00000000,0x00000000,0x00000000,0x00000000,0x00000000,

	0x00000000,0x00000000,0x00000000,0x00000000,0x00000000,0x00000000,0x00000000,0x00000000,
	0x00000000,0x00000000,0x00000000,0x00000000,0x00000000,0x00000000,0x00000000,0x00000000,
	0x00000000,0x00000000,0x00000000,0x00000000,0x00000000,0x00000000,0x00000000,0x00000000,
	0x00000000,0x00000000,0x00000000,0x00000000,0x00000000,0x00000000,0x00000000,0x00000000,
	0x00000000,0x00000000,0x00000000,0x00000000,0x00000000,0x00000000,0x00000000,0x00000000,
	0x00000000,0x00000000,0x00000000,0x00000000,0x00000000,0x00000000,0x00000000,0x00000000,
	0x00000000,0x00000000,0x00000000,0x00000000,0x00000000,0x00000000,0x00000000,0x00000000,
	0x00000000,0x00000000,0x00000000,0x00000000,0x00000000,0x00000000,0x00000000,0x00000000,

	0x00000000,0x00000000,0x00000000,0x00000000,0x00000000,0x00000000,0x00000000,0x00000000,
	0x00000000,0x00000000,0x00000000,0x00000000,0x00000000,0x00000000,0x00000000,0x00000000,
	0x031A1A1A,0x03030303,0x1A1A1A1A,0x1A1A1A1A,0x1A1A1A1A,0x0303031A,0x1A1A1A1A,0x031A1A1A,
	0x1A1A1A1A,0x1A1A1A1A,0x1A1A1A1A,0x1A1A1A1A,0x1A1A1A1A,0x1A1A1A1A,0x1A1A1A1A,0x1A1A1A1A,
	0x03030303,0x03030303,0x03030303,0x03030303,0x03030303,0x03030303,0x03030303,0x03030303,
	0x1A1A1A1A,0x03030303,0x03031A1A,0x03030303,0x1A1A1A1A,0x03030303,0x1A1A1A1A,0x1A1A1A1A,
	0x03030303,0x1A1A1A1A,0x03030303,0x1A1A1A1A,0x03030303,0x1A1A1A1A,0x03030303,0x1A1A1A03,
	0x03030303,0x1A030303,0x03030303,0x03030303,0x03030303,0x03030303,0x03030303,0x03030303,

	0x1A1A1A1A,0x03030303,0x1A1A1A1A,0x03030303,0x1A1A1A1A,0x03030303,0x031A1A1A,0x03030303,
	0x0303031A,0x03030303,0x03030303,0x03030303,0x03030303,0x03030303,0x03030303,0x03030303,
	0x03030303,0x03030303,0x03030303,0x03030303,0x03030303,0x03030303,0x03030303,0x03030303,
	0x03030303,0x1A1A1A1A,0x03030303,0x1A1A0303,0x03030303,0x1A1A1A1A,0x1A1A1A1A,0x1A1A1A1A,
	0x03030303,0x1A1A1A03,0x1A1A1A1A,0x1A1A1A1A,0x1A030303,0x1A1A1A1A,0x1A1A1A03,0x1A1A1A1A,
	0x1A1A1A1A,0x1A1A1A1A,0x1A1A1A1A,0x1A1A1A1A,0x1A1A1A1A,0x1A1A1A1A,0x1A1A1A1A,0x1A1A1A1A,
	0x00000000,0x00000000,0x00000000,0x00000000,0x00000000,0x00000000,0x00000000,0x00000000,
	0x00000000,0x00000000,0x00000000,0x00000000,0x00000000,0x00000000,0x00000000,0x00000000,

	0x00000000,0x00000000,0x00000000,0x00000000,0x00000000,0x00000000,0x00000000,0x00000000,
	0x00000000,0x00000000,0x00000000,0x00000000,0x00000000,0x00000000,0x00000000,0x00000000,
	0x00000000,0x00000000,0x00000000,0x00000000,0x00000000,0x00000000,0x00000000,0x00000000,
	0x00000000,0x00000000,0x00000000,0x00000000,0x00000000,0x00000000,0x00000000,0x00000000,
	0x00000000,0x00000000,0x00000000,0x00000000,0x00000000,0x00000000,0x00000000,0x00000000,
	0x00000000,0x00000000,0x00000000,0x00000000,0x00000000,0x00000000,0x00000000,0x00000000,
	0x00000000,0x00000000,0x00000000,0x00000000,0x00000000,0x00000000,0x00000000,0x00000000,
	0x00000000,0x00000000,0x00000000,0x00000000,0x00000000,0x00000000,0x00000000,0x00000000,

	0x00000000,0x00000000,0x00000000,0x00000000,0x00000000,0x00000000,0x00000000,0x00000000,
	0x00000000,0x00000000,0x00000000,0x00000000,0x00000000,0x00000000,0x00000000,0x00000000,
	0x00000000,0x00000000,0x00000000,0x00000000,0x00000000,0x00000000,0x00000000,0x00000000,
	0x00000000,0x00000000,0x00000000,0x00000000,0x00000000,0x00000000,0x00000000,0x00000000,
	0x00000000,0x00000000,0x00000000,0x00000000,0x00000000,0x00000000,0x00000000,0x00000000,
	0x00000000,0x00000000,0x00000000,0x00000000,0x00000000,0x00000000,0x00000000,0x00000000,
	0x00000000,0x00000000,0x00000000,0x00000000,0x00000000,0x00000000,0x00000000,0x00000000,
	0x00000000,0x00000000,0x00000000,0x00000000,0x00000000,0x00000000,0x00000000,0x00000000,

	0x00000000,0x00000000,0x00000000,0x00000000,0x00000000,0x00000000,0x00000000,0x00000000,
	0x00000000,0x00000000,0x00000000,0x00000000,0x00000000,0x00000000,0x00000000,0x00000000,
	0x19191919,0x19191919,0x19191919,0x19191919,0x19191919,0x19191919,0x19191919,0x19191919,
	0x19191919,0x19191919,0x09090909,0x09090909,0x09090909,0x09090909,0x09090909,0x09090909,
	0x19191919,0x19191919,0x19191919,0x19191919,0x19191919,0x19191919,0x19191919,0x19191919,
	0x19191919,0x19191919,0x09090909,0x09090909,0x09090909,0x09090909,0x09090909,0x09090909,
	0x03191919,0x19051518,0x19191919,0x03190303,0x03191919,0x03190318,0x15191919,0x03190315,
	0x19191919,0x18151919,0x09090909,0x09090909,0x09090909,0x09090909,0x09090909,0x09090909,

	0x18181803,0x19191903,0x18030303,0x19191919,0x18031919,0x19191915,0x15030303,0x19191919,
	0x19191518,0x19191919,0x09090909,0x09090909,0x09090909,0x09090909,0x09090909,0x09090909,
	0x19191919,0x19191919,0x19191919,0x19191919,0x19191919,0x19191919,0x19191919,0x19191919,
	0x19191919,0x19191919,0x09090909,0x09090909,0x09090909,0x09090909,0x09090909,0x09090909,
	0x19191919,0x19191919,0x19191919,0x19191919,0x19191919,0x19191919,0x19191919,0x19191919,
	0x19191919,0x19191919,0x09090909,0x09090909,0x09090909,0x09090909,0x09090909,0x09090909,
	0x00000000,0x00000000,0x00000000,0x00000000,0x00000000,0x00000000,0x00000000,0x00000000,
	0x00000000,0x00000000,0x00000000,0x00000000,0x00000000,0x00000000,0x00000000,0x00000000,

	0x00000000,0x00000000,0x00000000,0x00000000,0x00000000,0x00000000,0x00000000,0x00000000,
	0x00000000,0x00000000,0x00000000,0x00000000,0x00000000,0x00000000,0x00000000,0x00000000,
	0x00000000,0x00000000,0x00000000,0x00000000,0x00000000,0x00000000,0x00000000,0x00000000,
	0x00000000,0x00000000,0x00000000,0x00000000,0x00000000,0x00000000,0x00000000,0x00000000,
	0x00000000,0x00000000,0x00000000,0x00000000,0x00000000,0x00000000,0x00000000,0x00000000,
	0x00000000,0x00000000,0x00000000,0x00000000,0x00000000,0x00000000,0x00000000,0x00000000,
	0x00000000,0x00000000,0x00000000,0x00000000,0x00000000,0x00000000,0x00000000,0x00000000,
	0x00000000,0x00000000,0x00000000,0x00000000,0x00000000,0x00000000,0x00000000,0x00000000,

	0x00000000,0x00000000,0x00000000,0x00000000,0x00000000,0x00000000,0x00000000,0x00000000,
	0x00000000,0x00000000,0x00000000,0x00000000,0x00000000,0x00000000,0x00000000,0x00000000,
	0x00000000,0x00000000,0x00000000,0x00000000,0x00000000,0x00000000,0x00000000,0x00000000,
	0x00000000,0x00000000,0x00000000,0x00000000,0x00000000,0x00000000,0x00000000,0x00000000,
	0x00000000,0x00000000,0x00000000,0x00000000,0x00000000,0x00000000,0x00000000,0x00000000,
	0x00000000,0x00000000,0x00000000,0x00000000,0x00000000,0x00000000,0x00000000,0x00000000,
	0x00000000,0x00000000,0x00000000,0x00000000,0x00000000,0x00000000,0x00000000,0x00000000,
	0x00000000,0x00000000,0x00000000,0x00000000,0x00000000,0x00000000,0x00000000,0x00000000,

	0x00000000,0x00000000,0x00000000,0x00000000,0x00000000,0x00000000,0x00000000,0x00000000,
	0x00000000,0x00000000,0x00000000,0x00000000,0x00000000,0x00000000,0x00000000,0x00000000,
	0x1A1A1A1A,0x1A1A1A1A,0x1A1A1A1A,0x1A1A1A1A,0x1A1A1A1A,0x1A1A1A1A,0x1A1A1A1A,0x1A1A1A1A,
	0x1A1A1A1A,0x031A1A1A,0x1A1A1A1A,0x0303031A,0x1A1A1A1A,0x1A1A1A1A,0x031A1A1A,0x03030303,
	0x1A1A1A1A,0x1A1A1A1A,0x1A1A1A1A,0x03030303,0x03031A1A,0x03030303,0x1A1A1A1A,0x03030303,
	0x03030303,0x03030303,0x03030303,0x03030303,0x03030303,0x03030303,0x03030303,0x03030303,
	0x03030303,0x03030303,0x03030303,0x03030303,0x03030303,0x03030303,0x03030303,0x1A030303,
	0x03030303,0x1A1A1A03,0x03030303,0x1A1A1A1A,0x03030303,0x1A1A1A1A,0x03030303,0x1A1A1A1A,

	0x03030303,0x03030303,0x03030303,0x03030303,0x03030303,0x03030303,0x0303031A,0x03030303,
	0x031A1A1A,0x03030303,0x1A1A1A1A,0x03030303,0x1A1A1A1A,0x03030303,0x1A1A1A1A,0x03030303,
	0x1A1A1A1A,0x1A1A1A1A,0x03030303,0x1A1A1A1A,0x03030303,0x1A1A0303,0x03030303,0x1A1A1A1A,
	0x03030303,0x03030303,0x03030303,0x03030303,0x03030303,0x03030303,0x03030303,0x03030303,
	0x1A1A1A1A,0x1A1A1A1A,0x1A1A1A1A,0x1A1A1A1A,0x1A1A1A1A,0x1A1A1A1A,0x1A1A1A1A,0x1A1A1A1A,
	0x1A1A1A03,0x1A1A1A1A,0x1A030303,0x1A1A1A1A,0x1A1A1A1A,0x1A1A1A1A,0x03030303,0x1A1A1A03,
	0x00000000,0x00000000,0x00000000,0x00000000,0x00000000,0x00000000,0x00000000,0x00000000,
	0x00000000,0x00000000,0x00000000,0x00000000,0x00000000,0x00000000,0x00000000,0x00000000,

	0x00000000,0x00000000,0x00000000,0x00000000,0x00000000,0x00000000,0x00000000,0x00000000,
	0x00000000,0x00000000,0x00000000,0x00000000,0x00000000,0x00000000,0x00000000,0x00000000,
	0x00000000,0x00000000,0x00000000,0x00000000,0x00000000,0x00000000,0x00000000,0x00000000,
	0x00000000,0x00000000,0x00000000,0x00000000,0x00000000,0x00000000,0x00000000,0x00000000,
	0x00000000,0x00000000,0x00000000,0x00000000,0x00000000,0x00000000,0x00000000,0x00000000,
	0x00000000,0x00000000,0x00000000,0x00000000,0x00000000,0x00000000,0x00000000,0x00000000,
	0x00000000,0x00000000,0x00000000,0x00000000,0x00000000,0x00000000,0x00000000,0x00000000,
	0x00000000,0x00000000,0x00000000,0x00000000,0x00000000,0x00000000,0x00000000,0x00000000,

	0x00000000,0x00000000,0x00000000,0x00000000,0x00000000,0x00000000,0x00000000,0x00000000,
	0x00000000,0x00000000,0x00000000,0x00000000,0x00000000,0x00000000,0x00000000,0x00000000,
	0x00000000,0x00000000,0x00000000,0x00000000,0x00000000,0x00000000,0x00000000,0x00000000,
	0x00000000,0x00000000,0x00000000,0x00000000,0x00000000,0x00000000,0x00000000,0x00000000,
	0x00000000,0x00000000,0x00000000,0x00000000,0x00000000,0x00000000,0x00000000,0x00000000,
	0x00000000,0x00000000,0x00000000,0x00000000,0x00000000,0x00000000,0x00000000,0x00000000,
	0x00000000,0x00000000,0x00000000,0x00000000,0x00000000,0x00000000,0x00000000,0x00000000,
	0x00000000,0x00000000,0x00000000,0x00000000,0x00000000,0x00000000,0x00000000,0x00000000,

	0x00000000,0x00000000,0x00000000,0x00000000,0x00000000,0x00000000,0x00000000,0x00000000,
	0x00000000,0x00000000,0x00000000,0x00000000,0x00000000,0x00000000,0x00000000,0x00000000,
	0x09090909,0x09090909,0x09090909,0x09090909,0x09090909,0x09090909,0x09090909,0x09090909,
	0x09090909,0x09090909,0x09090909,0x09090909,0x09090909,0x09090909,0x09090909,0x09090909,
	0x09090909,0x09090909,0x09090909,0x09090909,0x09090909,0x09090909,0x09090909,0x09090909,
	0x09090909,0x09090909,0x09090909,0x09090909,0x09090909,0x09090909,0x09090909,0x09090909,
	0x09090909,0x09090909,0x09090909,0x09090909,0x09090909,0x09090909,0x09090909,0x09090909,
	0x09090909,0x09090909,0x09090909,0x09090909,0x09090909,0x09090909,0x09090909,0x09090909,

	0x09090909,0x09090909,0x09090909,0x09090909,0x09090909,0x09090909,0x09090909,0x09090909,
	0x09090909,0x09090909,0x09090909,0x09090909,0x09090909,0x09090909,0x09090909,0x09090909,
	0x09090909,0x09090909,0x09090909,0x09090909,0x09090909,0x09090909,0x09090909,0x09090909,
	0x09090909,0x09090909,0x09090909,0x09090909,0x09090909,0x09090909,0x09090909,0x09090909,
	0x09090909,0x09090909,0x09090909,0x09090909,0x09090909,0x09090909,0x09090909,0x09090909,
	0x09090909,0x09090909,0x09090909,0x09090909,0x09090909,0x09090909,0x09090909,0x09090909,
	0x00000000,0x00000000,0x00000000,0x00000000,0x00000000,0x00000000,0x00000000,0x00000000,
	0x00000000,0x00000000,0x00000000,0x00000000,0x00000000,0x00000000,0x00000000,0x00000000,

	0x00000000,0x00000000,0x00000000,0x00000000,0x00000000,0x00000000,0x00000000,0x00000000,
	0x00000000,0x00000000,0x00000000,0x00000000,0x00000000,0x00000000,0x00000000,0x00000000,
	0x00000000,0x00000000,0x00000000,0x00000000,0x00000000,0x00000000,0x00000000,0x00000000,
	0x00000000,0x00000000,0x00000000,0x00000000,0x00000000,0x00000000,0x00000000,0x00000000,
	0x00000000,0x00000000,0x00000000,0x00000000,0x00000000,0x00000000,0x00000000,0x00000000,
	0x00000000,0x00000000,0x00000000,0x00000000,0x00000000,0x00000000,0x00000000,0x00000000,
	0x00000000,0x00000000,0x00000000,0x00000000,0x00000000,0x00000000,0x00000000,0x00000000,
	0x00000000,0x00000000,0x00000000,0x00000000,0x00000000,0x00000000,0x00000000,0x00000000,

	0x00000000,0x00000000,0x00000000,0x00000000,0x00000000,0x00000000,0x00000000,0x00000000,
	0x00000000,0x00000000,0x00000000,0x00000000,0x00000000,0x00000000,0x00000000,0x00000000,
	0x00000000,0x00000000,0x00000000,0x00000000,0x00000000,0x00000000,0x00000000,0x00000000,
	0x00000000,0x00000000,0x00000000,0x00000000,0x00000000,0x00000000,0x00000000,0x00000000,
	0x00000000,0x00000000,0x00000000,0x00000000,0x00000000,0x00000000,0x00000000,0x00000000,
	0x00000000,0x00000000,0x00000000,0x00000000,0x00000000,0x00000000,0x00000000,0x00000000,
	0x00000000,0x00000000,0x00000000,0x00000000,0x00000000,0x00000000,0x00000000,0x00000000,
	0x00000000,0x00000000,0x00000000,0x00000000,0x00000000,0x00000000,0x00000000,0x00000000,

	0x00000000,0x00000000,0x00000000,0x00000000,0x00000000,0x00000000,0x00000000,0x00000000,
	0x00000000,0x00000000,0x00000000,0x00000000,0x00000000,0x00000000,0x00000000,0x00000000,
	0x0303031A,0x03030303,0x1A1A1A1A,0x03030303,0x031A1A1A,0x03030303,0x0303031A,0x03030303,
	0x03030303,0x03030303,0x03030303,0x03030303,0x03030303,0x03031A03,0x03030303,0x1A031A1A,
	0x03030303,0x1A030303,0x03030303,0x1A030303,0x03030303,0x1A030303,0x031A0303,0x1A1A0303,
	0x031A0303,0x1A1A1A1A,0x1A1A0303,0x1A1A1A1A,0x1A1A1A03,0x1A1A1A1A,0x1A1A1A1A,0x1A1A1A1A,
	0x1A030303,0x1A1A1A1A,0x1A1A1A03,0x1A1A1A1A,0x1A1A1A1A,0x1A1A1A1A,0x1A1A1A1A,0x1A1A1A1A,
	0x1A1A1A1A,0x1A1A1A1A,0x1A1A1A1A,0x1A1A1A1A,0x1A1A1A1A,0x1A1A1A1A,0x1A1A1A1A,0x1A1A1A1A,

	0x1A1A1A1A,0x0303031A,0x1A1A1A1A,0x031A1A1A,0x1A1A1A1A,0x1A1A1A1A,0x1A1A1A1A,0x1A1A1A1A,
	0x1A1A1A1A,0x1A1A1A1A,0x1A1A1A1A,0x1A1A1A1A,0x1A1A1A1A,0x1A1A1A1A,0x1A1A1A1A,0x1A1A1A1A,
	0x0303031A,0x03030303,0x0303031A,0x03030303,0x0303031A,0x03030303,0x03031A1A,0x03031A03,
	0x1A1A1A1A,0x03031A03,0x1A1A1A1A,0x03031A1A,0x1A1A1A1A,0x031A1A1A,0x1A1A1A1A,0x1A1A1A1A,
	0x03030303,0x1A030303,0x03030303,0x1A1A1A1A,0x03030303,0x1A1A1A03,0x03030303,0x1A030303,
	0x03030303,0x03030303,0x03030303,0x03030303,0x031A0303,0x03030303,0x1A1A031A,0x03030303,
	0x00000000,0x00000000,0x00000000,0x00000000,0x00000000,0x00000000,0x00000000,0x00000000,
	0x00000000,0x00000000,0x00000000,0x00000000,0x00000000,0x00000000,0x00000000,0x00000000,

	0x00000000,0x00000000,0x00000000,0x00000000,0x00000000,0x00000000,0x00000000,0x00000000,
	0x00000000,0x00000000,0x00000000,0x00000000,0x00000000,0x00000000,0x00000000,0x00000000,
	0x00000000,0x00000000,0x00000000,0x00000000,0x00000000,0x00000000,0x00000000,0x00000000,
	0x00000000,0x00000000,0x00000000,0x00000000,0x00000000,0x00000000,0x00000000,0x00000000,
	0x00000000,0x00000000,0x00000000,0x00000000,0x00000000,0x00000000,0x00000000,0x00000000,
	0x00000000,0x00000000,0x00000000,0x00000000,0x00000000,0x00000000,0x00000000,0x00000000,
	0x00000000,0x00000000,0x00000000,0x00000000,0x00000000,0x00000000,0x00000000,0x00000000,
	0x00000000,0x00000000,0x00000000,0x00000000,0x00000000,0x00000000,0x00000000,0x00000000,

	0x00000000,0x00000000,0x00000000,0x00000000,0x00000000,0x00000000,0x00000000,0x00000000,
	0x00000000,0x00000000,0x00000000,0x00000000,0x00000000,0x00000000,0x00000000,0x00000000,
	0x00000000,0x00000000,0x00000000,0x00000000,0x00000000,0x00000000,0x00000000,0x00000000,
	0x00000000,0x00000000,0x00000000,0x00000000,0x00000000,0x00000000,0x00000000,0x00000000,
	0x00000000,0x00000000,0x00000000,0x00000000,0x00000000,0x00000000,0x00000000,0x00000000,
	0x00000000,0x00000000,0x00000000,0x00000000,0x00000000,0x00000000,0x00000000,0x00000000,
	0x00000000,0x00000000,0x00000000,0x00000000,0x00000000,0x00000000,0x00000000,0x00000000,
	0x00000000,0x00000000,0x00000000,0x00000000,0x00000000,0x00000000,0x00000000,0x00000000,

	0x00000000,0x00000000,0x00000000,0x00000000,0x00000000,0x00000000,0x00000000,0x00000000,
	0x00000000,0x00000000,0x00000000,0x00000000,0x00000000,0x00000000,0x00000000,0x00000000,
	0x02020202,0x02020202,0x02020202,0x02020202,0x02020202,0x02020202,0x02020202,0x02020202,
	0x02020202,0x02020202,0x02020202,0x02020202,0x02020202,0x02020202,0x02020202,0x02020202,
	0x02020202,0x02020202,0x02020202,0x02020202,0x02020202,0x02020202,0x02020202,0x02020202,
	0x02020202,0x02020202,0x02020202,0x02020202,0x02020202,0x02020202,0x02020202,0x02020202,
	0x1A1A1A1A,0x1A1A1A1A,0x1A1A1A1A,0x1A1A1A1A,0x1A1A1A1A,0x1A1A1A1A,0x1A1A1A1A,0x1A1A1A1A,
	0x1A1A1A1A,0x1A1A1A1A,0x1A1A1A1A,0x1A1A1A1A,0x1A1A1A1A,0x1A1A1A1A,0x1A1A1A1A,0x1A1A1A1A,

	0x1A1A1A1A,0x1A1A1A1A,0x1A1A1A1A,0x1A1A1A1A,0x1A1A1A1A,0x1A1A1A1A,0x1A1A1A1A,0x1A1A1A1A,
	0x1A1A1A1A,0x1A1A1A1A,0x1A1A1A1A,0x1A1A1A1A,0x1A1A1A1A,0x1A1A1A1A,0x1A1A1A1A,0x1A1A1A1A,
	0x03030303,0x03030303,0x03030303,0x03030303,0x03030303,0x03030303,0x03030303,0x03030303,
	0x03030303,0x03030303,0x03030303,0x03030303,0x03030303,0x03030303,0x03030303,0x03030303,
	0x03030303,0x03030303,0x03030303,0x03030303,0x03030303,0x03030303,0x03030303,0x03030303,
	0x03030303,0x03030303,0x03030303,0x03030303,0x03030303,0x03030303,0x03030303,0x03030303,
	0x00000000,0x00000000,0x00000000,0x00000000,0x00000000,0x00000000,0x00000000,0x00000000,
	0x00000000,0x00000000,0x00000000,0x00000000,0x00000000,0x00000000,0x00000000,0x00000000,

	0x00000000,0x00000000,0x00000000,0x00000000,0x00000000,0x00000000,0x00000000,0x00000000,
	0x00000000,0x00000000,0x00000000,0x00000000,0x00000000,0x00000000,0x00000000,0x00000000,
	0x00000000,0x00000000,0x00000000,0x00000000,0x00000000,0x00000000,0x00000000,0x00000000,
	0x00000000,0x00000000,0x00000000,0x00000000,0x00000000,0x00000000,0x00000000,0x00000000,
	0x00000000,0x00000000,0x00000000,0x00000000,0x00000000,0x00000000,0x00000000,0x00000000,
	0x00000000,0x00000000,0x00000000,0x00000000,0x00000000,0x00000000,0x00000000,0x00000000,
	0x00000000,0x00000000,0x00000000,0x00000000,0x00000000,0x00000000,0x00000000,0x00000000,
	0x00000000,0x00000000,0x00000000,0x00000000,0x00000000,0x00000000,0x00000000,0x00000000,

	0x00000000,0x00000000,0x00000000,0x00000000,0x00000000,0x00000000,0x00000000,0x00000000,
	0x00000000,0x00000000,0x00000000,0x00000000,0x00000000,0x00000000,0x00000000,0x00000000,
	0x00000000,0x00000000,0x00000000,0x00000000,0x00000000,0x00000000,0x00000000,0x00000000,
	0x00000000,0x00000000,0x00000000,0x00000000,0x00000000,0x00000000,0x00000000,0x00000000,
	0x00000000,0x00000000,0x00000000,0x00000000,0x00000000,0x00000000,0x00000000,0x00000000,
	0x00000000,0x00000000,0x00000000,0x00000000,0x00000000,0x00000000,0x00000000,0x00000000,
	0x00000000,0x00000000,0x00000000,0x00000000,0x00000000,0x00000000,0x00000000,0x00000000,
	0x00000000,0x00000000,0x00000000,0x00000000,0x00000000,0x00000000,0x00000000,0x00000000,

	0x00000000,0x00000000,0x00000000,0x00000000,0x00000000,0x00000000,0x00000000,0x00000000,
	0x00000000,0x00000000,0x00000000,0x00000000,0x00000000,0x00000000,0x00000000,0x00000000,
	0x00000000,0x00000000,0x00000000,0x00000000,0x00000000,0x00000000,0x00000000,0x00000000,
	0x00000000,0x00000000,0x00000000,0x00000000,0x00000000,0x00000000,0x00000000,0x00000000,
	0x00000000,0x00000000,0x00000000,0x00000000,0x00000000,0x00000000,0x00000000,0x00000000,
	0x00000000,0x00000000,0x00000000,0x00000000,0x00000000,0x00000000,0x00000000,0x00000000,
	0x00000000,0x00000000,0x00000000,0x00000000,0x00000000,0x00000000,0x00000000,0x00000000,
	0x00000000,0x00000000,0x00000000,0x00000000,0x00000000,0x00000000,0x00000000,0x00000000,

	0x00000000,0x00000000,0x00000000,0x00000000,0x00000000,0x00000000,0x00000000,0x00000000,
	0x00000000,0x00000000,0x00000000,0x00000000,0x00000000,0x00000000,0x00000000,0x00000000,
	0x00000000,0x00000000,0x00000000,0x00000000,0x00000000,0x00000000,0x00000000,0x00000000,
	0x00000000,0x00000000,0x00000000,0x00000000,0x00000000,0x00000000,0x00000000,0x00000000,
	0x00000000,0x00000000,0x00000000,0x00000000,0x00000000,0x00000000,0x00000000,0x00000000,
	0x00000000,0x00000000,0x00000000,0x00000000,0x00000000,0x00000000,0x00000000,0x00000000,
	0x00000000,0x00000000,0x00000000,0x00000000,0x00000000,0x00000000,0x00000000,0x00000000,
	0x00000000,0x00000000,0x00000000,0x00000000,0x00000000,0x00000000,0x00000000,0x00000000,

	0x00000000,0x00000000,0x00000000,0x00000000,0x00000000,0x00000000,0x00000000,0x00000000,
	0x00000000,0x00000000,0x00000000,0x00000000,0x00000000,0x00000000,0x00000000,0x00000000,
	0x00000000,0x00000000,0x00000000,0x00000000,0x00000000,0x00000000,0x00000000,0x00000000,
	0x00000000,0x00000000,0x00000000,0x00000000,0x00000000,0x00000000,0x00000000,0x00000000,
	0x00000000,0x00000000,0x00000000,0x00000000,0x00000000,0x00000000,0x00000000,0x00000000,
	0x00000000,0x00000000,0x00000000,0x00000000,0x00000000,0x00000000,0x00000000,0x00000000,
	0x00000000,0x00000000,0x00000000,0x00000000,0x00000000,0x00000000,0x00000000,0x00000000,
	0x00000000,0x00000000,0x00000000,0x00000000,0x00000000,0x00000000,0x00000000,0x00000000,

	0x00000000,0x00000000,0x00000000,0x00000000,0x00000000,0x00000000,0x00000000,0x00000000,
	0x00000000,0x00000000,0x00000000,0x00000000,0x00000000,0x00000000,0x00000000,0x00000000,
	0x00000000,0x00000000,0x00000000,0x00000000,0x00000000,0x00000000,0x00000000,0x00000000,
	0x00000000,0x00000000,0x00000000,0x00000000,0x00000000,0x00000000,0x00000000,0x00000000,
	0x00000000,0x00000000,0x00000000,0x00000000,0x00000000,0x00000000,0x00000000,0x00000000,
	0x00000000,0x00000000,0x00000000,0x00000000,0x00000000,0x00000000,0x00000000,0x00000000,
	0x00000000,0x00000000,0x00000000,0x00000000,0x00000000,0x00000000,0x00000000,0x00000000,
	0x00000000,0x00000000,0x00000000,0x00000000,0x00000000,0x00000000,0x00000000,0x00000000,

	0x00000000,0x00000000,0x00000000,0x00000000,0x00000000,0x00000000,0x00000000,0x00000000,
	0x00000000,0x00000000,0x00000000,0x00000000,0x00000000,0x00000000,0x00000000,0x00000000,
	0x02020202,0x02020202,0x02020202,0x02020202,0x02020202,0x02020202,0x02020202,0x02020202,
	0x02020202,0x02020202,0x02020202,0x02020202,0x02020202,0x02020202,0x02020202,0x02020202,
	0x02020202,0x02020202,0x02020202,0x02020202,0x02020202,0x02020202,0x02020202,0x02020202,
	0x02020202,0x02020202,0x02020202,0x02020202,0x02020202,0x02020202,0x02020202,0x02020202,
	0x1A1A1A1A,0x1A1A1A1A,0x1A1A1A1A,0x1A1A1A1A,0x1A1A1A1A,0x1A1A1A1A,0x1A1A1A1A,0x1A1A1A1A,
	0x1A1A1A1A,0x1A1A1A1A,0x1A1A1A1A,0x1A1A1A1A,0x1A1A1A1A,0x1A1A1A1A,0x1A1A1A1A,0x1A1A1A1A,

	0x1A1A1A1A,0x1A1A1A1A,0x1A1A1A1A,0x1A1A1A1A,0x1A1A1A1A,0x1A1A1A1A,0x1A1A1A1A,0x1A1A1A1A,
	0x1A1A1A1A,0x1A1A1A1A,0x1A1A1A1A,0x1A1A1A1A,0x1A1A1A1A,0x1A1A1A1A,0x1A1A1A1A,0x1A1A1A1A,
	0x03030303,0x03030303,0x03030303,0x03030303,0x03030303,0x03030303,0x03030303,0x03030303,
	0x03030303,0x03030303,0x03030303,0x03030303,0x03030303,0x03030303,0x03030303,0x03030303,
	0x03030303,0x03030303,0x03030303,0x03030303,0x03030303,0x03030303,0x03030303,0x03030303,
	0x03030303,0x03030303,0x03030303,0x03030303,0x03030303,0x03030303,0x03030303,0x03030303,
	0x00000000,0x00000000,0x00000000,0x00000000,0x00000000,0x00000000,0x00000000,0x00000000,
	0x00000000,0x00000000,0x00000000,0x00000000,0x00000000,0x00000000,0x00000000,0x00000000,

	0x00000000,0x00000000,0x00000000,0x00000000,0x00000000,0x00000000,0x00000000,0x00000000,
	0x00000000,0x00000000,0x00000000,0x00000000,0x00000000,0x00000000,0x00000000,0x00000000,
	0x00000000,0x00000000,0x00000000,0x00000000,0x00000000,0x00000000,0x00000000,0x00000000,
	0x00000000,0x00000000,0x00000000,0x00000000,0x00000000,0x00000000,0x00000000,0x00000000,
	0x00000000,0x00000000,0x00000000,0x00000000,0x00000000,0x00000000,0x00000000,0x00000000,
	0x00000000,0x00000000,0x00000000,0x00000000,0x00000000,0x00000000,0x00000000,0x00000000,
	0x00000000,0x00000000,0x00000000,0x00000000,0x00000000,0x00000000,0x00000000,0x00000000,
	0x00000000,0x00000000,0x00000000,0x00000000,0x00000000,0x00000000,0x00000000,0x00000000,

	0x00000000,0x00000000,0x00000000,0x00000000,0x00000000,0x00000000,0x00000000,0x00000000,
	0x00000000,0x00000000,0x00000000,0x00000000,0x00000000,0x00000000,0x00000000,0x00000000,
	0x00000000,0x00000000,0x00000000,0x00000000,0x00000000,0x00000000,0x00000000,0x00000000,
	0x00000000,0x00000000,0x00000000,0x00000000,0x00000000,0x00000000,0x00000000,0x00000000,
	0x00000000,0x00000000,0x00000000,0x00000000,0x00000000,0x00000000,0x00000000,0x00000000,
	0x00000000,0x00000000,0x00000000,0x00000000,0x00000000,0x00000000,0x00000000,0x00000000,
	0x00000000,0x00000000,0x00000000,0x00000000,0x00000000,0x00000000,0x00000000,0x00000000,
	0x00000000,0x00000000,0x00000000,0x00000000,0x00000000,0x00000000,0x00000000,0x00000000,

	0x00000000,0x00000000,0x00000000,0x00000000,0x00000000,0x00000000,0x00000000,0x00000000,
	0x00000000,0x00000000,0x00000000,0x00000000,0x00000000,0x00000000,0x00000000,0x00000000,
	0x00000000,0x00000000,0x00000000,0x00000000,0x00000000,0x00000000,0x00000000,0x00000000,
	0x00000000,0x00000000,0x00000000,0x00000000,0x00000000,0x00000000,0x00000000,0x00000000,
	0x00000000,0x00000000,0x00000000,0x00000000,0x00000000,0x00000000,0x00000000,0x00000000,
	0x00000000,0x00000000,0x00000000,0x00000000,0x00000000,0x00000000,0x00000000,0x00000000,
	0x00000000,0x00000000,0x00000000,0x00000000,0x00000000,0x00000000,0x00000000,0x00000000,
	0x00000000,0x00000000,0x00000000,0x00000000,0x00000000,0x00000000,0x00000000,0x00000000,

	0x00000000,0x00000000,0x00000000,0x00000000,0x00000000,0x00000000,0x00000000,0x00000000,
	0x00000000,0x00000000,0x00000000,0x00000000,0x00000000,0x00000000,0x00000000,0x00000000,
	0x00000000,0x00000000,0x00000000,0x00000000,0x00000000,0x00000000,0x00000000,0x00000000,
	0x00000000,0x00000000,0x00000000,0x00000000,0x00000000,0x00000000,0x00000000,0x00000000,
	0x00000000,0x00000000,0x00000000,0x00000000,0x00000000,0x00000000,0x00000000,0x00000000,
	0x00000000,0x00000000,0x00000000,0x00000000,0x00000000,0x00000000,0x00000000,0x00000000,
	0x00000000,0x00000000,0x00000000,0x00000000,0x00000000,0x00000000,0x00000000,0x00000000,
	0x00000000,0x00000000,0x00000000,0x00000000,0x00000000,0x00000000,0x00000000,0x00000000,

	0x00000000,0x00000000,0x00000000,0x00000000,0x00000000,0x00000000,0x00000000,0x00000000,
	0x00000000,0x00000000,0x00000000,0x00000000,0x00000000,0x00000000,0x00000000,0x00000000,
	0x00000000,0x00000000,0x00000000,0x00000000,0x00000000,0x00000000,0x00000000,0x00000000,
	0x00000000,0x00000000,0x00000000,0x00000000,0x00000000,0x00000000,0x00000000,0x00000000,
	0x00000000,0x00000000,0x00000000,0x00000000,0x00000000,0x00000000,0x00000000,0x00000000,
	0x00000000,0x00000000,0x00000000,0x00000000,0x00000000,0x00000000,0x00000000,0x00000000,
	0x00000000,0x00000000,0x00000000,0x00000000,0x00000000,0x00000000,0x00000000,0x00000000,
	0x00000000,0x00000000,0x00000000,0x00000000,0x00000000,0x00000000,0x00000000,0x00000000,

	0x00000000,0x00000000,0x00000000,0x00000000,0x00000000,0x00000000,0x00000000,0x00000000,
	0x00000000,0x00000000,0x00000000,0x00000000,0x00000000,0x00000000,0x00000000,0x00000000,
	0x00000000,0x00000000,0x00000000,0x00000000,0x00000000,0x00000000,0x00000000,0x00000000,
	0x00000000,0x00000000,0x00000000,0x00000000,0x00000000,0x00000000,0x00000000,0x00000000,
	0x00000000,0x00000000,0x00000000,0x00000000,0x00000000,0x00000000,0x00000000,0x00000000,
	0x00000000,0x00000000,0x00000000,0x00000000,0x00000000,0x00000000,0x00000000,0x00000000,
	0x00000000,0x00000000,0x00000000,0x00000000,0x00000000,0x00000000,0x00000000,0x00000000,
	0x00000000,0x00000000,0x00000000,0x00000000,0x00000000,0x00000000,0x00000000,0x00000000,

	0x00000000,0x00000000,0x00000000,0x00000000,0x00000000,0x00000000,0x00000000,0x00000000,
	0x00000000,0x00000000,0x00000000,0x00000000,0x00000000,0x00000000,0x00000000,0x00000000,
	0x02020202,0x02020202,0x02020202,0x02020202,0x02020202,0x02020202,0x02020202,0x02020202,
	0x02020202,0x02020202,0x02020202,0x02020202,0x02020202,0x02020202,0x02020202,0x02020202,
	0x02020202,0x02020202,0x02020202,0x02020202,0x02020202,0x02020202,0x02020202,0x02020202,
	0x02020202,0x02020202,0x02020202,0x02020202,0x02020202,0x02020202,0x02020202,0x02020202,
	0x1A1A1A1A,0x1A1A1A1A,0x1A1A1A1A,0x1A1A1A1A,0x1A1A1A1A,0x1A1A1A1A,0x1A1A1A1A,0x1A1A1A1A,
	0x1A1A1A1A,0x1A1A1A1A,0x1A1A1A1A,0x1A1A1A1A,0x1A1A1A1A,0x1A1A1A1A,0x1A1A1A1A,0x1A1A1A1A,

	0x1A1A1A1A,0x1A1A1A1A,0x1A1A1A1A,0x1A1A1A1A,0x1A1A1A1A,0x1A1A1A1A,0x1A1A1A1A,0x1A1A1A1A,
	0x1A1A1A1A,0x1A1A1A1A,0x1A1A1A1A,0x1A1A1A1A,0x1A1A1A1A,0x1A1A1A1A,0x1A1A1A1A,0x1A1A1A1A,
	0x03030303,0x03030303,0x03030303,0x03030303,0x03030303,0x03030303,0x03030303,0x03030303,
	0x03030303,0x03030303,0x03030303,0x03030303,0x03030303,0x03030303,0x03030303,0x03030303,
	0x03030303,0x03030303,0x03030303,0x03030303,0x03030303,0x03030303,0x03030303,0x03030303,
	0x03030303,0x03030303,0x03030303,0x03030303,0x03030303,0x03030303,0x03030303,0x03030303,
	0x00000000,0x00000000,0x00000000,0x00000000,0x00000000,0x00000000,0x00000000,0x00000000,
	0x00000000,0x00000000,0x00000000,0x00000000,0x00000000,0x00000000,0x00000000,0x00000000,

	0x00000000,0x00000000,0x00000000,0x00000000,0x00000000,0x00000000,0x00000000,0x00000000,
	0x00000000,0x00000000,0x00000000,0x00000000,0x00000000,0x00000000,0x00000000,0x00000000,
	0x00000000,0x00000000,0x00000000,0x00000000,0x00000000,0x00000000,0x00000000,0x00000000,
	0x00000000,0x00000000,0x00000000,0x00000000,0x00000000,0x00000000,0x00000000,0x00000000,
	0x00000000,0x00000000,0x00000000,0x00000000,0x00000000,0x00000000,0x00000000,0x00000000,
	0x00000000,0x00000000,0x00000000,0x00000000,0x00000000,0x00000000,0x00000000,0x00000000,
	0x00000000,0x00000000,0x00000000,0x00000000,0x00000000,0x00000000,0x00000000,0x00000000,
	0x00000000,0x00000000,0x00000000,0x00000000,0x00000000,0x00000000,0x00000000,0x00000000,

	0x00000000,0x00000000,0x00000000,0x00000000,0x00000000,0x00000000,0x00000000,0x00000000,
	0x00000000,0x00000000,0x00000000,0x00000000,0x00000000,0x00000000,0x00000000,0x00000000,
	0x00000000,0x00000000,0x00000000,0x00000000,0x00000000,0x00000000,0x00000000,0x00000000,
	0x00000000,0x00000000,0x00000000,0x00000000,0x00000000,0x00000000,0x00000000,0x00000000,
	0x00000000,0x00000000,0x00000000,0x00000000,0x00000000,0x00000000,0x00000000,0x00000000,
	0x00000000,0x00000000,0x00000000,0x00000000,0x00000000,0x00000000,0x00000000,0x00000000,
	0x00000000,0x00000000,0x00000000,0x00000000,0x00000000,0x00000000,0x00000000,0x00000000,
	0x00000000,0x00000000,0x00000000,0x00000000,0x00000000,0x00000000,0x00000000,0x00000000,

	0x00000000,0x00000000,0x00000000,0x00000000,0x00000000,0x00000000,0x00000000,0x00000000,
	0x00000000,0x00000000,0x00000000,0x00000000,0x00000000,0x00000000,0x00000000,0x00000000,
	0x00000000,0x00000000,0x00000000,0x00000000,0x00000000,0x00000000,0x00000000,0x00000000,
	0x00000000,0x00000000,0x00000000,0x00000000,0x00000000,0x00000000,0x00000000,0x00000000,
	0x00000000,0x00000000,0x00000000,0x00000000,0x00000000,0x00000000,0x00000000,0x00000000,
	0x00000000,0x00000000,0x00000000,0x00000000,0x00000000,0x00000000,0x00000000,0x00000000,
	0x00000000,0x00000000,0x00000000,0x00000000,0x00000000,0x00000000,0x00000000,0x00000000,
	0x00000000,0x00000000,0x00000000,0x00000000,0x00000000,0x00000000,0x00000000,0x00000000,

	0x00000000,0x00000000,0x00000000,0x00000000,0x00000000,0x00000000,0x00000000,0x00000000,
	0x00000000,0x00000000,0x00000000,0x00000000,0x00000000,0x00000000,0x00000000,0x00000000,
	0x00000000,0x00000000,0x00000000,0x00000000,0x00000000,0x00000000,0x00000000,0x00000000,
	0x00000000,0x00000000,0x00000000,0x00000000,0x00000000,0x00000000,0x00000000,0x00000000,
	0x00000000,0x00000000,0x00000000,0x00000000,0x00000000,0x00000000,0x00000000,0x00000000,
	0x00000000,0x00000000,0x00000000,0x00000000,0x00000000,0x00000000,0x00000000,0x00000000,
	0x00000000,0x00000000,0x00000000,0x00000000,0x00000000,0x00000000,0x00000000,0x00000000,
	0x00000000,0x00000000,0x00000000,0x00000000,0x00000000,0x00000000,0x00000000,0x00000000,

	0x00000000,0x00000000,0x00000000,0x00000000,0x00000000,0x00000000,0x00000000,0x00000000,
	0x00000000,0x00000000,0x00000000,0x00000000,0x00000000,0x00000000,0x00000000,0x00000000,
	0x00000000,0x00000000,0x00000000,0x00000000,0x00000000,0x00000000,0x00000000,0x00000000,
	0x00000000,0x00000000,0x00000000,0x00000000,0x00000000,0x00000000,0x00000000,0x00000000,
	0x00000000,0x00000000,0x00000000,0x00000000,0x00000000,0x00000000,0x00000000,0x00000000,
	0x00000000,0x00000000,0x00000000,0x00000000,0x00000000,0x00000000,0x00000000,0x00000000,
	0x00000000,0x00000000,0x00000000,0x00000000,0x00000000,0x00000000,0x00000000,0x00000000,
	0x00000000,0x00000000,0x00000000,0x00000000,0x00000000,0x00000000,0x00000000,0x00000000,

	0x00000000,0x00000000,0x00000000,0x00000000,0x00000000,0x00000000,0x00000000,0x00000000,
	0x00000000,0x00000000,0x00000000,0x00000000,0x00000000,0x00000000,0x00000000,0x00000000,
	0x00000000,0x00000000,0x00000000,0x00000000,0x00000000,0x00000000,0x00000000,0x00000000,
	0x00000000,0x00000000,0x00000000,0x00000000,0x00000000,0x00000000,0x00000000,0x00000000,
	0x00000000,0x00000000,0x00000000,0x00000000,0x00000000,0x00000000,0x00000000,0x00000000,
	0x00000000,0x00000000,0x00000000,0x00000000,0x00000000,0x00000000,0x00000000,0x00000000,
	0x00000000,0x00000000,0x00000000,0x00000000,0x00000000,0x00000000,0x00000000,0x00000000,
	0x00000000,0x00000000,0x00000000,0x00000000,0x00000000,0x00000000,0x00000000,0x00000000,

	0x00000000,0x00000000,0x00000000,0x00000000,0x00000000,0x00000000,0x00000000,0x00000000,
	0x00000000,0x00000000,0x00000000,0x00000000,0x00000000,0x00000000,0x00000000,0x00000000,
	0x02020202,0x02020202,0x02020202,0x02020202,0x02020202,0x02020202,0x02020202,0x02020202,
	0x02020202,0x02020202,0x02020202,0x02020202,0x02020202,0x02020202,0x02020202,0x02020202,
	0x02020202,0x02020202,0x02020202,0x02020202,0x02020202,0x02020202,0x02020202,0x02020202,
	0x02020202,0x02020202,0x02020202,0x02020202,0x02020202,0x02020202,0x02020202,0x02020202,
	0x1A1A1A1A,0x1A1A1A1A,0x1A1A1A1A,0x1A1A1A1A,0x1A1A1A1A,0x1A1A1A1A,0x1A1A1A1A,0x1A1A1A1A,
	0x1A1A1A1A,0x1A1A1A1A,0x1A1A1A1A,0x1A1A1A1A,0x1A1A1A1A,0x1A1A1A1A,0x1A1A1A1A,0x1A1A1A1A,

	0x1A1A1A1A,0x1A1A1A1A,0x1A1A1A1A,0x1A1A1A1A,0x1A1A1A1A,0x1A1A1A1A,0x1A1A1A1A,0x1A1A1A1A,
	0x1A1A1A1A,0x1A1A1A1A,0x1A1A1A1A,0x1A1A1A1A,0x1A1A1A1A,0x1A1A1A1A,0x1A1A1A1A,0x1A1A1A1A,
	0x03030303,0x03030303,0x03030303,0x03030303,0x03030303,0x03030303,0x03030303,0x03030303,
	0x03030303,0x03030303,0x03030303,0x03030303,0x03030303,0x03030303,0x03030303,0x03030303,
	0x03030303,0x03030303,0x03030303,0x03030303,0x03030303,0x03030303,0x03030303,0x03030303,
	0x03030303,0x03030303,0x03030303,0x03030303,0x03030303,0x03030303,0x03030303,0x03030303,
	0x00000000,0x00000000,0x00000000,0x00000000,0x00000000,0x00000000,0x00000000,0x00000000,
	0x00000000,0x00000000,0x00000000,0x00000000,0x00000000,0x00000000,0x00000000,0x00000000,

	0x00000000,0x00000000,0x00000000,0x00000000,0x00000000,0x00000000,0x00000000,0x00000000,
	0x00000000,0x00000000,0x00000000,0x00000000,0x00000000,0x00000000,0x00000000,0x00000000,
	0x00000000,0x00000000,0x00000000,0x00000000,0x00000000,0x00000000,0x00000000,0x00000000,
	0x00000000,0x00000000,0x00000000,0x00000000,0x00000000,0x00000000,0x00000000,0x00000000,
	0x00000000,0x00000000,0x00000000,0x00000000,0x00000000,0x00000000,0x00000000,0x00000000,
	0x00000000,0x00000000,0x00000000,0x00000000,0x00000000,0x00000000,0x00000000,0x00000000,
	0x00000000,0x00000000,0x00000000,0x00000000,0x00000000,0x00000000,0x00000000,0x00000000,
	0x00000000,0x00000000,0x00000000,0x00000000,0x00000000,0x00000000,0x00000000,0x00000000,

	0x00000000,0x00000000,0x00000000,0x00000000,0x00000000,0x00000000,0x00000000,0x00000000,
	0x00000000,0x00000000,0x00000000,0x00000000,0x00000000,0x00000000,0x00000000,0x00000000,
	0x00000000,0x00000000,0x00000000,0x00000000,0x00000000,0x00000000,0x00000000,0x00000000,
	0x00000000,0x00000000,0x00000000,0x00000000,0x00000000,0x00000000,0x00000000,0x00000000,
	0x00000000,0x00000000,0x00000000,0x00000000,0x00000000,0x00000000,0x00000000,0x00000000,
	0x00000000,0x00000000,0x00000000,0x00000000,0x00000000,0x00000000,0x00000000,0x00000000,
	0x00000000,0x00000000,0x00000000,0x00000000,0x00000000,0x00000000,0x00000000,0x00000000,
	0x00000000,0x00000000,0x00000000,0x00000000,0x00000000,0x00000000,0x00000000,0x00000000,

	0x00000000,0x00000000,0x00000000,0x00000000,0x00000000,0x00000000,0x00000000,0x00000000,
	0x00000000,0x00000000,0x00000000,0x00000000,0x00000000,0x00000000,0x00000000,0x00000000,
	0x00000000,0x00000000,0x00000000,0x00000000,0x00000000,0x00000000,0x00000000,0x00000000,
	0x00000000,0x00000000,0x00000000,0x00000000,0x00000000,0x00000000,0x00000000,0x00000000,
	0x00000000,0x00000000,0x00000000,0x00000000,0x00000000,0x00000000,0x00000000,0x00000000,
	0x00000000,0x00000000,0x00000000,0x00000000,0x00000000,0x00000000,0x00000000,0x00000000,
	0x00000000,0x00000000,0x00000000,0x00000000,0x00000000,0x00000000,0x00000000,0x00000000,
	0x00000000,0x00000000,0x00000000,0x00000000,0x00000000,0x00000000,0x00000000,0x00000000,

	0x00000000,0x00000000,0x00000000,0x00000000,0x00000000,0x00000000,0x00000000,0x00000000,
	0x00000000,0x00000000,0x00000000,0x00000000,0x00000000,0x00000000,0x00000000,0x00000000,
	0x00000000,0x00000000,0x00000000,0x00000000,0x00000000,0x00000000,0x00000000,0x00000000,
	0x00000000,0x00000000,0x00000000,0x00000000,0x00000000,0x00000000,0x00000000,0x00000000,
	0x00000000,0x00000000,0x00000000,0x00000000,0x00000000,0x00000000,0x00000000,0x00000000,
	0x00000000,0x00000000,0x00000000,0x00000000,0x00000000,0x00000000,0x00000000,0x00000000,
	0x00000000,0x00000000,0x00000000,0x00000000,0x00000000,0x00000000,0x00000000,0x00000000,
	0x00000000,0x00000000,0x00000000,0x00000000,0x00000000,0x00000000,0x00000000,0x00000000,

	0x00000000,0x00000000,0x00000000,0x00000000,0x00000000,0x00000000,0x00000000,0x00000000,
	0x00000000,0x00000000,0x00000000,0x00000000,0x00000000,0x00000000,0x00000000,0x00000000,
	0x00000000,0x00000000,0x00000000,0x00000000,0x00000000,0x00000000,0x00000000,0x00000000,
	0x00000000,0x00000000,0x00000000,0x00000000,0x00000000,0x00000000,0x00000000,0x00000000,
	0x00000000,0x00000000,0x00000000,0x00000000,0x00000000,0x00000000,0x00000000,0x00000000,
	0x00000000,0x00000000,0x00000000,0x00000000,0x00000000,0x00000000,0x00000000,0x00000000,
	0x00000000,0x00000000,0x00000000,0x00000000,0x00000000,0x00000000,0x00000000,0x00000000,
	0x00000000,0x00000000,0x00000000,0x00000000,0x00000000,0x00000000,0x00000000,0x00000000,

	0x00000000,0x00000000,0x00000000,0x00000000,0x00000000,0x00000000,0x00000000,0x00000000,
	0x00000000,0x00000000,0x00000000,0x00000000,0x00000000,0x00000000,0x00000000,0x00000000,
	0x00000000,0x00000000,0x00000000,0x00000000,0x00000000,0x00000000,0x00000000,0x00000000,
	0x00000000,0x00000000,0x00000000,0x00000000,0x00000000,0x00000000,0x00000000,0x00000000,
	0x00000000,0x00000000,0x00000000,0x00000000,0x00000000,0x00000000,0x00000000,0x00000000,
	0x00000000,0x00000000,0x00000000,0x00000000,0x00000000,0x00000000,0x00000000,0x00000000,
	0x00000000,0x00000000,0x00000000,0x00000000,0x00000000,0x00000000,0x00000000,0x00000000,
	0x00000000,0x00000000,0x00000000,0x00000000,0x00000000,0x00000000,0x00000000,0x00000000,

	0x00000000,0x00000000,0x00000000,0x00000000,0x00000000,0x00000000,0x00000000,0x00000000,
	0x00000000,0x00000000,0x00000000,0x00000000,0x00000000,0x00000000,0x00000000,0x00000000,
	0x0C0C0C0C,0x0C0C0C0C,0x0C0C0C0C,0x0C0C0C0C,0x0C0C0C0C,0x0C0C0C0C,0x0C0C0C0C,0x0C0C0C0C,
	0x0C0C0C0C,0x0C0C0C0C,0x0C0C0C0C,0x0C0C0C0C,0x0C0C0C0C,0x0C0C0C0C,0x0C0C0C0C,0x0C0C0C0C,
	0x0C0C0C0C,0x0C0C0C0C,0x0C0C0C0C,0x0C0C0C0C,0x0C0C0C0C,0x0C0C0C0C,0x0C0C0C0C,0x0C0C0C0C,
	0x0C0C0C0C,0x0C0C0C0C,0x0C0C0C0C,0x0C0C0C0C,0x0C0C0C0C,0x0C0C0C0C,0x0C0C0C0C,0x0C0C0C0C,
	0x0C0C0C0C,0x0C0C0C0C,0x0C0C0C0C,0x0C0C0C0C,0x0C0C0C0C,0x0C0C0C0C,0x0C0C0C0C,0x0C0C0C0C,
	0x0C0C0C0C,0x0C0C0C0C,0x0C0C0C0C,0x0C0C0C0C,0x0C0C0C0C,0x0C0C0C0C,0x0C0C0C0C,0x0C0C0C0C,

	0x0C0C0C0C,0x0C0C0C0C,0x0C0C0C0C,0x0C0C0C0C,0x0C0C0C0C,0x0C0C0C0C,0x0C0C0C0C,0x0C0C0C0C,
	0x0C0C0C0C,0x0C0C0C0C,0x0C0C0C0C,0x0C0C0C0C,0x0C0C0C0C,0x0C0C0C0C,0x0C0C0C0C,0x0C0C0C0C,
	0x0C0C0C0C,0x0C0C0C0C,0x0C0C0C0C,0x0C0C0C0C,0x0C0C0C0C,0x0C0C0C0C,0x0C0C0C0C,0x0C0C0C0C,
	0x0C0C0C0C,0x0C0C0C0C,0x0C0C0C0C,0x0C0C0C0C,0x0C0C0C0C,0x0C0C0C0C,0x0C0C0C0C,0x0C0C0C0C,
	0x0C0C0C0C,0x0C0C0C0C,0x0C0C0C0C,0x0C0C0C0C,0x0C0C0C0C,0x0C0C0C0C,0x0C0C0C0C,0x0C0C0C0C,
	0x0C0C0C0C,0x0C0C0C0C,0x0C0C0C0C,0x0C0C0C0C,0x0C0C0C0C,0x0C0C0C0C,0x0C0C0C0C,0x0C0C0C0C,
	0x00000000,0x00000000,0x00000000,0x00000000,0x00000000,0x00000000,0x00000000,0x00000000,
	0x00000000,0x00000000,0x00000000,0x00000000,0x00000000,0x00000000,0x00000000,0x00000000,

	0x00000000,0x00000000,0x00000000,0x00000000,0x00000000,0x00000000,0x00000000,0x00000000,
	0x00000000,0x00000000,0x00000000,0x00000000,0x00000000,0x00000000,0x00000000,0x00000000,
	0x00000000,0x00000000,0x00000000,0x00000000,0x00000000,0x00000000,0x00000000,0x00000000,
	0x00000000,0x00000000,0x00000000,0x00000000,0x00000000,0x00000000,0x00000000,0x00000000,
	0x00000000,0x00000000,0x00000000,0x00000000,0x00000000,0x00000000,0x00000000,0x00000000,
	0x00000000,0x00000000,0x00000000,0x00000000,0x00000000,0x00000000,0x00000000,0x00000000,
	0x00000000,0x00000000,0x00000000,0x00000000,0x00000000,0x00000000,0x00000000,0x00000000,
	0x00000000,0x00000000,0x00000000,0x00000000,0x00000000,0x00000000,0x00000000,0x00000000,

	0x00000000,0x00000000,0x00000000,0x00000000,0x00000000,0x00000000,0x00000000,0x00000000,
	0x00000000,0x00000000,0x00000000,0x00000000,0x00000000,0x00000000,0x00000000,0x00000000,
	0x00000000,0x00000000,0x00000000,0x00000000,0x00000000,0x00000000,0x00000000,0x00000000,
	0x00000000,0x00000000,0x00000000,0x00000000,0x00000000,0x00000000,0x00000000,0x00000000,
	0x00000000,0x00000000,0x00000000,0x00000000,0x00000000,0x00000000,0x00000000,0x00000000,
	0x00000000,0x00000000,0x00000000,0x00000000,0x00000000,0x00000000,0x00000000,0x00000000,
	0x00000000,0x00000000,0x00000000,0x00000000,0x00000000,0x00000000,0x00000000,0x00000000,
	0x00000000,0x00000000,0x00000000,0x00000000,0x00000000,0x00000000,0x00000000,0x00000000,

	0x00000000,0x00000000,0x00000000,0x00000000,0x00000000,0x00000000,0x00000000,0x00000000,
	0x00000000,0x00000000,0x00000000,0x00000000,0x00000000,0x00000000,0x00000000,0x00000000,
	0x00000000,0x00000000,0x00000000,0x00000000,0x00000000,0x00000000,0x00000000,0x00000000,
	0x00000000,0x00000000,0x00000000,0x00000000,0x00000000,0x00000000,0x00000000,0x00000000,
	0x00000000,0x00000000,0x00000000,0x00000000,0x00000000,0x00000000,0x00000000,0x00000000,
	0x00000000,0x00000000,0x00000000,0x00000000,0x00000000,0x00000000,0x00000000,0x00000000,
	0x00000000,0x00000000,0x00000000,0x00000000,0x00000000,0x00000000,0x00000000,0x00000000,
	0x00000000,0x00000000,0x00000000,0x00000000,0x00000000,0x00000000,0x00000000,0x00000000,

	0x00000000,0x00000000,0x00000000,0x00000000,0x00000000,0x00000000,0x00000000,0x00000000,
	0x00000000,0x00000000,0x00000000,0x00000000,0x00000000,0x00000000,0x00000000,0x00000000,
	0x00000000,0x00000000,0x00000000,0x00000000,0x00000000,0x00000000,0x00000000,0x00000000,
	0x00000000,0x00000000,0x00000000,0x00000000,0x00000000,0x00000000,0x00000000,0x00000000,
	0x00000000,0x00000000,0x00000000,0x00000000,0x00000000,0x00000000,0x00000000,0x00000000,
	0x00000000,0x00000000,0x00000000,0x00000000,0x00000000,0x00000000,0x00000000,0x00000000,
	0x00000000,0x00000000,0x00000000,0x00000000,0x00000000,0x00000000,0x00000000,0x00000000,
	0x00000000,0x00000000,0x00000000,0x00000000,0x00000000,0x00000000,0x00000000,0x00000000,

	0x00000000,0x00000000,0x00000000,0x00000000,0x00000000,0x00000000,0x00000000,0x00000000,
	0x00000000,0x00000000,0x00000000,0x00000000,0x00000000,0x00000000,0x00000000,0x00000000,
	0x00000000,0x00000000,0x00000000,0x00000000,0x00000000,0x00000000,0x00000000,0x00000000,
	0x00000000,0x00000000,0x00000000,0x00000000,0x00000000,0x00000000,0x00000000,0x00000000,
	0x00000000,0x00000000,0x00000000,0x00000000,0x00000000,0x00000000,0x00000000,0x00000000,
	0x00000000,0x00000000,0x00000000,0x00000000,0x00000000,0x00000000,0x00000000,0x00000000,
	0x00000000,0x00000000,0x00000000,0x00000000,0x00000000,0x00000000,0x00000000,0x00000000,
	0x00000000,0x00000000,0x00000000,0x00000000,0x00000000,0x00000000,0x00000000,0x00000000,

	0x00000000,0x00000000,0x00000000,0x00000000,0x00000000,0x00000000,0x00000000,0x00000000,
	0x00000000,0x00000000,0x00000000,0x00000000,0x00000000,0x00000000,0x00000000,0x00000000,
	0x00000000,0x00000000,0x00000000,0x00000000,0x00000000,0x00000000,0x00000000,0x00000000,
	0x00000000,0x00000000,0x00000000,0x00000000,0x00000000,0x00000000,0x00000000,0x00000000,
	0x00000000,0x00000000,0x00000000,0x00000000,0x00000000,0x00000000,0x00000000,0x00000000,
	0x00000000,0x00000000,0x00000000,0x00000000,0x00000000,0x00000000,0x00000000,0x00000000,
	0x00000000,0x00000000,0x00000000,0x00000000,0x00000000,0x00000000,0x00000000,0x00000000,
	0x00000000,0x00000000,0x00000000,0x00000000,0x00000000,0x00000000,0x00000000,0x00000000,

	0x00000000,0x00000000,0x00000000,0x00000000,0x00000000,0x00000000,0x00000000,0x00000000,
	0x00000000,0x00000000,0x00000000,0x00000000,0x00000000,0x00000000,0x00000000,0x00000000,
	0x0C0C0C0C,0x0C0C0C0C,0x0C0C0C0C,0x0C0C0C0C,0x0C0C0C0C,0x0C0C0C0C,0x1A1A1A1A,0x1A1A1A1A,
	0x1A1A1A1A,0x1A1A1A1A,0x1A1A1A1A,0x1A1A1A1A,0x1A1A1A1A,0x1A1A1A1A,0x1A1A1A1A,0x1A1A1A1A,
	0x0C0C0C0C,0x0C0C0C0C,0x0C0C0C0C,0x0C0C0C0C,0x0C0C0C0C,0x0C0C0C0C,0x1A1A1A1A,0x1A1A1A1A,
	0x1A1A1A1A,0x1A1A1A1A,0x1A1A1A1A,0x1A1A1A1A,0x1A1A1A1A,0x1A1A1A1A,0x1A1A1A1A,0x1A1A1A1A,
	0x0C0C0C0C,0x0C0C0C0C,0x0C0C0C0C,0x0C0C0C0C,0x0C0C0C0C,0x0C0C0C0C,0x1A1A1A1A,0x1A1A1A1A,
	0x1A1A1A1A,0x1A1A1A1A,0x1A1A1A1A,0x1A1A1A1A,0x1A1A1A1A,0x1A1A1A1A,0x1A1A1A1A,0x1A1A1A1A,

	0x0C0C0C0C,0x0C0C0C0C,0x0C0C0C0C,0x0C0C0C0C,0x0C0C0C0C,0x0C0C0C0C,0x1A1A1A1A,0x1A1A1A1A,
	0x1A1A1A1A,0x1A1A1A1A,0x1A1A1A1A,0x1A1A1A1A,0x1A1A1A1A,0x1A1A1A1A,0x1A1A1A1A,0x1A1A1A1A,
	0x0C0C0C0C,0x0C0C0C0C,0x0C0C0C0C,0x0C0C0C0C,0x0C0C0C0C,0x0C0C0C0C,0x1A1A1A1A,0x1A1A1A1A,
	0x1A1A1A1A,0x1A1A1A1A,0x1A1A1A1A,0x1A1A1A1A,0x1A1A1A1A,0x1A1A1A1A,0x1A1A1A1A,0x1A1A1A1A,
	0x0C0C0C0C,0x0C0C0C0C,0x0C0C0C0C,0x0C0C0C0C,0x0C0C0C0C,0x0C0C0C0C,0x1A1A1A1A,0x1A1A1A1A,
	0x1A1A1A1A,0x1A1A1A1A,0x1A1A1A1A,0x1A1A1A1A,0x1A1A1A1A,0x1A1A1A1A,0x1A1A1A1A,0x1A1A1A1A,
	0x00000000,0x00000000,0x00000000,0x00000000,0x00000000,0x00000000,0x00000000,0x00000000,
	0x00000000,0x00000000,0x00000000,0x00000000,0x00000000,0x00000000,0x00000000,0x00000000,

	0x00000000,0x00000000,0x00000000,0x00000000,0x00000000,0x00000000,0x00000000,0x00000000,
	0x00000000,0x00000000,0x00000000,0x00000000,0x00000000,0x00000000,0x00000000,0x00000000,
	0x00000000,0x00000000,0x00000000,0x00000000,0x00000000,0x00000000,0x00000000,0x00000000,
	0x00000000,0x00000000,0x00000000,0x00000000,0x00000000,0x00000000,0x00000000,0x00000000,
	0x00000000,0x00000000,0x00000000,0x00000000,0x00000000,0x00000000,0x00000000,0x00000000,
	0x00000000,0x00000000,0x00000000,0x00000000,0x00000000,0x00000000,0x00000000,0x00000000,
	0x00000000,0x00000000,0x00000000,0x00000000,0x00000000,0x00000000,0x00000000,0x00000000,
	0x00000000,0x00000000,0x00000000,0x00000000,0x00000000,0x00000000,0x00000000,0x00000000,

	0x00000000,0x00000000,0x00000000,0x00000000,0x00000000,0x00000000,0x00000000,0x00000000,
	0x00000000,0x00000000,0x00000000,0x00000000,0x00000000,0x00000000,0x00000000,0x00000000,
	0x00000000,0x00000000,0x00000000,0x00000000,0x00000000,0x00000000,0x00000000,0x00000000,
	0x00000000,0x00000000,0x00000000,0x00000000,0x00000000,0x00000000,0x00000000,0x00000000,
	0x00000000,0x00000000,0x00000000,0x00000000,0x00000000,0x00000000,0x00000000,0x00000000,
	0x00000000,0x00000000,0x00000000,0x00000000,0x00000000,0x00000000,0x00000000,0x00000000,
	0x00000000,0x00000000,0x00000000,0x00000000,0x00000000,0x00000000,0x00000000,0x00000000,
	0x00000000,0x00000000,0x00000000,0x00000000,0x00000000,0x00000000,0x00000000,0x00000000,

	0x00000000,0x00000000,0x00000000,0x00000000,0x00000000,0x00000000,0x00000000,0x00000000,
	0x00000000,0x00000000,0x00000000,0x00000000,0x00000000,0x00000000,0x00000000,0x00000000,
	0x00000000,0x00000000,0x00000000,0x00000000,0x00000000,0x00000000,0x00000000,0x00000000,
	0x00000000,0x00000000,0x00000000,0x00000000,0x00000000,0x00000000,0x00000000,0x00000000,
	0x00000000,0x00000000,0x00000000,0x00000000,0x00000000,0x00000000,0x00000000,0x00000000,
	0x00000000,0x00000000,0x00000000,0x00000000,0x00000000,0x00000000,0x00000000,0x00000000,
	0x00000000,0x00000000,0x00000000,0x00000000,0x00000000,0x00000000,0x00000000,0x00000000,
	0x00000000,0x00000000,0x00000000,0x00000000,0x00000000,0x00000000,0x00000000,0x00000000,

	0x00000000,0x00000000,0x00000000,0x00000000,0x00000000,0x00000000,0x00000000,0x00000000,
	0x00000000,0x00000000,0x00000000,0x00000000,0x00000000,0x00000000,0x00000000,0x00000000,
	0x00000000,0x00000000,0x00000000,0x00000000,0x00000000,0x00000000,0x00000000,0x00000000,
	0x00000000,0x00000000,0x00000000,0x00000000,0x00000000,0x00000000,0x00000000,0x00000000,
	0x00000000,0x00000000,0x00000000,0x00000000,0x00000000,0x00000000,0x00000000,0x00000000,
	0x00000000,0x00000000,0x00000000,0x00000000,0x00000000,0x00000000,0x00000000,0x00000000,
	0x00000000,0x00000000,0x00000000,0x00000000,0x00000000,0x00000000,0x00000000,0x00000000,
	0x00000000,0x00000000,0x00000000,0x00000000,0x00000000,0x00000000,0x00000000,0x00000000,

	0x00000000,0x00000000,0x00000000,0x00000000,0x00000000,0x00000000,0x00000000,0x00000000,
	0x00000000,0x00000000,0x00000000,0x00000000,0x00000000,0x00000000,0x00000000,0x00000000,
	0x00000000,0x00000000,0x00000000,0x00000000,0x00000000,0x00000000,0x00000000,0x00000000,
	0x00000000,0x00000000,0x00000000,0x00000000,0x00000000,0x00000000,0x00000000,0x00000000,
	0x00000000,0x00000000,0x00000000,0x00000000,0x00000000,0x00000000,0x00000000,0x00000000,
	0x00000000,0x00000000,0x00000000,0x00000000,0x00000000,0x00000000,0x00000000,0x00000000,
	0x00000000,0x00000000,0x00000000,0x00000000,0x00000000,0x00000000,0x00000000,0x00000000,
	0x00000000,0x00000000,0x00000000,0x00000000,0x00000000,0x00000000,0x00000000,0x00000000,

	0x00000000,0x00000000,0x00000000,0x00000000,0x00000000,0x00000000,0x00000000,0x00000000,
	0x00000000,0x00000000,0x00000000,0x00000000,0x00000000,0x00000000,0x00000000,0x00000000,
	0x00000000,0x00000000,0x00000000,0x00000000,0x00000000,0x00000000,0x00000000,0x00000000,
	0x00000000,0x00000000,0x00000000,0x00000000,0x00000000,0x00000000,0x00000000,0x00000000,
	0x00000000,0x00000000,0x00000000,0x00000000,0x00000000,0x00000000,0x00000000,0x00000000,
	0x00000000,0x00000000,0x00000000,0x00000000,0x00000000,0x00000000,0x00000000,0x00000000,
	0x00000000,0x00000000,0x00000000,0x00000000,0x00000000,0x00000000,0x00000000,0x00000000,
	0x00000000,0x00000000,0x00000000,0x00000000,0x00000000,0x00000000,0x00000000,0x00000000,

	0x00000000,0x00000000,0x00000000,0x00000000,0x00000000,0x00000000,0x00000000,0x00000000,
	0x00000000,0x00000000,0x00000000,0x00000000,0x00000000,0x00000000,0x00000000,0x00000000,
	0x1A1A1A1A,0x1A1A1A1A,0x1A1A1A1A,0x1A1A1A1A,0x1A1A1A1A,0x1A1A1A1A,0x1A1A1A1A,0x1A1A1A1A,
	0x1A1A1A1A,0x1A1A1A1A,0x13131313,0x13131313,0x13131313,0x13131313,0x13131313,0x13131313,
	0x1A1A1A1A,0x1A1A1A1A,0x1A1A1A1A,0x1A1A1A1A,0x1A1A1A1A,0x1A1A1A1A,0x1A1A1A1A,0x1A1A1A1A,
	0x1A1A1A1A,0x1A1A1A1A,0x13131313,0x13131313,0x13131313,0x13131313,0x13131313,0x13131313,
	0x1A1A1A1A,0x1A1A1A1A,0x1A1A1A1A,0x1A1A1A1A,0x1A1A1A1A,0x1A1A1A1A,0x1A1A1A1A,0x1A1A1A1A,
	0x1A1A1A1A,0x1A1A1A1A,0x13131313,0x13131313,0x13131313,0x13131313,0x13131313,0x13131313,

	0x1A1A1A1A,0x1A1A1A1A,0x1A1A1A1A,0x1A1A1A1A,0x1A1A1A1A,0x1A1A1A1A,0x1A1A1A1A,0x1A1A1A1A,
	0x1A1A1A1A,0x1A1A1A1A,0x13131313,0x13131313,0x13131313,0x13131313,0x13131313,0x13131313,
	0x1A1A1A1A,0x1A1A1A1A,0x1A1A1A1A,0x1A1A1A1A,0x1A1A1A1A,0x1A1A1A1A,0x1A1A1A1A,0x1A1A1A1A,
	0x1A1A1A1A,0x1A1A1A1A,0x13131313,0x13131313,0x13131313,0x13131313,0x13131313,0x13131313,
	0x1A1A1A1A,0x1A1A1A1A,0x1A1A1A1A,0x1A1A1A1A,0x1A1A1A1A,0x1A1A1A1A,0x1A1A1A1A,0x1A1A1A1A,
	0x1A1A1A1A,0x1A1A1A1A,0x13131313,0x13131313,0x13131313,0x13131313,0x13131313,0x13131313,
	0x00000000,0x00000000,0x00000000,0x00000000,0x00000000,0x00000000,0x00000000,0x00000000,
	0x00000000,0x00000000,0x00000000,0x00000000,0x00000000,0x00000000,0x00000000,0x00000000,

	0x00000000,0x00000000,0x00000000,0x00000000,0x00000000,0x00000000,0x00000000,0x00000000,
	0x00000000,0x00000000,0x00000000,0x00000000,0x00000000,0x00000000,0x00000000,0x00000000,
	0x00000000,0x00000000,0x00000000,0x00000000,0x00000000,0x00000000,0x00000000,0x00000000,
	0x00000000,0x00000000,0x00000000,0x00000000,0x00000000,0x00000000,0x00000000,0x00000000,
	0x00000000,0x00000000,0x00000000,0x00000000,0x00000000,0x00000000,0x00000000,0x00000000,
	0x00000000,0x00000000,0x00000000,0x00000000,0x00000000,0x00000000,0x00000000,0x00000000,
	0x00000000,0x00000000,0x00000000,0x00000000,0x00000000,0x00000000,0x00000000,0x00000000,
	0x00000000,0x00000000,0x00000000,0x00000000,0x00000000,0x00000000,0x00000000,0x00000000,

	0x00000000,0x00000000,0x00000000,0x00000000,0x00000000,0x00000000,0x00000000,0x00000000,
	0x00000000,0x00000000,0x00000000,0x00000000,0x00000000,0x00000000,0x00000000,0x00000000,
	0x00000000,0x00000000,0x00000000,0x00000000,0x00000000,0x00000000,0x00000000,0x00000000,
	0x00000000,0x00000000,0x00000000,0x00000000,0x00000000,0x00000000,0x00000000,0x00000000,
	0x00000000,0x00000000,0x00000000,0x00000000,0x00000000,0x00000000,0x00000000,0x00000000,
	0x00000000,0x00000000,0x00000000,0x00000000,0x00000000,0x00000000,0x00000000,0x00000000,
	0x00000000,0x00000000,0x00000000,0x00000000,0x00000000,0x00000000,0x00000000,0x00000000,
	0x00000000,0x00000000,0x00000000,0x00000000,0x00000000,0x00000000,0x00000000,0x00000000,

	0x00000000,0x00000000,0x00000000,0x00000000,0x00000000,0x00000000,0x00000000,0x00000000,
	0x00000000,0x00000000,0x00000000,0x00000000,0x00000000,0x00000000,0x00000000,0x00000000,
	0x00000000,0x00000000,0x00000000,0x00000000,0x00000000,0x00000000,0x00000000,0x00000000,
	0x00000000,0x00000000,0x00000000,0x00000000,0x00000000,0x00000000,0x00000000,0x00000000,
	0x00000000,0x00000000,0x00000000,0x00000000,0x00000000,0x00000000,0x00000000,0x00000000,
	0x00000000,0x00000000,0x00000000,0x00000000,0x00000000,0x00000000,0x00000000,0x00000000,
	0x00000000,0x00000000,0x00000000,0x00000000,0x00000000,0x00000000,0x00000000,0x00000000,
	0x00000000,0x00000000,0x00000000,0x00000000,0x00000000,0x00000000,0x00000000,0x00000000,

	0x00000000,0x00000000,0x00000000,0x00000000,0x00000000,0x00000000,0x00000000,0x00000000,
	0x00000000,0x00000000,0x00000000,0x00000000,0x00000000,0x00000000,0x00000000,0x00000000,
	0x00000000,0x00000000,0x00000000,0x00000000,0x00000000,0x00000000,0x00000000,0x00000000,
	0x00000000,0x00000000,0x00000000,0x00000000,0x00000000,0x00000000,0x00000000,0x00000000,
	0x00000000,0x00000000,0x00000000,0x00000000,0x00000000,0x00000000,0x00000000,0x00000000,
	0x00000000,0x00000000,0x00000000,0x00000000,0x00000000,0x00000000,0x00000000,0x00000000,
	0x00000000,0x00000000,0x00000000,0x00000000,0x00000000,0x00000000,0x00000000,0x00000000,
	0x00000000,0x00000000,0x00000000,0x00000000,0x00000000,0x00000000,0x00000000,0x00000000,

	0x00000000,0x00000000,0x00000000,0x00000000,0x00000000,0x00000000,0x00000000,0x00000000,
	0x00000000,0x00000000,0x00000000,0x00000000,0x00000000,0x00000000,0x00000000,0x00000000,
	0x00000000,0x00000000,0x00000000,0x00000000,0x00000000,0x00000000,0x00000000,0x00000000,
	0x00000000,0x00000000,0x00000000,0x00000000,0x00000000,0x00000000,0x00000000,0x00000000,
	0x00000000,0x00000000,0x00000000,0x00000000,0x00000000,0x00000000,0x00000000,0x00000000,
	0x00000000,0x00000000,0x00000000,0x00000000,0x00000000,0x00000000,0x00000000,0x00000000,
	0x00000000,0x00000000,0x00000000,0x00000000,0x00000000,0x00000000,0x00000000,0x00000000,
	0x00000000,0x00000000,0x00000000,0x00000000,0x00000000,0x00000000,0x00000000,0x00000000,

	0x00000000,0x00000000,0x00000000,0x00000000,0x00000000,0x00000000,0x00000000,0x00000000,
	0x00000000,0x00000000,0x00000000,0x00000000,0x00000000,0x00000000,0x00000000,0x00000000,
	0x00000000,0x00000000,0x00000000,0x00000000,0x00000000,0x00000000,0x00000000,0x00000000,
	0x00000000,0x00000000,0x00000000,0x00000000,0x00000000,0x00000000,0x00000000,0x00000000,
	0x00000000,0x00000000,0x00000000,0x00000000,0x00000000,0x00000000,0x00000000,0x00000000,
	0x00000000,0x00000000,0x00000000,0x00000000,0x00000000,0x00000000,0x00000000,0x00000000,
	0x00000000,0x00000000,0x00000000,0x00000000,0x00000000,0x00000000,0x00000000,0x00000000,
	0x00000000,0x00000000,0x00000000,0x00000000,0x00000000,0x00000000,0x00000000,0x00000000,

	0x00000000,0x00000000,0x00000000,0x00000000,0x00000000,0x00000000,0x00000000,0x00000000,
	0x00000000,0x00000000,0x00000000,0x00000000,0x00000000,0x00000000,0x00000000,0x00000000,
	0x13131313,0x13131313,0x13131313,0x13131313,0x13131313,0x13131313,0x13131313,0x13131313,
	0x13131313,0x13131313,0x13131313,0x13131313,0x13131313,0x13131313,0x13131313,0x13131313,
	0x13131313,0x13131313,0x13131313,0x13131313,0x13131313,0x13131313,0x13131313,0x13131313,
	0x13131313,0x13131313,0x13131313,0x13131313,0x13131313,0x13131313,0x13131313,0x13131313,
	0x13131313,0x13131313,0x13131313,0x13131313,0x13131313,0x13131313,0x13131313,0x13131313,
	0x13131313,0x13131313,0x13131313,0x13131313,0x13131313,0x13131313,0x13131313,0x13131313,

	0x13131313,0x13131313,0x13131313,0x13131313,0x13131313,0x13131313,0x13131313,0x13131313,
	0x13131313,0x13131313,0x13131313,0x13131313,0x13131313,0x13131313,0x13131313,0x13131313,
	0x13131313,0x13131313,0x13131313,0x13131313,0x13131313,0x13131313,0x13131313,0x13131313,
	0x13131313,0x13131313,0x13131313,0x13131313,0x13131313,0x13131313,0x13131313,0x13131313,
	0x13131313,0x13131313,0x13131313,0x13131313,0x13131313,0x13131313,0x13131313,0x13131313,
	0x13131313,0x13131313,0x13131313,0x13131313,0x13131313,0x13131313,0x13131313,0x13131313,
	0x00000000,0x00000000,0x00000000,0x00000000,0x00000000,0x00000000,0x00000000,0x00000000,
	0x00000000,0x00000000,0x00000000,0x00000000,0x00000000,0x00000000,0x00000000,0x00000000,

	0x00000000,0x00000000,0x00000000,0x00000000,0x00000000,0x00000000,0x00000000,0x00000000,
	0x00000000,0x00000000,0x00000000,0x00000000,0x00000000,0x00000000,0x00000000,0x00000000,
	0x00000000,0x00000000,0x00000000,0x00000000,0x00000000,0x00000000,0x00000000,0x00000000,
	0x00000000,0x00000000,0x00000000,0x00000000,0x00000000,0x00000000,0x00000000,0x00000000,
	0x00000000,0x00000000,0x00000000,0x00000000,0x00000000,0x00000000,0x00000000,0x00000000,
	0x00000000,0x00000000,0x00000000,0x00000000,0x00000000,0x00000000,0x00000000,0x00000000,
	0x00000000,0x00000000,0x00000000,0x00000000,0x00000000,0x00000000,0x00000000,0x00000000,
	0x00000000,0x00000000,0x00000000,0x00000000,0x00000000,0x00000000,0x00000000,0x00000000,

	0x00000000,0x00000000,0x00000000,0x00000000,0x00000000,0x00000000,0x00000000,0x00000000,
	0x00000000,0x00000000,0x00000000,0x00000000,0x00000000,0x00000000,0x00000000,0x00000000,
	0x00000000,0x00000000,0x00000000,0x00000000,0x00000000,0x00000000,0x00000000,0x00000000,
	0x00000000,0x00000000,0x00000000,0x00000000,0x00000000,0x00000000,0x00000000,0x00000000,
	0x00000000,0x00000000,0x00000000,0x00000000,0x00000000,0x00000000,0x00000000,0x00000000,
	0x00000000,0x00000000,0x00000000,0x00000000,0x00000000,0x00000000,0x00000000,0x00000000,
	0x00000000,0x00000000,0x00000000,0x00000000,0x00000000,0x00000000,0x00000000,0x00000000,
	0x00000000,0x00000000,0x00000000,0x00000000,0x00000000,0x00000000,0x00000000,0x00000000,

	0x00000000,0x00000000,0x00000000,0x00000000,0x00000000,0x00000000,0x00000000,0x00000000,
	0x00000000,0x00000000,0x00000000,0x00000000,0x00000000,0x00000000,0x00000000,0x00000000,
	0x00000000,0x00000000,0x00000000,0x00000000,0x00000000,0x00000000,0x00000000,0x00000000,
	0x00000000,0x00000000,0x00000000,0x00000000,0x00000000,0x00000000,0x00000000,0x00000000,
	0x00000000,0x00000000,0x00000000,0x00000000,0x00000000,0x00000000,0x00000000,0x00000000,
	0x00000000,0x00000000,0x00000000,0x00000000,0x00000000,0x00000000,0x00000000,0x00000000,
	0x00000000,0x00000000,0x00000000,0x00000000,0x00000000,0x00000000,0x00000000,0x00000000,
	0x00000000,0x00000000,0x00000000,0x00000000,0x00000000,0x00000000,0x00000000,0x00000000,

	0x00000000,0x00000000,0x00000000,0x00000000,0x00000000,0x00000000,0x00000000,0x00000000,
	0x00000000,0x00000000,0x00000000,0x00000000,0x00000000,0x00000000,0x00000000,0x00000000,
	0x00000000,0x00000000,0x00000000,0x00000000,0x00000000,0x00000000,0x00000000,0x00000000,
	0x00000000,0x00000000,0x00000000,0x00000000,0x00000000,0x00000000,0x00000000,0x00000000,
	0x00000000,0x00000000,0x00000000,0x00000000,0x00000000,0x00000000,0x00000000,0x00000000,
	0x00000000,0x00000000,0x00000000,0x00000000,0x00000000,0x00000000,0x00000000,0x00000000,
	0x00000000,0x00000000,0x00000000,0x00000000,0x00000000,0x00000000,0x00000000,0x00000000,
	0x00000000,0x00000000,0x00000000,0x00000000,0x00000000,0x00000000,0x00000000,0x00000000,

	0x00000000,0x00000000,0x00000000,0x00000000,0x00000000,0x00000000,0x00000000,0x00000000,
	0x00000000,0x00000000,0x00000000,0x00000000,0x00000000,0x00000000,0x00000000,0x00000000,
	0x00000000,0x00000000,0x00000000,0x00000000,0x00000000,0x00000000,0x00000000,0x00000000,
	0x00000000,0x00000000,0x00000000,0x00000000,0x00000000,0x00000000,0x00000000,0x00000000,
	0x00000000,0x00000000,0x00000000,0x00000000,0x00000000,0x00000000,0x00000000,0x00000000,
	0x00000000,0x00000000,0x00000000,0x00000000,0x00000000,0x00000000,0x00000000,0x00000000,
	0x00000000,0x00000000,0x00000000,0x00000000,0x00000000,0x00000000,0x00000000,0x00000000,
	0x00000000,0x00000000,0x00000000,0x00000000,0x00000000,0x00000000,0x00000000,0x00000000,

	0x00000000,0x00000000,0x00000000,0x00000000,0x00000000,0x00000000,0x00000000,0x00000000,
	0x00000000,0x00000000,0x00000000,0x00000000,0x00000000,0x00000000,0x00000000,0x00000000,
	0x00000000,0x00000000,0x00000000,0x00000000,0x00000000,0x00000000,0x00000000,0x00000000,
	0x00000000,0x00000000,0x00000000,0x00000000,0x00000000,0x00000000,0x00000000,0x00000000,
	0x00000000,0x00000000,0x00000000,0x00000000,0x00000000,0x00000000,0x00000000,0x00000000,
	0x00000000,0x00000000,0x00000000,0x00000000,0x00000000,0x00000000,0x00000000,0x00000000,
	0x00000000,0x00000000,0x00000000,0x00000000,0x00000000,0x00000000,0x00000000,0x00000000,
	0x00000000,0x00000000,0x00000000,0x00000000,0x00000000,0x00000000,0x00000000,0x00000000,

	0x00000000,0x00000000,0x00000000,0x00000000,0x00000000,0x00000000,0x00000000,0x00000000,
	0x00000000,0x00000000,0x00000000,0x00000000,0x00000000,0x00000000,0x00000000,0x00000000,
	0x06060606,0x06060606,0x06060606,0x06060606,0x06060606,0x06060606,0x06060606,0x06060606,
	0x06060606,0x06060606,0x06060606,0x06060606,0x06060606,0x06060606,0x06060606,0x06060606,
	0x06060606,0x06060606,0x06060606,0x06060606,0x06060606,0x06060606,0x06060606,0x06060606,
	0x06060606,0x06060606,0x06060606,0x06060606,0x06060606,0x06060606,0x06060606,0x06060606,
	0x19191919,0x19191919,0x19191919,0x19191919,0x19191919,0x19191919,0x19191919,0x19191919,
	0x19191919,0x19191919,0x19191919,0x19191919,0x19191919,0x19191919,0x19191919,0x19191919,

	0x19191919,0x19191919,0x19191919,0x19191919,0x19191919,0x19191919,0x19191919,0x19191919,
	0x19191919,0x19191919,0x19191919,0x19191919,0x19191919,0x19191919,0x19191919,0x19191919,
	0x03030303,0x03030303,0x03030303,0x03030303,0x03030303,0x03030303,0x03030303,0x03030303,
	0x03030303,0x03030303,0x03030303,0x03030303,0x03030303,0x03030303,0x03030303,0x03030303,
	0x03030303,0x03030303,0x03030303,0x03030303,0x03030303,0x03030303,0x03030303,0x03030303,
	0x03030303,0x03030303,0x03030303,0x03030303,0x03030303,0x03030303,0x03030303,0x03030303,
	0x00000000,0x00000000,0x00000000,0x00000000,0x00000000,0x00000000,0x00000000,0x00000000,
	0x00000000,0x00000000,0x00000000,0x00000000,0x00000000,0x00000000,0x00000000,0x00000000,

	0x00000000,0x00000000,0x00000000,0x00000000,0x00000000,0x00000000,0x00000000,0x00000000,
	0x00000000,0x00000000,0x00000000,0x00000000,0x00000000,0x00000000,0x00000000,0x00000000,
	0x00000000,0x00000000,0x00000000,0x00000000,0x00000000,0x00000000,0x00000000,0x00000000,
	0x00000000,0x00000000,0x00000000,0x00000000,0x00000000,0x00000000,0x00000000,0x00000000,
	0x00000000,0x00000000,0x00000000,0x00000000,0x00000000,0x00000000,0x00000000,0x00000000,
	0x00000000,0x00000000,0x00000000,0x00000000,0x00000000,0x00000000,0x00000000,0x00000000,
	0x00000000,0x00000000,0x00000000,0x00000000,0x00000000,0x00000000,0x00000000,0x00000000,
	0x00000000,0x00000000,0x00000000,0x00000000,0x00000000,0x00000000,0x00000000,0x00000000,

	0x00000000,0x00000000,0x00000000,0x00000000,0x00000000,0x00000000,0x00000000,0x00000000,
	0x00000000,0x00000000,0x00000000,0x00000000,0x00000000,0x00000000,0x00000000,0x00000000,
	0x00000000,0x00000000,0x00000000,0x00000000,0x00000000,0x00000000,0x00000000,0x00000000,
	0x00000000,0x00000000,0x00000000,0x00000000,0x00000000,0x00000000,0x00000000,0x00000000,
	0x00000000,0x00000000,0x00000000,0x00000000,0x00000000,0x00000000,0x00000000,0x00000000,
	0x00000000,0x00000000,0x00000000,0x00000000,0x00000000,0x00000000,0x00000000,0x00000000,
	0x00000000,0x00000000,0x00000000,0x00000000,0x00000000,0x00000000,0x00000000,0x00000000,
	0x00000000,0x00000000,0x00000000,0x00000000,0x00000000,0x00000000,0x00000000,0x00000000,

	0x00000000,0x00000000,0x00000000,0x00000000,0x00000000,0x00000000,0x00000000,0x00000000,
	0x00000000,0x00000000,0x00000000,0x00000000,0x00000000,0x00000000,0x00000000,0x00000000,
	0x00000000,0x00000000,0x00000000,0x00000000,0x00000000,0x00000000,0x00000000,0x00000000,
	0x00000000,0x00000000,0x00000000,0x00000000,0x00000000,0x00000000,0x00000000,0x00000000,
	0x00000000,0x00000000,0x00000000,0x00000000,0x00000000,0x00000000,0x00000000,0x00000000,
	0x00000000,0x00000000,0x00000000,0x00000000,0x00000000,0x00000000,0x00000000,0x00000000,
	0x00000000,0x00000000,0x00000000,0x00000000,0x00000000,0x00000000,0x00000000,0x00000000,
	0x00000000,0x00000000,0x00000000,0x00000000,0x00000000,0x00000000,0x00000000,0x00000000,

	0x00000000,0x00000000,0x00000000,0x00000000,0x00000000,0x00000000,0x00000000,0x00000000,
	0x00000000,0x00000000,0x00000000,0x00000000,0x00000000,0x00000000,0x00000000,0x00000000,
	0x00000000,0x00000000,0x00000000,0x00000000,0x00000000,0x00000000,0x00000000,0x00000000,
	0x00000000,0x00000000,0x00000000,0x00000000,0x00000000,0x00000000,0x00000000,0x00000000,
	0x00000000,0x00000000,0x00000000,0x00000000,0x00000000,0x00000000,0x00000000,0x00000000,
	0x00000000,0x00000000,0x00000000,0x00000000,0x00000000,0x00000000,0x00000000,0x00000000,
	0x00000000,0x00000000,0x00000000,0x00000000,0x00000000,0x00000000,0x00000000,0x00000000,
	0x00000000,0x00000000,0x00000000,0x00000000,0x00000000,0x00000000,0x00000000,0x00000000,

	0x00000000,0x00000000,0x00000000,0x00000000,0x00000000,0x00000000,0x00000000,0x00000000,
	0x00000000,0x00000000,0x00000000,0x00000000,0x00000000,0x00000000,0x00000000,0x00000000,
	0x00000000,0x00000000,0x00000000,0x00000000,0x00000000,0x00000000,0x00000000,0x00000000,
	0x00000000,0x00000000,0x00000000,0x00000000,0x00000000,0x00000000,0x00000000,0x00000000,
	0x00000000,0x00000000,0x00000000,0x00000000,0x00000000,0x00000000,0x00000000,0x00000000,
	0x00000000,0x00000000,0x00000000,0x00000000,0x00000000,0x00000000,0x00000000,0x00000000,
	0x00000000,0x00000000,0x00000000,0x00000000,0x00000000,0x00000000,0x00000000,0x00000000,
	0x00000000,0x00000000,0x00000000,0x00000000,0x00000000,0x00000000,0x00000000,0x00000000,

	0x00000000,0x00000000,0x00000000,0x00000000,0x00000000,0x00000000,0x00000000,0x00000000,
	0x00000000,0x00000000,0x00000000,0x00000000,0x00000000,0x00000000,0x00000000,0x00000000,
	0x00000000,0x00000000,0x00000000,0x00000000,0x00000000,0x00000000,0x00000000,0x00000000,
	0x00000000,0x00000000,0x00000000,0x00000000,0x00000000,0x00000000,0x00000000,0x00000000,
	0x00000000,0x00000000,0x00000000,0x00000000,0x00000000,0x00000000,0x00000000,0x00000000,
	0x00000000,0x00000000,0x00000000,0x00000000,0x00000000,0x00000000,0x00000000,0x00000000,
	0x00000000,0x00000000,0x00000000,0x00000000,0x00000000,0x00000000,0x00000000,0x00000000,
	0x00000000,0x00000000,0x00000000,0x00000000,0x00000000,0x00000000,0x00000000,0x00000000,

	0x00000000,0x00000000,0x00000000,0x00000000,0x00000000,0x00000000,0x00000000,0x00000000,
	0x00000000,0x00000000,0x00000000,0x00000000,0x00000000,0x00000000,0x00000000,0x00000000,
	0x06060606,0x06060606,0x06060606,0x06060606,0x06060606,0x06060606,0x06060606,0x06060606,
	0x06060606,0x06060606,0x06060606,0x06060606,0x06060606,0x06060606,0x06060606,0x06060606,
	0x06060606,0x06060606,0x06060606,0x06060606,0x06060606,0x06060606,0x06060606,0x06060606,
	0x06060606,0x06060606,0x06060606,0x06060606,0x06060606,0x06060606,0x06060606,0x06060606,
	0x19191919,0x19191919,0x19191919,0x19191919,0x19191919,0x19191919,0x19191919,0x19191919,
	0x19191919,0x19191919,0x19191919,0x19191919,0x19191919,0x19191919,0x19191919,0x19191919,

	0x19191919,0x19191919,0x19191919,0x19191919,0x19191919,0x19191919,0x19191919,0x19191919,
	0x19191919,0x19191919,0x19191919,0x19191919,0x19191919,0x19191919,0x19191919,0x19191919,
	0x03030303,0x03030303,0x03030303,0x03030303,0x03030303,0x03030303,0x03030303,0x03030303,
	0x03030303,0x03030303,0x03030303,0x03030303,0x03030303,0x03030303,0x03030303,0x03030303,
	0x03030303,0x03030303,0x03030303,0x03030303,0x03030303,0x03030303,0x03030303,0x03030303,
	0x03030303,0x03030303,0x03030303,0x03030303,0x03030303,0x03030303,0x03030303,0x03030303,
	0x00000000,0x00000000,0x00000000,0x00000000,0x00000000,0x00000000,0x00000000,0x00000000,
	0x00000000,0x00000000,0x00000000,0x00000000,0x00000000,0x00000000,0x00000000,0x00000000,

	0x00000000,0x00000000,0x00000000,0x00000000,0x00000000,0x00000000,0x00000000,0x00000000,
	0x00000000,0x00000000,0x00000000,0x00000000,0x00000000,0x00000000,0x00000000,0x00000000,
	0x00000000,0x00000000,0x00000000,0x00000000,0x00000000,0x00000000,0x00000000,0x00000000,
	0x00000000,0x00000000,0x00000000,0x00000000,0x00000000,0x00000000,0x00000000,0x00000000,
	0x00000000,0x00000000,0x00000000,0x00000000,0x00000000,0x00000000,0x00000000,0x00000000,
	0x00000000,0x00000000,0x00000000,0x00000000,0x00000000,0x00000000,0x00000000,0x00000000,
	0x00000000,0x00000000,0x00000000,0x00000000,0x00000000,0x00000000,0x00000000,0x00000000,
	0x00000000,0x00000000,0x00000000,0x00000000,0x00000000,0x00000000,0x00000000,0x00000000,

	0x00000000,0x00000000,0x00000000,0x00000000,0x00000000,0x00000000,0x00000000,0x00000000,
	0x00000000,0x00000000,0x00000000,0x00000000,0x00000000,0x00000000,0x00000000,0x00000000,
	0x00000000,0x00000000,0x00000000,0x00000000,0x00000000,0x00000000,0x00000000,0x00000000,
	0x00000000,0x00000000,0x00000000,0x00000000,0x00000000,0x00000000,0x00000000,0x00000000,
	0x00000000,0x00000000,0x00000000,0x00000000,0x00000000,0x00000000,0x00000000,0x00000000,
	0x00000000,0x00000000,0x00000000,0x00000000,0x00000000,0x00000000,0x00000000,0x00000000,
	0x00000000,0x00000000,0x00000000,0x00000000,0x00000000,0x00000000,0x00000000,0x00000000,
	0x00000000,0x00000000,0x00000000,0x00000000,0x00000000,0x00000000,0x00000000,0x00000000,

	0x00000000,0x00000000,0x00000000,0x00000000,0x00000000,0x00000000,0x00000000,0x00000000,
	0x00000000,0x00000000,0x00000000,0x00000000,0x00000000,0x00000000,0x00000000,0x00000000,
	0x00000000,0x00000000,0x00000000,0x00000000,0x00000000,0x00000000,0x00000000,0x00000000,
	0x00000000,0x00000000,0x00000000,0x00000000,0x00000000,0x00000000,0x00000000,0x00000000,
	0x00000000,0x00000000,0x00000000,0x00000000,0x00000000,0x00000000,0x00000000,0x00000000,
	0x00000000,0x00000000,0x00000000,0x00000000,0x00000000,0x00000000,0x00000000,0x00000000,
	0x00000000,0x00000000,0x00000000,0x00000000,0x00000000,0x00000000,0x00000000,0x00000000,
	0x00000000,0x00000000,0x00000000,0x00000000,0x00000000,0x00000000,0x00000000,0x00000000,

	0x00000000,0x00000000,0x00000000,0x00000000,0x00000000,0x00000000,0x00000000,0x00000000,
	0x00000000,0x00000000,0x00000000,0x00000000,0x00000000,0x00000000,0x00000000,0x00000000,
	0x00000000,0x00000000,0x00000000,0x00000000,0x00000000,0x00000000,0x00000000,0x00000000,
	0x00000000,0x00000000,0x00000000,0x00000000,0x00000000,0x00000000,0x00000000,0x00000000,
	0x00000000,0x00000000,0x00000000,0x00000000,0x00000000,0x00000000,0x00000000,0x00000000,
	0x00000000,0x00000000,0x00000000,0x00000000,0x00000000,0x00000000,0x00000000,0x00000000,
	0x00000000,0x00000000,0x00000000,0x00000000,0x00000000,0x00000000,0x00000000,0x00000000,
	0x00000000,0x00000000,0x00000000,0x00000000,0x00000000,0x00000000,0x00000000,0x00000000,

	0x00000000,0x00000000,0x00000000,0x00000000,0x00000000,0x00000000,0x00000000,0x00000000,
	0x00000000,0x00000000,0x00000000,0x00000000,0x00000000,0x00000000,0x00000000,0x00000000,
	0x00000000,0x00000000,0x00000000,0x00000000,0x00000000,0x00000000,0x00000000,0x00000000,
	0x00000000,0x00000000,0x00000000,0x00000000,0x00000000,0x00000000,0x00000000,0x00000000,
	0x00000000,0x00000000,0x00000000,0x00000000,0x00000000,0x00000000,0x00000000,0x00000000,
	0x00000000,0x00000000,0x00000000,0x00000000,0x00000000,0x00000000,0x00000000,0x00000000,
	0x00000000,0x00000000,0x00000000,0x00000000,0x00000000,0x00000000,0x00000000,0x00000000,
	0x00000000,0x00000000,0x00000000,0x00000000,0x00000000,0x00000000,0x00000000,0x00000000,

	0x00000000,0x00000000,0x00000000,0x00000000,0x00000000,0x00000000,0x00000000,0x00000000,
	0x00000000,0x00000000,0x00000000,0x00000000,0x00000000,0x00000000,0x00000000,0x00000000,
	0x00000000,0x00000000,0x00000000,0x00000000,0x00000000,0x00000000,0x00000000,0x00000000,
	0x00000000,0x00000000,0x00000000,0x00000000,0x00000000,0x00000000,0x00000000,0x00000000,
	0x00000000,0x00000000,0x00000000,0x00000000,0x00000000,0x00000000,0x00000000,0x00000000,
	0x00000000,0x00000000,0x00000000,0x00000000,0x00000000,0x00000000,0x00000000,0x00000000,
	0x00000000,0x00000000,0x00000000,0x00000000,0x00000000,0x00000000,0x00000000,0x00000000,
	0x00000000,0x00000000,0x00000000,0x00000000,0x00000000,0x00000000,0x00000000,0x00000000,

	0x00000000,0x00000000,0x00000000,0x00000000,0x00000000,0x00000000,0x00000000,0x00000000,
	0x00000000,0x00000000,0x00000000,0x00000000,0x00000000,0x00000000,0x00000000,0x00000000,
	0x06060606,0x06060606,0x06060606,0x06060606,0x06060606,0x06060606,0x06060606,0x06060606,
	0x06060606,0x06060606,0x06060606,0x06060606,0x06060606,0x06060606,0x06060606,0x06060606,
	0x06060606,0x06060606,0x06060606,0x06060606,0x06060606,0x06060606,0x06060606,0x06060606,
	0x06060606,0x06060606,0x06060606,0x06060606,0x06060606,0x06060606,0x06060606,0x06060606,
	0x19191919,0x19191919,0x19191919,0x19191919,0x19191919,0x19191919,0x19191919,0x19191919,
	0x19191919,0x19191919,0x19191919,0x19191919,0x19191919,0x19191919,0x19191919,0x19191919,

	0x19191919,0x19191919,0x19191919,0x19191919,0x19191919,0x19191919,0x19191919,0x19191919,
	0x19191919,0x19191919,0x19191919,0x19191919,0x19191919,0x19191919,0x19191919,0x19191919,
	0x03030303,0x03030303,0x03030303,0x03030303,0x03030303,0x03030303,0x03030303,0x03030303,
	0x03030303,0x03030303,0x03030303,0x03030303,0x03030303,0x03030303,0x03030303,0x03030303,
	0x03030303,0x03030303,0x03030303,0x03030303,0x03030303,0x03030303,0x03030303,0x03030303,
	0x03030303,0x03030303,0x03030303,0x03030303,0x03030303,0x03030303,0x03030303,0x03030303,
	0x00000000,0x00000000,0x00000000,0x00000000,0x00000000,0x00000000,0x00000000,0x00000000,
	0x00000000,0x00000000,0x00000000,0x00000000,0x00000000,0x00000000,0x00000000,0x00000000,

	0x00000000,0x00000000,0x00000000,0x00000000,0x00000000,0x00000000,0x00000000,0x00000000,
	0x00000000,0x00000000,0x00000000,0x00000000,0x00000000,0x00000000,0x00000000,0x00000000,
	0x00000000,0x00000000,0x00000000,0x00000000,0x00000000,0x00000000,0x00000000,0x00000000,
	0x00000000,0x00000000,0x00000000,0x00000000,0x00000000,0x00000000,0x00000000,0x00000000,
	0x00000000,0x00000000,0x00000000,0x00000000,0x00000000,0x00000000,0x00000000,0x00000000,
	0x00000000,0x00000000,0x00000000,0x00000000,0x00000000,0x00000000,0x00000000,0x00000000,
	0x00000000,0x00000000,0x00000000,0x00000000,0x00000000,0x00000000,0x00000000,0x00000000,
	0x00000000,0x00000000,0x00000000,0x00000000,0x00000000,0x00000000,0x00000000,0x00000000,

	0x00000000,0x00000000,0x00000000,0x00000000,0x00000000,0x00000000,0x00000000,0x00000000,
	0x00000000,0x00000000,0x00000000,0x00000000,0x00000000,0x00000000,0x00000000,0x00000000,
	0x00000000,0x00000000,0x00000000,0x00000000,0x00000000,0x00000000,0x00000000,0x00000000,
	0x00000000,0x00000000,0x00000000,0x00000000,0x00000000,0x00000000,0x00000000,0x00000000,
	0x00000000,0x00000000,0x00000000,0x00000000,0x00000000,0x00000000,0x00000000,0x00000000,
	0x00000000,0x00000000,0x00000000,0x00000000,0x00000000,0x00000000,0x00000000,0x00000000,
	0x00000000,0x00000000,0x00000000,0x00000000,0x00000000,0x00000000,0x00000000,0x00000000,
	0x00000000,0x00000000,0x00000000,0x00000000,0x00000000,0x00000000,0x00000000,0x00000000,

	0x00000000,0x00000000,0x00000000,0x00000000,0x00000000,0x00000000,0x00000000,0x00000000,
	0x00000000,0x00000000,0x00000000,0x00000000,0x00000000,0x00000000,0x00000000,0x00000000,
	0x00000000,0x00000000,0x00000000,0x00000000,0x00000000,0x00000000,0x00000000,0x00000000,
	0x00000000,0x00000000,0x00000000,0x00000000,0x00000000,0x00000000,0x00000000,0x00000000,
	0x00000000,0x00000000,0x00000000,0x00000000,0x00000000,0x00000000,0x00000000,0x00000000,
	0x00000000,0x00000000,0x00000000,0x00000000,0x00000000,0x00000000,0x00000000,0x00000000,
	0x00000000,0x00000000,0x00000000,0x00000000,0x00000000,0x00000000,0x00000000,0x00000000,
	0x00000000,0x00000000,0x00000000,0x00000000,0x00000000,0x00000000,0x00000000,0x00000000,

	0x00000000,0x00000000,0x00000000,0x00000000,0x00000000,0x00000000,0x00000000,0x00000000,
	0x00000000,0x00000000,0x00000000,0x00000000,0x00000000,0x00000000,0x00000000,0x00000000,
	0x00000000,0x00000000,0x00000000,0x00000000,0x00000000,0x00000000,0x00000000,0x00000000,
	0x00000000,0x00000000,0x00000000,0x00000000,0x00000000,0x00000000,0x00000000,0x00000000,
	0x00000000,0x00000000,0x00000000,0x00000000,0x00000000,0x00000000,0x00000000,0x00000000,
	0x00000000,0x00000000,0x00000000,0x00000000,0x00000000,0x00000000,0x00000000,0x00000000,
	0x00000000,0x00000000,0x00000000,0x00000000,0x00000000,0x00000000,0x00000000,0x00000000,
	0x00000000,0x00000000,0x00000000,0x00000000,0x00000000,0x00000000,0x00000000,0x00000000,

	0x00000000,0x00000000,0x00000000,0x00000000,0x00000000,0x00000000,0x00000000,0x00000000,
	0x00000000,0x00000000,0x00000000,0x00000000,0x00000000,0x00000000,0x00000000,0x00000000,
	0x00000000,0x00000000,0x00000000,0x00000000,0x00000000,0x00000000,0x00000000,0x00000000,
	0x00000000,0x00000000,0x00000000,0x00000000,0x00000000,0x00000000,0x00000000,0x00000000,
	0x00000000,0x00000000,0x00000000,0x00000000,0x00000000,0x00000000,0x00000000,0x00000000,
	0x00000000,0x00000000,0x00000000,0x00000000,0x00000000,0x00000000,0x00000000,0x00000000,
	0x00000000,0x00000000,0x00000000,0x00000000,0x00000000,0x00000000,0x00000000,0x00000000,
	0x00000000,0x00000000,0x00000000,0x00000000,0x00000000,0x00000000,0x00000000,0x00000000,

	0x00000000,0x00000000,0x00000000,0x00000000,0x00000000,0x00000000,0x00000000,0x00000000,
	0x00000000,0x00000000,0x00000000,0x00000000,0x00000000,0x00000000,0x00000000,0x00000000,
	0x00000000,0x00000000,0x00000000,0x00000000,0x00000000,0x00000000,0x00000000,0x00000000,
	0x00000000,0x00000000,0x00000000,0x00000000,0x00000000,0x00000000,0x00000000,0x00000000,
	0x00000000,0x00000000,0x00000000,0x00000000,0x00000000,0x00000000,0x00000000,0x00000000,
	0x00000000,0x00000000,0x00000000,0x00000000,0x00000000,0x00000000,0x00000000,0x00000000,
	0x00000000,0x00000000,0x00000000,0x00000000,0x00000000,0x00000000,0x00000000,0x00000000,
	0x00000000,0x00000000,0x00000000,0x00000000,0x00000000,0x00000000,0x00000000,0x00000000,

	0x00000000,0x00000000,0x00000000,0x00000000,0x00000000,0x00000000,0x00000000,0x00000000,
	0x00000000,0x00000000,0x00000000,0x00000000,0x00000000,0x00000000,0x00000000,0x00000000,
	0x06060606,0x06060606,0x06060606,0x06060606,0x06060606,0x06060606,0x06060606,0x06060606,
	0x06060606,0x06060606,0x06060606,0x06060606,0x06060606,0x06060606,0x06060606,0x06060606,
	0x06060606,0x06060606,0x06060606,0x06060606,0x06060606,0x06060606,0x06060606,0x06060606,
	0x06060606,0x06060606,0x06060606,0x06060606,0x06060606,0x06060606,0x06060606,0x06060606,
	0x19191919,0x19191919,0x19191919,0x19191919,0x19191919,0x19191919,0x19191919,0x19191919,
	0x19191919,0x19191919,0x19191919,0x19191919,0x19191919,0x19191919,0x19191919,0x19191919,

	0x19191919,0x19191919,0x19191919,0x19191919,0x19191919,0x19191919,0x19191919,0x19191919,
	0x19191919,0x19191919,0x19191919,0x19191919,0x19191919,0x19191919,0x19191919,0x19191919,
	0x03030303,0x03030303,0x03030303,0x03030303,0x03030303,0x03030303,0x03030303,0x03030303,
	0x03030303,0x03030303,0x03030303,0x03030303,0x03030303,0x03030303,0x03030303,0x03030303,
	0x03030303,0x03030303,0x03030303,0x03030303,0x03030303,0x03030303,0x03030303,0x03030303,
	0x03030303,0x03030303,0x03030303,0x03030303,0x03030303,0x03030303,0x03030303,0x03030303,
	0x00000000,0x00000000,0x00000000,0x00000000,0x00000000,0x00000000,0x00000000,0x00000000,
	0x00000000,0x00000000,0x00000000,0x00000000,0x00000000,0x00000000,0x00000000,0x00000000,

	0x00000000,0x00000000,0x00000000,0x00000000,0x00000000,0x00000000,0x00000000,0x00000000,
	0x00000000,0x00000000,0x00000000,0x00000000,0x00000000,0x00000000,0x00000000,0x00000000,
	0x00000000,0x00000000,0x00000000,0x00000000,0x00000000,0x00000000,0x00000000,0x00000000,
	0x00000000,0x00000000,0x00000000,0x00000000,0x00000000,0x00000000,0x00000000,0x00000000,
	0x00000000,0x00000000,0x00000000,0x00000000,0x00000000,0x00000000,0x00000000,0x00000000,
	0x00000000,0x00000000,0x00000000,0x00000000,0x00000000,0x00000000,0x00000000,0x00000000,
	0x00000000,0x00000000,0x00000000,0x00000000,0x00000000,0x00000000,0x00000000,0x00000000,
	0x00000000,0x00000000,0x00000000,0x00000000,0x00000000,0x00000000,0x00000000,0x00000000,

	0x00000000,0x00000000,0x00000000,0x00000000,0x00000000,0x00000000,0x00000000,0x00000000,
	0x00000000,0x00000000,0x00000000,0x00000000,0x00000000,0x00000000,0x00000000,0x00000000,
	0x00000000,0x00000000,0x00000000,0x00000000,0x00000000,0x00000000,0x00000000,0x00000000,
	0x00000000,0x00000000,0x00000000,0x00000000,0x00000000,0x00000000,0x00000000,0x00000000,
	0x00000000,0x00000000,0x00000000,0x00000000,0x00000000,0x00000000,0x00000000,0x00000000,
	0x00000000,0x00000000,0x00000000,0x00000000,0x00000000,0x00000000,0x00000000,0x00000000,
	0x00000000,0x00000000,0x00000000,0x00000000,0x00000000,0x00000000,0x00000000,0x00000000,
	0x00000000,0x00000000,0x00000000,0x00000000,0x00000000,0x00000000,0x00000000,0x00000000,

	0x00000000,0x00000000,0x00000000,0x00000000,0x00000000,0x00000000,0x00000000,0x00000000,
	0x00000000,0x00000000,0x00000000,0x00000000,0x00000000,0x00000000,0x00000000,0x00000000,
	0x00000000,0x00000000,0x00000000,0x00000000,0x00000000,0x00000000,0x00000000,0x00000000,
	0x00000000,0x00000000,0x00000000,0x00000000,0x00000000,0x00000000,0x00000000,0x00000000,
	0x00000000,0x00000000,0x00000000,0x00000000,0x00000000,0x00000000,0x00000000,0x00000000,
	0x00000000,0x00000000,0x00000000,0x00000000,0x00000000,0x00000000,0x00000000,0x00000000,
	0x00000000,0x00000000,0x00000000,0x00000000,0x00000000,0x00000000,0x00000000,0x00000000,
	0x00000000,0x00000000,0x00000000,0x00000000,0x00000000,0x00000000,0x00000000,0x00000000,

	0x00000000,0x00000000,0x00000000,0x00000000,0x00000000,0x00000000,0x00000000,0x00000000,
	0x00000000,0x00000000,0x00000000,0x00000000,0x00000000,0x00000000,0x00000000,0x00000000,
	0x00000000,0x00000000,0x00000000,0x00000000,0x00000000,0x00000000,0x00000000,0x00000000,
	0x00000000,0x00000000,0x00000000,0x00000000,0x00000000,0x00000000,0x00000000,0x00000000,
	0x00000000,0x00000000,0x00000000,0x00000000,0x00000000,0x00000000,0x00000000,0x00000000,
	0x00000000,0x00000000,0x00000000,0x00000000,0x00000000,0x00000000,0x00000000,0x00000000,
	0x00000000,0x00000000,0x00000000,0x00000000,0x00000000,0x00000000,0x00000000,0x00000000,
	0x00000000,0x00000000,0x00000000,0x00000000,0x00000000,0x00000000,0x00000000,0x00000000,

	0x00000000,0x00000000,0x00000000,0x00000000,0x00000000,0x00000000,0x00000000,0x00000000,
	0x00000000,0x00000000,0x00000000,0x00000000,0x00000000,0x00000000,0x00000000,0x00000000,
	0x00000000,0x00000000,0x00000000,0x00000000,0x00000000,0x00000000,0x00000000,0x00000000,
	0x00000000,0x00000000,0x00000000,0x00000000,0x00000000,0x00000000,0x00000000,0x00000000,
	0x00000000,0x00000000,0x00000000,0x00000000,0x00000000,0x00000000,0x00000000,0x00000000,
	0x00000000,0x00000000,0x00000000,0x00000000,0x00000000,0x00000000,0x00000000,0x00000000,
	0x00000000,0x00000000,0x00000000,0x00000000,0x00000000,0x00000000,0x00000000,0x00000000,
	0x00000000,0x00000000,0x00000000,0x00000000,0x00000000,0x00000000,0x00000000,0x00000000,

	0x00000000,0x00000000,0x00000000,0x00000000,0x00000000,0x00000000,0x00000000,0x00000000,
	0x00000000,0x00000000,0x00000000,0x00000000,0x00000000,0x00000000,0x00000000,0x00000000,
	0x00000000,0x00000000,0x00000000,0x00000000,0x00000000,0x00000000,0x00000000,0x00000000,
	0x00000000,0x00000000,0x00000000,0x00000000,0x00000000,0x00000000,0x00000000,0x00000000,
	0x00000000,0x00000000,0x00000000,0x00000000,0x00000000,0x00000000,0x00000000,0x00000000,
	0x00000000,0x00000000,0x00000000,0x00000000,0x00000000,0x00000000,0x00000000,0x00000000,
	0x00000000,0x00000000,0x00000000,0x00000000,0x00000000,0x00000000,0x00000000,0x00000000,
	0x00000000,0x00000000,0x00000000,0x00000000,0x00000000,0x00000000,0x00000000,0x00000000,

	0x00000000,0x00000000,0x00000000,0x00000000,0x00000000,0x00000000,0x00000000,0x00000000,
	0x00000000,0x00000000,0x00000000,0x00000000,0x00000000,0x00000000,0x00000000,0x00000000,
	0x01010101,0x01010101,0x01010101,0x01010101,0x01010101,0x01010101,0x01010101,0x01010101,
	0x01010101,0x01010101,0x01010101,0x01010101,0x01010101,0x01010101,0x01010101,0x01010101,
	0x01010101,0x01010101,0x01010101,0x01010101,0x01010101,0x01010101,0x01010101,0x01010101,
	0x01010101,0x01010101,0x01010101,0x01010101,0x01010101,0x01010101,0x01010101,0x01010101,
	0x01010101,0x01010101,0x01010101,0x01010101,0x01010101,0x01010101,0x01010101,0x01010101,
	0x01010101,0x01010101,0x01010101,0x01010101,0x01010101,0x01010101,0x01010101,0x01010101,

	0x01010101,0x01010101,0x01010101,0x01010101,0x01010101,0x01010101,0x01010101,0x01010101,
	0x01010101,0x01010101,0x01010101,0x01010101,0x01010101,0x01010101,0x01010101,0x01010101,
	0x01010101,0x01010101,0x01010101,0x01010101,0x01010101,0x01010101,0x01010101,0x01010101,
	0x01010101,0x01010101,0x01010101,0x01010101,0x01010101,0x01010101,0x01010101,0x01010101,
	0x01010101,0x01010101,0x01010101,0x01010101,0x01010101,0x01010101,0x01010101,0x01010101,
	0x01010101,0x01010101,0x01010101,0x01010101,0x01010101,0x01010101,0x01010101,0x01010101,
	0x00000000,0x00000000,0x00000000,0x00000000,0x00000000,0x00000000,0x00000000,0x00000000,
	0x00000000,0x00000000,0x00000000,0x00000000,0x00000000,0x00000000,0x00000000,0x00000000,

	0x00000000,0x00000000,0x00000000,0x00000000,0x00000000,0x00000000,0x00000000,0x00000000,
	0x00000000,0x00000000,0x00000000,0x00000000,0x00000000,0x00000000,0x00000000,0x00000000,
	0x00000000,0x00000000,0x00000000,0x00000000,0x00000000,0x00000000,0x00000000,0x00000000,
	0x00000000,0x00000000,0x00000000,0x00000000,0x00000000,0x00000000,0x00000000,0x00000000,
	0x00000000,0x00000000,0x00000000,0x00000000,0x00000000,0x00000000,0x00000000,0x00000000,
	0x00000000,0x00000000,0x00000000,0x00000000,0x00000000,0x00000000,0x00000000,0x00000000,
	0x00000000,0x00000000,0x00000000,0x00000000,0x00000000,0x00000000,0x00000000,0x00000000,
	0x00000000,0x00000000,0x00000000,0x00000000,0x00000000,0x00000000,0x00000000,0x00000000,

	0x00000000,0x00000000,0x00000000,0x00000000,0x00000000,0x00000000,0x00000000,0x00000000,
	0x00000000,0x00000000,0x00000000,0x00000000,0x00000000,0x00000000,0x00000000,0x00000000,
	0x00000000,0x00000000,0x00000000,0x00000000,0x00000000,0x00000000,0x00000000,0x00000000,
	0x00000000,0x00000000,0x00000000,0x00000000,0x00000000,0x00000000,0x00000000,0x00000000,
	0x00000000,0x00000000,0x00000000,0x00000000,0x00000000,0x00000000,0x00000000,0x00000000,
	0x00000000,0x00000000,0x00000000,0x00000000,0x00000000,0x00000000,0x00000000,0x00000000,
	0x00000000,0x00000000,0x00000000,0x00000000,0x00000000,0x00000000,0x00000000,0x00000000,
	0x00000000,0x00000000,0x00000000,0x00000000,0x00000000,0x00000000,0x00000000,0x00000000,

	0x00000000,0x00000000,0x00000000,0x00000000,0x00000000,0x00000000,0x00000000,0x00000000,
	0x00000000,0x00000000,0x00000000,0x00000000,0x00000000,0x00000000,0x00000000,0x00000000,
	0x15151515,0x15151515,0x15151515,0x15151515,0x15151515,0x15151515,0x15151515,0x15151515,
	0x15151515,0x15151515,0x15151515,0x15151515,0x15151515,0x15151515,0x15151515,0x15151515,
	0x15151515,0x15151515,0x15151515,0x15151515,0x15151515,0x15151515,0x15151515,0x15151515,
	0x15151515,0x15151515,0x15151515,0x15151515,0x15151515,0x15151515,0x15151515,0x15151515,
	0x15151515,0x15151515,0x15151515,0x15151515,0x15151515,0x15151515,0x15151515,0x15151515,
	0x15151515,0x15151515,0x15151515,0x15151515,0x15151515,0x15151515,0x15151515,0x15151515,

	0x15151515,0x15151515,0x15151515,0x15151515,0x15151515,0x15151515,0x15151515,0x15151515,
	0x15151515,0x15151515,0x15151515,0x15151515,0x15151515,0x15151515,0x15151515,0x15151515,
	0x15151515,0x15151515,0x15151515,0x15151515,0x15151515,0x15151515,0x15151515,0x15151515,
	0x15151515,0x15151515,0x15151515,0x15151515,0x15151515,0x15151515,0x15151515,0x15151515,
	0x15151515,0x15151515,0x15151515,0x15151515,0x15151515,0x15151515,0x15151515,0x15151515,
	0x15151515,0x15151515,0x15151515,0x15151515,0x15151515,0x15151515,0x15151515,0x15151515,
	0x00000000,0x00000000,0x00000000,0x00000000,0x00000000,0x00000000,0x00000000,0x00000000,
	0x00000000,0x00000000,0x00000000,0x00000000,0x00000000,0x00000000,0x00000000,0x00000000,

	0x00000000,0x00000000,0x00000000,0x00000000,0x00000000,0x00000000,0x00000000,0x00000000,
	0x00000000,0x00000000,0x00000000,0x00000000,0x00000000,0x00000000,0x00000000,0x00000000,
	0x00000000,0x00000000,0x00000000,0x00000000,0x00000000,0x00000000,0x00000000,0x00000000,
	0x00000000,0x00000000,0x00000000,0x00000000,0x00000000,0x00000000,0x00000000,0x00000000,
	0x00000000,0x00000000,0x00000000,0x00000000,0x00000000,0x00000000,0x00000000,0x00000000,
	0x00000000,0x00000000,0x00000000,0x00000000,0x00000000,0x00000000,0x00000000,0x00000000,
	0x00000000,0x00000000,0x00000000,0x00000000,0x00000000,0x00000000,0x00000000,0x00000000,
	0x00000000,0x00000000,0x00000000,0x00000000,0x00000000,0x00000000,0x00000000,0x00000000,

	0x00000000,0x00000000,0x00000000,0x00000000,0x00000000,0x00000000,0x00000000,0x00000000,
	0x00000000,0x00000000,0x00000000,0x00000000,0x00000000,0x00000000,0x00000000,0x00000000,
	0x00000000,0x00000000,0x00000000,0x00000000,0x00000000,0x00000000,0x00000000,0x00000000,
	0x00000000,0x00000000,0x00000000,0x00000000,0x00000000,0x00000000,0x00000000,0x00000000,
	0x00000000,0x00000000,0x00000000,0x00000000,0x00000000,0x00000000,0x00000000,0x00000000,
	0x00000000,0x00000000,0x00000000,0x00000000,0x00000000,0x00000000,0x00000000,0x00000000,
	0x00000000,0x00000000,0x00000000,0x00000000,0x00000000,0x00000000,0x00000000,0x00000000,
	0x00000000,0x00000000,0x00000000,0x00000000,0x00000000,0x00000000,0x00000000,0x00000000,

	0x00000000,0x00000000,0x00000000,0x00000000,0x00000000,0x00000000,0x00000000,0x00000000,
	0x00000000,0x00000000,0x00000000,0x00000000,0x00000000,0x00000000,0x00000000,0x00000000,
	0x01010101,0x01010101,0x01010101,0x01010101,0x01010101,0x01010101,0x1A1A1A1A,0x1A1A1A1A,
	0x1A1A1A1A,0x1A1A1A1A,0x1A1A1A1A,0x1A1A1A1A,0x1A1A1A1A,0x1A1A1A1A,0x1A1A1A1A,0x1A1A1A1A,
	0x01010101,0x01010101,0x01010101,0x01010101,0x01010101,0x01010101,0x1A1A1A1A,0x1A1A1A1A,
	0x1A1A1A1A,0x1A1A1A1A,0x1A1A1A1A,0x1A1A1A1A,0x1A1A1A1A,0x1A1A1A1A,0x1A1A1A1A,0x1A1A1A1A,
	0x01010101,0x01010101,0x01010101,0x01010101,0x01010101,0x01010101,0x1A1A1A1A,0x1A1A1A1A,
	0x1A1A1A1A,0x1A1A1A1A,0x1A1A1A1A,0x1A1A1A1A,0x1A1A1A1A,0x1A1A1A1A,0x1A1A1A1A,0x1A1A1A1A,

	0x01010101,0x01010101,0x01010101,0x01010101,0x01010101,0x01010101,0x1A1A1A1A,0x1A1A1A1A,
	0x1A1A1A1A,0x1A1A1A1A,0x1A1A1A1A,0x1A1A1A1A,0x1A1A1A1A,0x1A1A1A1A,0x1A1A1A1A,0x1A1A1A1A,
	0x01010101,0x01010101,0x01010101,0x01010101,0x01010101,0x01010101,0x1A1A1A1A,0x1A1A1A1A,
	0x1A1A1A1A,0x1A1A1A1A,0x1A1A1A1A,0x1A1A1A1A,0x1A1A1A1A,0x1A1A1A1A,0x1A1A1A1A,0x1A1A1A1A,
	0x01010101,0x01010101,0x01010101,0x01010101,0x01010101,0x01010101,0x1A1A1A1A,0x1A1A1A1A,
	0x1A1A1A1A,0x1A1A1A1A,0x1A1A1A1A,0x1A1A1A1A,0x1A1A1A1A,0x1A1A1A1A,0x1A1A1A1A,0x1A1A1A1A,
	0x00000000,0x00000000,0x00000000,0x00000000,0x00000000,0x00000000,0x00000000,0x00000000,
	0x00000000,0x00000000,0x00000000,0x00000000,0x00000000,0x00000000,0x00000000,0x00000000,

	0x00000000,0x00000000,0x00000000,0x00000000,0x00000000,0x00000000,0x00000000,0x00000000,
	0x00000000,0x00000000,0x00000000,0x00000000,0x00000000,0x00000000,0x00000000,0x00000000,
	0x00000000,0x00000000,0x00000000,0x00000000,0x00000000,0x00000000,0x00000000,0x00000000,
	0x00000000,0x00000000,0x00000000,0x00000000,0x00000000,0x00000000,0x00000000,0x00000000,
	0x00000000,0x00000000,0x00000000,0x00000000,0x00000000,0x00000000,0x00000000,0x00000000,
	0x00000000,0x00000000,0x00000000,0x00000000,0x00000000,0x00000000,0x00000000,0x00000000,
	0x00000000,0x00000000,0x00000000,0x00000000,0x00000000,0x00000000,0x00000000,0x00000000,
	0x00000000,0x00000000,0x00000000,0x00000000,0x00000000,0x00000000,0x00000000,0x00000000,

	0x00000000,0x00000000,0x00000000,0x00000000,0x00000000,0x00000000,0x00000000,0x00000000,
	0x00000000,0x00000000,0x00000000,0x00000000,0x00000000,0x00000000,0x00000000,0x00000000,
	0x00000000,0x00000000,0x00000000,0x00000000,0x00000000,0x00000000,0x00000000,0x00000000,
	0x00000000,0x00000000,0x00000000,0x00000000,0x00000000,0x00000000,0x00000000,0x00000000,
	0x00000000,0x00000000,0x00000000,0x00000000,0x00000000,0x00000000,0x00000000,0x00000000,
	0x00000000,0x00000000,0x00000000,0x00000000,0x00000000,0x00000000,0x00000000,0x00000000,
	0x00000000,0x00000000,0x00000000,0x00000000,0x00000000,0x00000000,0x00000000,0x00000000,
	0x00000000,0x00000000,0x00000000,0x00000000,0x00000000,0x00000000,0x00000000,0x00000000,

	0x00000000,0x00000000,0x00000000,0x00000000,0x00000000,0x00000000,0x00000000,0x00000000,
	0x00000000,0x00000000,0x00000000,0x00000000,0x00000000,0x00000000,0x00000000,0x00000000,
	0x15151515,0x15151515,0x15151515,0x15151515,0x15151515,0x15151515,0x1A1A1A1A,0x1A1A1A1A,
	0x1A1A1A1A,0x1A1A1A1A,0x1A1A1A1A,0x1A1A1A1A,0x1A1A1A1A,0x1A1A1A1A,0x1A1A1A1A,0x1A1A1A1A,
	0x15151515,0x15151515,0x15151515,0x15151515,0x15151515,0x15151515,0x1A1A1A1A,0x1A1A1A1A,
	0x1A1A1A1A,0x1A1A1A1A,0x1A1A1A1A,0x1A1A1A1A,0x1A1A1A1A,0x1A1A1A1A,0x1A1A1A1A,0x1A1A1A1A,
	0x15151515,0x15151515,0x15151515,0x15151515,0x15151515,0x15151515,0x1A1A1A1A,0x1A1A1A1A,
	0x1A1A1A1A,0x1A1A1A1A,0x1A1A1A1A,0x1A1A1A1A,0x1A1A1A1A,0x1A1A1A1A,0x1A1A1A1A,0x1A1A1A1A,

	0x15151515,0x15151515,0x15151515,0x15151515,0x15151515,0x15151515,0x1A1A1A1A,0x1A1A1A1A,
	0x1A1A1A1A,0x1A1A1A1A,0x1A1A1A1A,0x1A1A1A1A,0x1A1A1A1A,0x1A1A1A1A,0x1A1A1A1A,0x1A1A1A1A,
	0x15151515,0x15151515,0x15151515,0x15151515,0x15151515,0x15151515,0x1A1A1A1A,0x1A1A1A1A,
	0x1A1A1A1A,0x1A1A1A1A,0x1A1A1A1A,0x1A1A1A1A,0x1A1A1A1A,0x1A1A1A1A,0x1A1A1A1A,0x1A1A1A1A,
	0x15151515,0x15151515,0x15151515,0x15151515,0x15151515,0x15151515,0x1A1A1A1A,0x1A1A1A1A,
	0x1A1A1A1A,0x1A1A1A1A,0x1A1A1A1A,0x1A1A1A1A,0x1A1A1A1A,0x1A1A1A1A,0x1A1A1A1A,0x1A1A1A1A,
	0x00000000,0x00000000,0x00000000,0x00000000,0x00000000,0x00000000,0x00000000,0x00000000,
	0x00000000,0x00000000,0x00000000,0x00000000,0x00000000,0x00000000,0x00000000,0x00000000,

	0x00000000,0x00000000,0x00000000,0x00000000,0x00000000,0x00000000,0x00000000,0x00000000,
	0x00000000,0x00000000,0x00000000,0x00000000,0x00000000,0x00000000,0x00000000,0x00000000,
	0x00000000,0x00000000,0x00000000,0x00000000,0x00000000,0x00000000,0x00000000,0x00000000,
	0x00000000,0x00000000,0x00000000,0x00000000,0x00000000,0x00000000,0x00000000,0x00000000,
	0x00000000,0x00000000,0x00000000,0x00000000,0x00000000,0x00000000,0x00000000,0x00000000,
	0x00000000,0x00000000,0x00000000,0x00000000,0x00000000,0x00000000,0x00000000,0x00000000,
	0x00000000,0x00000000,0x00000000,0x00000000,0x00000000,0x00000000,0x00000000,0x00000000,
	0x00000000,0x00000000,0x00000000,0x00000000,0x00000000,0x00000000,0x00000000,0x00000000,

	0x00000000,0x00000000,0x00000000,0x00000000,0x00000000,0x00000000,0x00000000,0x00000000,
	0x00000000,0x00000000,0x00000000,0x00000000,0x00000000,0x00000000,0x00000000,0x00000000,
	0x00000000,0x00000000,0x00000000,0x00000000,0x00000000,0x00000000,0x00000000,0x00000000,
	0x00000000,0x00000000,0x00000000,0x00000000,0x00000000,0x00000000,0x00000000,0x00000000,
	0x00000000,0x00000000,0x00000000,0x00000000,0x00000000,0x00000000,0x00000000,0x00000000,
	0x00000000,0x00000000,0x00000000,0x00000000,0x00000000,0x00000000,0x00000000,0x00000000,
	0x00000000,0x00000000,0x00000000,0x00000000,0x00000000,0x00000000,0x00000000,0x00000000,
	0x00000000,0x00000000,0x00000000,0x00000000,0x00000000,0x00000000,0x00000000,0x00000000,

	0x00000000,0x00000000,0x00000000,0x00000000,0x00000000,0x00000000,0x00000000,0x00000000,
	0x00000000,0x00000000,0x00000000,0x00000000,0x00000000,0x00000000,0x00000000,0x00000000,
	0x1A1A1A1A,0x1A1A1A1A,0x1A1A1A1A,0x1A1A1A1A,0x1A1A1A1A,0x1A1A1A1A,0x1A1A1A1A,0x1A1A1A1A,
	0x1A1A1A1A,0x1A1A1A1A,0x02020202,0x02020202,0x02020202,0x02020202,0x02020202,0x02020202,
	0x1A1A1A1A,0x1A1A1A1A,0x1A1A1A1A,0x1A1A1A1A,0x1A1A1A1A,0x1A1A1A1A,0x1A1A1A1A,0x1A1A1A1A,
	0x1A1A1A1A,0x1A1A1A1A,0x02020202,0x02020202,0x02020202,0x02020202,0x02020202,0x02020202,
	0x1A1A1A1A,0x1A1A1A1A,0x1A1A1A1A,0x1A1A1A1A,0x1A1A1A1A,0x1A1A1A1A,0x1A1A1A1A,0x1A1A1A1A,
	0x1A1A1A1A,0x1A1A1A1A,0x02020202,0x02020202,0x02020202,0x02020202,0x02020202,0x02020202,

	0x1A1A1A1A,0x1A1A1A1A,0x1A1A1A1A,0x1A1A1A1A,0x1A1A1A1A,0x1A1A1A1A,0x1A1A1A1A,0x1A1A1A1A,
	0x1A1A1A1A,0x1A1A1A1A,0x02020202,0x02020202,0x02020202,0x02020202,0x02020202,0x02020202,
	0x1A1A1A1A,0x1A1A1A1A,0x1A1A1A1A,0x1A1A1A1A,0x1A1A1A1A,0x1A1A1A1A,0x1A1A1A1A,0x1A1A1A1A,
	0x1A1A1A1A,0x1A1A1A1A,0x02020202,0x02020202,0x02020202,0x02020202,0x02020202,0x02020202,
	0x1A1A1A1A,0x1A1A1A1A,0x1A1A1A1A,0x1A1A1A1A,0x1A1A1A1A,0x1A1A1A1A,0x1A1A1A1A,0x1A1A1A1A,
	0x1A1A1A1A,0x1A1A1A1A,0x02020202,0x02020202,0x02020202,0x02020202,0x02020202,0x02020202,
	0x00000000,0x00000000,0x00000000,0x00000000,0x00000000,0x00000000,0x00000000,0x00000000,
	0x00000000,0x00000000,0x00000000,0x00000000,0x00000000,0x00000000,0x00000000,0x00000000,

	0x00000000,0x00000000,0x00000000,0x00000000,0x00000000,0x00000000,0x00000000,0x00000000,
	0x00000000,0x00000000,0x00000000,0x00000000,0x00000000,0x00000000,0x00000000,0x00000000,
	0x00000000,0x00000000,0x00000000,0x00000000,0x00000000,0x00000000,0x00000000,0x00000000,
	0x00000000,0x00000000,0x00000000,0x00000000,0x00000000,0x00000000,0x00000000,0x00000000,
	0x00000000,0x00000000,0x00000000,0x00000000,0x00000000,0x00000000,0x00000000,0x00000000,
	0x00000000,0x00000000,0x00000000,0x00000000,0x00000000,0x00000000,0x00000000,0x00000000,
	0x00000000,0x00000000,0x00000000,0x00000000,0x00000000,0x00000000,0x00000000,0x00000000,
	0x00000000,0x00000000,0x00000000,0x00000000,0x00000000,0x00000000,0x00000000,0x00000000,

	0x00000000,0x00000000,0x00000000,0x00000000,0x00000000,0x00000000,0x00000000,0x00000000,
	0x00000000,0x00000000,0x00000000,0x00000000,0x00000000,0x00000000,0x00000000,0x00000000,
	0x00000000,0x00000000,0x00000000,0x00000000,0x00000000,0x00000000,0x00000000,0x00000000,
	0x00000000,0x00000000,0x00000000,0x00000000,0x00000000,0x00000000,0x00000000,0x00000000,
	0x00000000,0x00000000,0x00000000,0x00000000,0x00000000,0x00000000,0x00000000,0x00000000,
	0x00000000,0x00000000,0x00000000,0x00000000,0x00000000,0x00000000,0x00000000,0x00000000,
	0x00000000,0x00000000,0x00000000,0x00000000,0x00000000,0x00000000,0x00000000,0x00000000,
	0x00000000,0x00000000,0x00000000,0x00000000,0x00000000,0x00000000,0x00000000,0x00000000,

	0x00000000,0x00000000,0x00000000,0x00000000,0x00000000,0x00000000,0x00000000,0x00000000,
	0x00000000,0x00000000,0x00000000,0x00000000,0x00000000,0x00000000,0x00000000,0x00000000,
	0x1A1A1A1A,0x1A1A1A1A,0x1A1A1A1A,0x1A1A1A1A,0x1A1A1A1A,0x1A1A1A1A,0x1A1A1A1A,0x1A1A1A1A,
	0x1A1A1A1A,0x1A1A1A1A,0x13131313,0x13131313,0x13131313,0x13131313,0x13131313,0x13131313,
	0x1A1A1A1A,0x1A1A1A1A,0x1A1A1A1A,0x1A1A1A1A,0x1A1A1A1A,0x1A1A1A1A,0x1A1A1A1A,0x1A1A1A1A,
	0x1A1A1A1A,0x1A1A1A1A,0x13131313,0x13131313,0x13131313,0x13131313,0x13131313,0x13131313,
	0x1A1A1A1A,0x1A1A1A1A,0x1A1A1A1A,0x1A1A1A1A,0x1A1A1A1A,0x1A1A1A1A,0x1A1A1A1A,0x1A1A1A1A,
	0x1A1A1A1A,0x1A1A1A1A,0x13131313,0x13131313,0x13131313,0x13131313,0x13131313,0x13131313,

	0x1A1A1A1A,0x1A1A1A1A,0x1A1A1A1A,0x1A1A1A1A,0x1A1A1A1A,0x1A1A1A1A,0x1A1A1A1A,0x1A1A1A1A,
	0x1A1A1A1A,0x1A1A1A1A,0x13131313,0x13131313,0x13131313,0x13131313,0x13131313,0x13131313,
	0x1A1A1A1A,0x1A1A1A1A,0x1A1A1A1A,0x1A1A1A1A,0x1A1A1A1A,0x1A1A1A1A,0x1A1A1A1A,0x1A1A1A1A,
	0x1A1A1A1A,0x1A1A1A1A,0x13131313,0x13131313,0x13131313,0x13131313,0x13131313,0x13131313,
	0x1A1A1A1A,0x1A1A1A1A,0x1A1A1A1A,0x1A1A1A1A,0x1A1A1A1A,0x1A1A1A1A,0x1A1A1A1A,0x1A1A1A1A,
	0x1A1A1A1A,0x1A1A1A1A,0x13131313,0x13131313,0x13131313,0x13131313,0x13131313,0x13131313,
	0x00000000,0x00000000,0x00000000,0x00000000,0x00000000,0x00000000,0x00000000,0x00000000,
	0x00000000,0x00000000,0x00000000,0x00000000,0x00000000,0x00000000,0x00000000,0x00000000,

	0x00000000,0x00000000,0x00000000,0x00000000,0x00000000,0x00000000,0x00000000,0x00000000,
	0x00000000,0x00000000,0x00000000,0x00000000,0x00000000,0x00000000,0x00000000,0x00000000,
	0x00000000,0x00000000,0x00000000,0x00000000,0x00000000,0x00000000,0x00000000,0x00000000,
	0x00000000,0x00000000,0x00000000,0x00000000,0x00000000,0x00000000,0x00000000,0x00000000,
	0x00000000,0x00000000,0x00000000,0x00000000,0x00000000,0x00000000,0x00000000,0x00000000,
	0x00000000,0x00000000,0x00000000,0x00000000,0x00000000,0x00000000,0x00000000,0x00000000,
	0x00000000,0x00000000,0x00000000,0x00000000,0x00000000,0x00000000,0x00000000,0x00000000,
	0x00000000,0x00000000,0x00000000,0x00000000,0x00000000,0x00000000,0x00000000,0x00000000,

	0x00000000,0x00000000,0x00000000,0x00000000,0x00000000,0x00000000,0x00000000,0x00000000,
	0x00000000,0x00000000,0x00000000,0x00000000,0x00000000,0x00000000,0x00000000,0x00000000,
	0x00000000,0x00000000,0x00000000,0x00000000,0x00000000,0x00000000,0x00000000,0x00000000,
	0x00000000,0x00000000,0x00000000,0x00000000,0x00000000,0x00000000,0x00000000,0x00000000,
	0x00000000,0x00000000,0x00000000,0x00000000,0x00000000,0x00000000,0x00000000,0x00000000,
	0x00000000,0x00000000,0x00000000,0x00000000,0x00000000,0x00000000,0x00000000,0x00000000,
	0x00000000,0x00000000,0x00000000,0x00000000,0x00000000,0x00000000,0x00000000,0x00000000,
	0x00000000,0x00000000,0x00000000,0x00000000,0x00000000,0x00000000,0x00000000,0x00000000,

	0x00000000,0x00000000,0x00000000,0x00000000,0x00000000,0x00000000,0x00000000,0x00000000,
	0x00000000,0x00000000,0x00000000,0x00000000,0x00000000,0x00000000,0x00000000,0x00000000,
	0x02020202,0x02020202,0x02020202,0x02020202,0x02020202,0x02020202,0x02020202,0x02020202,
	0x02020202,0x02020202,0x02020202,0x02020202,0x02020202,0x02020202,0x02020202,0x02020202,
	0x02020202,0x02020202,0x02020202,0x02020202,0x02020202,0x02020202,0x02020202,0x02020202,
	0x02020202,0x02020202,0x02020202,0x02020202,0x02020202,0x02020202,0x02020202,0x02020202,
	0x02020202,0x02020202,0x02020202,0x02020202,0x02020202,0x02020202,0x02020202,0x02020202,
	0x02020202,0x02020202,0x02020202,0x02020202,0x02020202,0x02020202,0x02020202,0x02020202,

	0x02020202,0x02020202,0x02020202,0x02020202,0x02020202,0x02020202,0x02020202,0x02020202,
	0x02020202,0x02020202,0x02020202,0x02020202,0x02020202,0x02020202,0x02020202,0x02020202,
	0x02020202,0x02020202,0x02020202,0x02020202,0x02020202,0x02020202,0x02020202,0x02020202,
	0x02020202,0x02020202,0x02020202,0x02020202,0x02020202,0x02020202,0x02020202,0x02020202,
	0x02020202,0x02020202,0x02020202,0x02020202,0x02020202,0x02020202,0x02020202,0x02020202,
	0x02020202,0x02020202,0x02020202,0x02020202,0x02020202,0x02020202,0x02020202,0x02020202,
	0x00000000,0x00000000,0x00000000,0x00000000,0x00000000,0x00000000,0x00000000,0x00000000,
	0x00000000,0x00000000,0x00000000,0x00000000,0x00000000,0x00000000,0x00000000,0x00000000,

	0x00000000,0x00000000,0x00000000,0x00000000,0x00000000,0x00000000,0x00000000,0x00000000,
	0x00000000,0x00000000,0x00000000,0x00000000,0x00000000,0x00000000,0x00000000,0x00000000,
	0x00000000,0x00000000,0x00000000,0x00000000,0x00000000,0x00000000,0x00000000,0x00000000,
	0x00000000,0x00000000,0x00000000,0x00000000,0x00000000,0x00000000,0x00000000,0x00000000,
	0x00000000,0x00000000,0x00000000,0x00000000,0x00000000,0x00000000,0x00000000,0x00000000,
	0x00000000,0x00000000,0x00000000,0x00000000,0x00000000,0x00000000,0x00000000,0x00000000,
	0x00000000,0x00000000,0x00000000,0x00000000,0x00000000,0x00000000,0x00000000,0x00000000,
	0x00000000,0x00000000,0x00000000,0x00000000,0x00000000,0x00000000,0x00000000,0x00000000,

	0x00000000,0x00000000,0x00000000,0x00000000,0x00000000,0x00000000,0x00000000,0x00000000,
	0x00000000,0x00000000,0x00000000,0x00000000,0x00000000,0x00000000,0x00000000,0x00000000,
	0x00000000,0x00000000,0x00000000,0x00000000,0x00000000,0x00000000,0x00000000,0x00000000,
	0x00000000,0x00000000,0x00000000,0x00000000,0x00000000,0x00000000,0x00000000,0x00000000,
	0x00000000,0x00000000,0x00000000,0x00000000,0x00000000,0x00000000,0x00000000,0x00000000,
	0x00000000,0x00000000,0x00000000,0x00000000,0x00000000,0x00000000,0x00000000,0x00000000,
	0x00000000,0x00000000,0x00000000,0x00000000,0x00000000,0x00000000,0x00000000,0x00000000,
	0x00000000,0x00000000,0x00000000,0x00000000,0x00000000,0x00000000,0x00000000,0x00000000,

	0x00000000,0x00000000,0x00000000,0x00000000,0x00000000,0x00000000,0x00000000,0x00000000,
	0x00000000,0x00000000,0x00000000,0x00000000,0x00000000,0x00000000,0x00000000,0x00000000,
	0x13131313,0x13131313,0x13131313,0x13131313,0x13131313,0x13131313,0x13131313,0x13131313,
	0x13131313,0x13131313,0x13131313,0x13131313,0x13131313,0x13131313,0x13131313,0x13131313,
	0x13131313,0x13131313,0x13131313,0x13131313,0x13131313,0x13131313,0x13131313,0x13131313,
	0x13131313,0x13131313,0x13131313,0x13131313,0x13131313,0x13131313,0x13131313,0x13131313,
	0x13131313,0x13131313,0x13131313,0x13131313,0x13131313,0x13131313,0x13131313,0x13131313,
	0x13131313,0x13131313,0x13131313,0x13131313,0x13131313,0x13131313,0x13131313,0x13131313,

	0x13131313,0x13131313,0x13131313,0x13131313,0x13131313,0x13131313,0x13131313,0x13131313,
	0x13131313,0x13131313,0x13131313,0x13131313,0x13131313,0x13131313,0x13131313,0x13131313,
	0x13131313,0x13131313,0x13131313,0x13131313,0x13131313,0x13131313,0x13131313,0x13131313,
	0x13131313,0x13131313,0x13131313,0x13131313,0x13131313,0x13131313,0x13131313,0x13131313,
	0x13131313,0x13131313,0x13131313,0x13131313,0x13131313,0x13131313,0x13131313,0x13131313,
	0x13131313,0x13131313,0x13131313,0x13131313,0x13131313,0x13131313,0x13131313,0x13131313,
	0x00000000,0x00000000,0x00000000,0x00000000,0x00000000,0x00000000,0x00000000,0x00000000,
	0x00000000,0x00000000,0x00000000,0x00000000,0x00000000,0x00000000,0x00000000,0x00000000,

	0x00000000,0x00000000,0x00000000,0x00000000,0x00000000,0x00000000,0x00000000,0x00000000,
	0x00000000,0x00000000,0x00000000,0x00000000,0x00000000,0x00000000,0x00000000,0x00000000,
	0x03030303,0x03030303,0x03030303,0x03030303,0x03030303,0x03030303,0x03030303,0x03030303,
	0x03030303,0x03030303,0x03030303,0x03030303,0x03030303,0x03030303,0x03030303,0x03030303,
	0x03030303,0x03030303,0x03030303,0x03030303,0x03030303,0x03030303,0x03030303,0x03030303,
	0x03030303,0x03030303,0x03030303,0x03030303,0x03030303,0x03030303,0x03030303,0x1A030303,
	0x03030303,0x03030303,0x03030303,0x03030303,0x03030303,0x03030303,0x03030303,0x03030303,
	0x03030303,0x1A1A1A1A,0x1A1A0303,0x061A1A1A,0x1A1A1A03,0x06061A1A,0x1A1A1A1A,0x0606061A,

	0x03030303,0x03030303,0x03030303,0x03030303,0x03030303,0x03030303,0x03030303,0x03030303,
	0x031A1A1A,0x03030303,0x1A1A1A06,0x03031A1A,0x1A1A0606,0x031A1A1A,0x1A1A1A06,0x1A1A1A1A,
	0x03030303,0x03030303,0x03030303,0x03030303,0x03030303,0x03030303,0x03030303,0x03030303,
	0x03030303,0x03030303,0x03030303,0x03030303,0x03030303,0x03030303,0x03030303,0x03030303,
	0x03030303,0x03030303,0x03030303,0x03030303,0x03030303,0x03030303,0x03030303,0x03030303,
	0x03030303,0x03030303,0x03030303,0x03030303,0x03030303,0x03030303,0x03030303,0x03030303,
	0x00000000,0x00000000,0x00000000,0x00000000,0x00000000,0x00000000,0x00000000,0x00000000,
	0x00000000,0x00000000,0x00000000,0x00000000,0x00000000,0x00000000,0x00000000,0x00000000,

	0x00000000,0x00000000,0x00000000,0x00000000,0x00000000,0x00000000,0x00000000,0x00000000,
	0x00000000,0x00000000,0x00000000,0x00000000,0x00000000,0x00000000,0x00000000,0x00000000,
	0x06060606,0x06060606,0x06060606,0x06060606,0x06060606,0x06060606,0x06060606,0x06060606,
	0x06060606,0x06060606,0x06060606,0x06060606,0x06060606,0x06060606,0x06060606,0x06060606,
	0x06060606,0x06060606,0x06060606,0x06060606,0x06060606,0x06060606,0x06060606,0x06060606,
	0x06060606,0x06060606,0x06060606,0x06060606,0x06060606,0x06060606,0x06060606,0x06060606,
	0x06060606,0x06060606,0x06060606,0x06060606,0x06060606,0x06060606,0x06060606,0x06060606,
	0x06060606,0x06060606,0x06060606,0x06060606,0x06060606,0x06060606,0x06060606,0x06060606,

	0x06060606,0x06060606,0x06060606,0x06060606,0x06060606,0x06060606,0x06060606,0x06060606,
	0x06060606,0x06060606,0x06060606,0x06060606,0x06060606,0x06060606,0x06060606,0x06060606,
	0x06060606,0x06060606,0x06060606,0x06060606,0x06060606,0x06060606,0x06060606,0x06060606,
	0x06060606,0x06060606,0x06060606,0x06060606,0x06060606,0x06060606,0x06060606,0x06060606,
	0x06060606,0x06060606,0x06060606,0x06060606,0x06060606,0x06060606,0x06060606,0x06060606,
	0x06060606,0x06060606,0x06060606,0x06060606,0x06060606,0x06060606,0x06060606,0x06060606,
	0x00000000,0x00000000,0x00000000,0x00000000,0x00000000,0x00000000,0x00000000,0x00000000,
	0x00000000,0x00000000,0x00000000,0x00000000,0x00000000,0x00000000,0x00000000,0x00000000,

	0x00000000,0x00000000,0x00000000,0x00000000,0x00000000,0x00000000,0x00000000,0x00000000,
	0x00000000,0x00000000,0x00000000,0x00000000,0x00000000,0x00000000,0x00000000,0x00000000,
	0x06060606,0x06060606,0x06060606,0x06060606,0x06060606,0x06060606,0x06060606,0x06060606,
	0x06060606,0x06060606,0x06060606,0x06060606,0x06060606,0x06060606,0x06060606,0x06060606,
	0x06060606,0x06060606,0x06060606,0x06060606,0x06060606,0x06060606,0x06060606,0x06060606,
	0x06060606,0x06060606,0x06060606,0x06060606,0x06060606,0x06060606,0x06060606,0x06060606,
	0x06060606,0x06060606,0x06060606,0x06060606,0x06060606,0x06060606,0x06060606,0x06060606,
	0x06060606,0x06060606,0x06060606,0x06060606,0x06060606,0x06060606,0x06060606,0x06060606,

	0x06060606,0x06060606,0x06060606,0x06060606,0x06060606,0x06060606,0x06060606,0x06060606,
	0x06060606,0x06060606,0x06060606,0x06060606,0x06060606,0x06060606,0x06060606,0x06060606,
	0x06060606,0x06060606,0x06060606,0x06060606,0x06060606,0x06060606,0x06060606,0x06060606,
	0x06060606,0x06060606,0x06060606,0x06060606,0x06060606,0x06060606,0x06060606,0x06060606,
	0x06060606,0x06060606,0x06060606,0x06060606,0x06060606,0x06060606,0x06060606,0x06060606,
	0x06060606,0x06060606,0x06060606,0x06060606,0x06060606,0x06060606,0x06060606,0x06060606,
	0x00000000,0x00000000,0x00000000,0x00000000,0x00000000,0x00000000,0x00000000,0x00000000,
	0x00000000,0x00000000,0x00000000,0x00000000,0x00000000,0x00000000,0x00000000,0x00000000,

	0x00000000,0x00000000,0x00000000,0x00000000,0x00000000,0x00000000,0x00000000,0x00000000,
	0x00000000,0x00000000,0x00000000,0x00000000,0x00000000,0x00000000,0x00000000,0x00000000,
	0x06060606,0x06060606,0x06060606,0x06060606,0x06060606,0x06060606,0x06060606,0x06060606,
	0x06060606,0x06060606,0x06060606,0x06060606,0x06060606,0x06060606,0x06060606,0x06060606,
	0x06060606,0x06060606,0x06060606,0x06060606,0x06060606,0x06060606,0x06060606,0x06060606,
	0x06060606,0x06060606,0x06060606,0x06060606,0x06060606,0x06060606,0x06060606,0x06060606,
	0x06060606,0x06060606,0x06060606,0x06060606,0x06060606,0x06060606,0x06060606,0x06060606,
	0x06060606,0x06060606,0x06060606,0x06060606,0x06060606,0x06060606,0x06060606,0x06060606,

	0x06060606,0x06060606,0x06060606,0x06060606,0x06060606,0x06060606,0x06060606,0x06060606,
	0x06060606,0x06060606,0x06060606,0x06060606,0x06060606,0x06060606,0x06060606,0x06060606,
	0x06060606,0x06060606,0x06060606,0x06060606,0x06060606,0x06060606,0x06060606,0x06060606,
	0x06060606,0x06060606,0x06060606,0x06060606,0x06060606,0x06060606,0x06060606,0x06060606,
	0x06060606,0x06060606,0x06060606,0x06060606,0x06060606,0x06060606,0x06060606,0x06060606,
	0x06060606,0x06060606,0x06060606,0x06060606,0x06060606,0x06060606,0x06060606,0x06060606,
	0x00000000,0x00000000,0x00000000,0x00000000,0x00000000,0x00000000,0x00000000,0x00000000,
	0x00000000,0x00000000,0x00000000,0x00000000,0x00000000,0x00000000,0x00000000,0x00000000,

	0x00000000,0x00000000,0x00000000,0x00000000,0x00000000,0x00000000,0x00000000,0x00000000,
	0x00000000,0x00000000,0x00000000,0x00000000,0x00000000,0x00000000,0x00000000,0x00000000,
	0x03030303,0x03030303,0x03030303,0x03030303,0x03030303,0x03030303,0x03030303,0x03030303,
	0x03030303,0x03030303,0x03030303,0x03030303,0x03030303,0x03030303,0x03030303,0x03030303,
	0x03030303,0x1A1A0303,0x03030303,0x1A1A0303,0x03030303,0x1A1A1A03,0x03030303,0x1A1A1A03,
	0x03030303,0x1A1A1A1A,0x03030303,0x1A1A1A1A,0x03030303,0x06061A1A,0x03030303,0x0606061A,
	0x1A1A1A1A,0x06060606,0x061A1A1A,0x1A060606,0x06061A1A,0x1A1A0606,0x0606061A,0x1A1A1A06,
	0x06061A1A,0x1A1A0606,0x061A1A1A,0x1A060606,0x1A1A1A1A,0x06060606,0x1A1A1A06,0x0606061A,

	0x1A1A1A1A,0x1A1A1A1A,0x1A1A1A1A,0x1A1A1A06,0x061A1A1A,0x1A1A0606,0x06061A1A,0x1A060606,
	0x0606061A,0x06060606,0x06060606,0x0606061A,0x1A060606,0x06061A1A,0x1A1A0606,0x061A1A1A,
	0x0303031A,0x03030303,0x03031A1A,0x03030303,0x03031A1A,0x03030303,0x031A1A1A,0x03030303,
	0x031A1A1A,0x03030303,0x031A1A06,0x03030303,0x1A1A0606,0x03030303,0x1A060606,0x03030303,
	0x03030303,0x03030303,0x03030303,0x03030303,0x03030303,0x03030303,0x03030303,0x03030303,
	0x03030303,0x03030303,0x03030303,0x03030303,0x03030303,0x03030303,0x03030303,0x03030303,
	0x00000000,0x00000000,0x00000000,0x00000000,0x00000000,0x00000000,0x00000000,0x00000000,
	0x00000000,0x00000000,0x00000000,0x00000000,0x00000000,0x00000000,0x00000000,0x00000000,

	0x00000000,0x00000000,0x00000000,0x00000000,0x00000000,0x00000000,0x00000000,0x00000000,
	0x00000000,0x00000000,0x00000000,0x00000000,0x00000000,0x00000000,0x00000000,0x00000000,
	0x06060606,0x06060606,0x06060606,0x06060606,0x06060606,0x06060606,0x03030303,0x03030303,
	0x03030303,0x03030303,0x03030303,0x03030303,0x03030303,0x03030303,0x03030303,0x03030303,
	0x06060606,0x06060606,0x06060606,0x06060606,0x06060606,0x06060606,0x03030303,0x03030303,
	0x03030303,0x03030303,0x03030303,0x03030303,0x03030303,0x03030303,0x03030303,0x03030303,
	0x06060606,0x06060606,0x06060606,0x06060606,0x06060606,0x06060606,0x03030303,0x03030303,
	0x03030303,0x03030303,0x03030303,0x03030303,0x03030303,0x03030303,0x03030303,0x03030303,

	0x06060606,0x06060606,0x06060606,0x06060606,0x06060606,0x06060606,0x03030303,0x03030303,
	0x03030303,0x03030303,0x03030303,0x03030303,0x03030303,0x03030303,0x03030303,0x03030303,
	0x06060606,0x06060606,0x06060606,0x06060606,0x06060606,0x06060606,0x03030303,0x03030303,
	0x03030303,0x03030303,0x03030303,0x03030303,0x03030303,0x03030303,0x03030303,0x03030303,
	0x06060606,0x06060606,0x06060606,0x06060606,0x06060606,0x06060606,0x03030303,0x03030303,
	0x03030303,0x03030303,0x03030303,0x03030303,0x03030303,0x03030303,0x03030303,0x03030303,
	0x00000000,0x00000000,0x00000000,0x00000000,0x00000000,0x00000000,0x00000000,0x00000000,
	0x00000000,0x00000000,0x00000000,0x00000000,0x00000000,0x00000000,0x00000000,0x00000000,

	0x00000000,0x00000000,0x00000000,0x00000000,0x00000000,0x00000000,0x00000000,0x00000000,
	0x00000000,0x00000000,0x00000000,0x00000000,0x00000000,0x00000000,0x00000000,0x00000000,
	0x06060606,0x06060606,0x06060606,0x06060606,0x06060606,0x06060606,0x03030303,0x03030303,
	0x03030303,0x03030303,0x03030303,0x03030303,0x03030303,0x03030303,0x03030303,0x03030303,
	0x06060606,0x06060606,0x06060606,0x06060606,0x06060606,0x06060606,0x03030303,0x03030303,
	0x03030303,0x03030303,0x03030303,0x03030303,0x03030303,0x17030303,0x03030303,0x17030303,
	0x15060606,0x06171515,0x17100606,0x06061717,0x10171006,0x03030303,0x03031710,0x03030303,
	0x03031017,0x17171717,0x03031717,0x17171717,0x03030317,0x0D0D1703,0x03030317,0x170D0317,

	0x17171717,0x06060606,0x17171706,0x0606060D,0x0D030303,0x06060D17,0x03030303,0x030D1703,
	0x03031715,0x03170D03,0x03171717,0x03171703,0x0303170D,0x17170303,0x0317030D,0x17170303,
	0x06060606,0x06060606,0x06060606,0x06060606,0x06060606,0x06060606,0x03030303,0x03030303,
	0x03030303,0x03030303,0x03030303,0x03030303,0x03030303,0x03030303,0x03030303,0x03030303,
	0x06060606,0x06060606,0x06060606,0x06060606,0x06060606,0x06060606,0x03030303,0x03030303,
	0x03030303,0x03030303,0x03030303,0x03030303,0x03030303,0x03030303,0x03030303,0x03030303,
	0x00000000,0x00000000,0x00000000,0x00000000,0x00000000,0x00000000,0x00000000,0x00000000,
	0x00000000,0x00000000,0x00000000,0x00000000,0x00000000,0x00000000,0x00000000,0x00000000,

	0x00000000,0x00000000,0x00000000,0x00000000,0x00000000,0x00000000,0x00000000,0x00000000,
	0x00000000,0x00000000,0x00000000,0x00000000,0x00000000,0x00000000,0x00000000,0x00000000,
	0x06060606,0x06060606,0x06060606,0x06060606,0x06060606,0x06060606,0x1A1A1A1A,0x1A1A1A1A,
	0x1A1A1A1A,0x1A1A1A1A,0x1A1A1A1A,0x1A1A1A1A,0x1A1A1A1A,0x1A1A1A1A,0x1A1A1A1A,0x1A1A1A1A,
	0x06060606,0x06060606,0x06060606,0x06060606,0x06060606,0x06060606,0x1A1A1A1A,0x1A1A1A1A,
	0x1A1A1A1A,0x1A1A1A1A,0x1A1A1A1A,0x1A1A1A1A,0x1A1A1A1A,0x1A1A1A1A,0x1A1A1A1A,0x1A1A1A1A,
	0x06060606,0x06060606,0x06060606,0x06060606,0x06060606,0x06060606,0x1A1A1A1A,0x1A1A1A1A,
	0x1A1A1A1A,0x1A1A1A1A,0x1A1A1A1A,0x1A1A1A1A,0x1A1A1A1A,0x1A1A1A1A,0x1A1A1A1A,0x1A1A1A1A,

	0x06060606,0x06060606,0x06060606,0x06060606,0x06060606,0x06060606,0x1A1A1A1A,0x1A1A1A1A,
	0x1A1A1A1A,0x1A1A1A1A,0x1A1A1A1A,0x1A1A1A1A,0x1A1A1A1A,0x1A1A1A1A,0x1A1A1A1A,0x1A1A1A1A,
	0x06060606,0x06060606,0x06060606,0x06060606,0x06060606,0x06060606,0x1A1A1A1A,0x1A1A1A1A,
	0x1A1A1A1A,0x1A1A1A1A,0x1A1A1A1A,0x1A1A1A1A,0x1A1A1A1A,0x1A1A1A1A,0x1A1A1A1A,0x1A1A1A1A,
	0x06060606,0x06060606,0x06060606,0x06060606,0x06060606,0x06060606,0x1A1A1A1A,0x1A1A1A1A,
	0x1A1A1A1A,0x1A1A1A1A,0x1A1A1A1A,0x1A1A1A1A,0x1A1A1A1A,0x1A1A1A1A,0x1A1A1A1A,0x1A1A1A1A,
	0x00000000,0x00000000,0x00000000,0x00000000,0x00000000,0x00000000,0x00000000,0x00000000,
	0x00000000,0x00000000,0x00000000,0x00000000,0x00000000,0x00000000,0x00000000,0x00000000,

	0x00000000,0x00000000,0x00000000,0x00000000,0x00000000,0x00000000,0x00000000,0x00000000,
	0x00000000,0x00000000,0x00000000,0x00000000,0x00000000,0x00000000,0x00000000,0x00000000,
	0x03030303,0x03030303,0x03030303,0x03030303,0x03030303,0x03030303,0x03030303,0x03030303,
	0x03030303,0x03030303,0x03030303,0x03030303,0x03030303,0x03030303,0x03030303,0x03030303,
	0x03030303,0x0606061A,0x03030303,0x06061A1A,0x03030303,0x061A1A1A,0x03030303,0x1A1A1A1A,
	0x03030303,0x1A1A1A03,0x03030303,0x1A1A1A03,0x03030303,0x1A1A0303,0x03030303,0x1A1A0303,
	0x1A1A1A06,0x0606061A,0x1A1A0606,0x06060606,0x06060606,0x1A060606,0x06060606,0x1A1A0606,
	0x0606061A,0x1A1A1A06,0x06061A1A,0x1A1A1A1A,0x1A1A1A1A,0x1A1A1A1A,0x1A1A1A1A,0x061A1A1A,

	0x1A1A0606,0x1A1A1A1A,0x1A060606,0x1A1A1A1A,0x06060606,0x1A1A1A1A,0x0606061A,0x1A1A1A06,
	0x06061A1A,0x1A1A0606,0x0606061A,0x1A1A1A06,0x06060606,0x1A1A1A1A,0x1A060606,0x1A1A1A1A,
	0x1A1A0606,0x03030303,0x031A1A1A,0x03030303,0x031A1A1A,0x03030303,0x031A1A1A,0x03030303,
	0x031A1A1A,0x03030303,0x03031A1A,0x03030303,0x03031A1A,0x03030303,0x0303031A,0x03030303,
	0x03030303,0x03030303,0x03030303,0x03030303,0x03030303,0x03030303,0x03030303,0x03030303,
	0x03030303,0x03030303,0x03030303,0x03030303,0x03030303,0x03030303,0x03030303,0x03030303,
	0x00000000,0x00000000,0x00000000,0x00000000,0x00000000,0x00000000,0x00000000,0x00000000,
	0x00000000,0x00000000,0x00000000,0x00000000,0x00000000,0x00000000,0x00000000,0x00000000,

	0x00000000,0x00000000,0x00000000,0x00000000,0x00000000,0x00000000,0x00000000,0x00000000,
	0x00000000,0x00000000,0x00000000,0x00000000,0x00000000,0x00000000,0x00000000,0x00000000,
	0x03030303,0x03030303,0x03030303,0x03030303,0x03030303,0x03030303,0x03030303,0x03030303,
	0x03030303,0x03030303,0x15151515,0x15151515,0x15151515,0x15151515,0x15151515,0x15151515,
	0x03030303,0x03030303,0x03030303,0x03030303,0x03030303,0x03030303,0x03030303,0x03030303,
	0x03030303,0x03030303,0x15151515,0x15151515,0x15151515,0x15151515,0x15151515,0x15151515,
	0x03030303,0x03030303,0x03030303,0x03030303,0x03030303,0x03030303,0x03030303,0x03030303,
	0x03030303,0x03030303,0x15151515,0x15151515,0x15151515,0x15151515,0x15151515,0x15151515,

	0x03030303,0x03030303,0x03030303,0x03030303,0x03030303,0x03030303,0x03030303,0x03030303,
	0x03030303,0x03030303,0x15151515,0x15151515,0x15151515,0x15151515,0x15151515,0x15151515,
	0x03030303,0x03030303,0x03030303,0x03030303,0x03030303,0x03030303,0x03030303,0x03030303,
	0x03030303,0x03030303,0x15151515,0x15151515,0x15151515,0x15151515,0x15151515,0x15151515,
	0x03030303,0x03030303,0x03030303,0x03030303,0x03030303,0x03030303,0x03030303,0x03030303,
	0x03030303,0x03030303,0x15151515,0x15151515,0x15151515,0x15151515,0x15151515,0x15151515,
	0x00000000,0x00000000,0x00000000,0x00000000,0x00000000,0x00000000,0x00000000,0x00000000,
	0x00000000,0x00000000,0x00000000,0x00000000,0x00000000,0x00000000,0x00000000,0x00000000,

	0x00000000,0x00000000,0x00000000,0x00000000,0x00000000,0x00000000,0x00000000,0x00000000,
	0x00000000,0x00000000,0x00000000,0x00000000,0x00000000,0x00000000,0x00000000,0x00000000,
	0x03030303,0x03030303,0x03030303,0x03030303,0x03030303,0x03030303,0x03030303,0x03030303,
	0x03030303,0x03030303,0x15151515,0x15151515,0x15151515,0x15151515,0x15151515,0x15151515,
	0x03030303,0x17030303,0x03030303,0x03030303,0x03030303,0x03030303,0x03030303,0x03030303,
	0x03030303,0x03030303,0x15151515,0x15151515,0x15151515,0x15151515,0x15151515,0x15151515,
	0x1703030D,0x0D170303,0x03170D17,0x17170D17,0x0303170D,0x17170303,0x03031717,0x17170303,
	0x06061603,0x06060606,0x0B0E1715,0x08080607,0x17151215,0x17170806,0x15151515,0x11111515,

	0x17030317,0x170D0303,0x03170D17,0x03170D17,0x03030317,0x030D1703,0x03030315,0x03171503,
	0x06060306,0x03031706,0x0B0A0608,0x15151510,0x17060817,0x15150F15,0x15151511,0x15151515,
	0x03030303,0x03030303,0x03030303,0x03030303,0x03030303,0x03030303,0x03030303,0x03030303,
	0x03030303,0x03030303,0x15151515,0x15151515,0x15151515,0x15151515,0x15151515,0x15151515,
	0x03030303,0x03030303,0x03030303,0x03030303,0x03030303,0x03030303,0x03030303,0x03030303,
	0x03030303,0x03030303,0x15151515,0x15151515,0x15151515,0x15151515,0x15151515,0x15151515,
	0x00000000,0x00000000,0x00000000,0x00000000,0x00000000,0x00000000,0x00000000,0x00000000,
	0x00000000,0x00000000,0x00000000,0x00000000,0x00000000,0x00000000,0x00000000,0x00000000,

	0x00000000,0x00000000,0x00000000,0x00000000,0x00000000,0x00000000,0x00000000,0x00000000,
	0x00000000,0x00000000,0x00000000,0x00000000,0x00000000,0x00000000,0x00000000,0x00000000,
	0x1A1A1A1A,0x1A1A1A1A,0x1A1A1A1A,0x1A1A1A1A,0x1A1A1A1A,0x1A1A1A1A,0x1A1A1A1A,0x1A1A1A1A,
	0x1A1A1A1A,0x1A1A1A1A,0x03030303,0x03030303,0x03030303,0x03030303,0x03030303,0x03030303,
	0x1A1A1A1A,0x1A1A1A1A,0x1A1A1A1A,0x1A1A1A1A,0x1A1A1A1A,0x1A1A1A1A,0x1A1A1A1A,0x1A1A1A1A,
	0x1A1A1A1A,0x1A1A1A1A,0x03030303,0x03030303,0x03030303,0x03030303,0x03030303,0x03030303,
	0x1A1A1A1A,0x1A1A1A1A,0x1A1A1A1A,0x1A1A1A1A,0x1A1A1A1A,0x1A1A1A1A,0x1A1A1A1A,0x1A1A1A1A,
	0x1A1A1A1A,0x1A1A1A1A,0x03030303,0x03030303,0x03030303,0x03030303,0x03030303,0x03030303,

	0x1A1A1A1A,0x1A1A1A1A,0x1A1A1A1A,0x1A1A1A1A,0x1A1A1A1A,0x1A1A1A1A,0x1A1A1A1A,0x1A1A1A1A,
	0x1A1A1A1A,0x1A1A1A1A,0x03030303,0x03030303,0x03030303,0x03030303,0x03030303,0x03030303,
	0x1A1A1A1A,0x1A1A1A1A,0x1A1A1A1A,0x1A1A1A1A,0x1A1A1A1A,0x1A1A1A1A,0x1A1A1A1A,0x1A1A1A1A,
	0x1A1A1A1A,0x1A1A1A1A,0x03030303,0x03030303,0x03030303,0x03030303,0x03030303,0x03030303,
	0x1A1A1A1A,0x1A1A1A1A,0x1A1A1A1A,0x1A1A1A1A,0x1A1A1A1A,0x1A1A1A1A,0x1A1A1A1A,0x1A1A1A1A,
	0x1A1A1A1A,0x1A1A1A1A,0x03030303,0x03030303,0x03030303,0x03030303,0x03030303,0x03030303,
	0x00000000,0x00000000,0x00000000,0x00000000,0x00000000,0x00000000,0x00000000,0x00000000,
	0x00000000,0x00000000,0x00000000,0x00000000,0x00000000,0x00000000,0x00000000,0x00000000,

	0x00000000,0x00000000,0x00000000,0x00000000,0x00000000,0x00000000,0x00000000,0x00000000,
	0x00000000,0x00000000,0x00000000,0x00000000,0x00000000,0x00000000,0x00000000,0x00000000,
	0x03030303,0x03030303,0x03030303,0x03030303,0x03030303,0x03030303,0x03030303,0x03030303,
	0x03030303,0x03030303,0x03030303,0x03030303,0x03030303,0x03030303,0x03030303,0x03030303,
	0x03030303,0x1A030303,0x03030303,0x03030303,0x03030303,0x03030303,0x03030303,0x03030303,
	0x03030303,0x03030303,0x03030303,0x03030303,0x03030303,0x03030303,0x03030303,0x03030303,
	0x1A1A1A1A,0x06061A1A,0x1A1A1A03,0x06061A1A,0x1A1A0303,0x061A1A1A,0x03030303,0x1A1A1A03,
	0x03030303,0x03030303,0x03030303,0x03030303,0x03030303,0x03030303,0x03030303,0x03030303,

	0x1A1A0606,0x1A1A1A1A,0x1A1A1A06,0x031A1A1A,0x1A1A1A1A,0x0303031A,0x031A1A1A,0x03030303,
	0x03030303,0x03030303,0x03030303,0x03030303,0x03030303,0x03030303,0x03030303,0x03030303,
	0x03030303,0x03030303,0x03030303,0x03030303,0x03030303,0x03030303,0x03030303,0x03030303,
	0x03030303,0x03030303,0x03030303,0x03030303,0x03030303,0x03030303,0x03030303,0x03030303,
	0x03030303,0x03030303,0x03030303,0x03030303,0x03030303,0x03030303,0x03030303,0x03030303,
	0x03030303,0x03030303,0x03030303,0x03030303,0x03030303,0x03030303,0x03030303,0x03030303,
	0x00000000,0x00000000,0x00000000,0x00000000,0x00000000,0x00000000,0x00000000,0x00000000,
	0x00000000,0x00000000,0x00000000,0x00000000,0x00000000,0x00000000,0x00000000,0x00000000,

	0x00000000,0x00000000,0x00000000,0x00000000,0x00000000,0x00000000,0x00000000,0x00000000,
	0x00000000,0x00000000,0x00000000,0x00000000,0x00000000,0x00000000,0x00000000,0x00000000,
	0x15151515,0x15151515,0x15151515,0x15151515,0x15151515,0x15151515,0x15151515,0x15151515,
	0x15151515,0x15151515,0x15151515,0x15151515,0x15151515,0x15151515,0x15151515,0x15151515,
	0x15151515,0x15151515,0x15151515,0x15151515,0x15151515,0x15151515,0x15151515,0x15151515,
	0x15151515,0x15151515,0x15151515,0x15151515,0x15151515,0x15151515,0x15151515,0x15151515,
	0x15151515,0x15151515,0x15151515,0x15151515,0x15151515,0x15151515,0x15151515,0x15151515,
	0x15151515,0x15151515,0x15151515,0x15151515,0x15151515,0x15151515,0x15151515,0x15151515,

	0x15151515,0x15151515,0x15151515,0x15151515,0x15151515,0x15151515,0x15151515,0x15151515,
	0x15151515,0x15151515,0x15151515,0x15151515,0x15151515,0x15151515,0x15151515,0x15151515,
	0x15151515,0x15151515,0x15151515,0x15151515,0x15151515,0x15151515,0x15151515,0x15151515,
	0x15151515,0x15151515,0x15151515,0x15151515,0x15151515,0x15151515,0x15151515,0x15151515,
	0x15151515,0x15151515,0x15151515,0x15151515,0x15151515,0x15151515,0x15151515,0x15151515,
	0x15151515,0x15151515,0x15151515,0x15151515,0x15151515,0x15151515,0x15151515,0x15151515,
	0x00000000,0x00000000,0x00000000,0x00000000,0x00000000,0x00000000,0x00000000,0x00000000,
	0x00000000,0x00000000,0x00000000,0x00000000,0x00000000,0x00000000,0x00000000,0x00000000,

	0x00000000,0x00000000,0x00000000,0x00000000,0x00000000,0x00000000,0x00000000,0x00000000,
	0x00000000,0x00000000,0x00000000,0x00000000,0x00000000,0x00000000,0x00000000,0x00000000,
	0x15151515,0x15151515,0x15151515,0x15151515,0x15151515,0x15151515,0x15151515,0x15151515,
	0x15151515,0x15151515,0x15151515,0x15151515,0x15151515,0x15151515,0x15151515,0x15151515,
	0x15151515,0x15151515,0x15151515,0x15151515,0x15151515,0x15151515,0x15151515,0x15151515,
	0x15151515,0x15151515,0x15151515,0x15151515,0x15151515,0x15151515,0x15151515,0x15151515,
	0x15151515,0x15151515,0x15151515,0x15151515,0x15151515,0x15151515,0x15151515,0x15151515,
	0x15151515,0x15151515,0x15151515,0x15151515,0x15151515,0x15151515,0x15151515,0x15151515,

	0x15151515,0x15151515,0x15151515,0x15151515,0x15151515,0x15151515,0x15151515,0x15151515,
	0x15151515,0x15151515,0x15151515,0x15151515,0x15151515,0x15151515,0x15151515,0x15151515,
	0x15151515,0x15151515,0x15151515,0x15151515,0x15151515,0x15151515,0x15151515,0x15151515,
	0x15151515,0x15151515,0x15151515,0x15151515,0x15151515,0x15151515,0x15151515,0x15151515,
	0x15151515,0x15151515,0x15151515,0x15151515,0x15151515,0x15151515,0x15151515,0x15151515,
	0x15151515,0x15151515,0x15151515,0x15151515,0x15151515,0x15151515,0x15151515,0x15151515,
	0x00000000,0x00000000,0x00000000,0x00000000,0x00000000,0x00000000,0x00000000,0x00000000,
	0x00000000,0x00000000,0x00000000,0x00000000,0x00000000,0x00000000,0x00000000,0x00000000,

	0x00000000,0x00000000,0x00000000,0x00000000,0x00000000,0x00000000,0x00000000,0x00000000,
	0x00000000,0x00000000,0x00000000,0x00000000,0x00000000,0x00000000,0x00000000,0x00000000,
	0x03030303,0x03030303,0x03030303,0x03030303,0x03030303,0x03030303,0x03030303,0x03030303,
	0x03030303,0x03030303,0x03030303,0x03030303,0x03030303,0x03030303,0x03030303,0x03030303,
	0x03030303,0x03030303,0x03030303,0x03030303,0x03030303,0x03030303,0x03030303,0x03030303,
	0x03030303,0x03030303,0x03030303,0x03030303,0x03030303,0x03030303,0x03030303,0x03030303,
	0x03030303,0x03030303,0x03030303,0x03030303,0x03030303,0x03030303,0x03030303,0x03030303,
	0x03030303,0x03030303,0x03030303,0x03030303,0x03030303,0x03030303,0x03030303,0x03030303,

	0x03030303,0x03030303,0x03030303,0x03030303,0x03030303,0x03030303,0x03030303,0x03030303,
	0x03030303,0x03030303,0x03030303,0x03030303,0x03030303,0x03030303,0x03030303,0x03030303,
	0x03030303,0x03030303,0x03030303,0x03030303,0x03030303,0x03030303,0x03030303,0x03030303,
	0x03030303,0x03030303,0x03030303,0x03030303,0x03030303,0x03030303,0x03030303,0x03030303,
	0x03030303,0x03030303,0x03030303,0x03030303,0x03030303,0x03030303,0x03030303,0x03030303,
	0x03030303,0x03030303,0x03030303,0x03030303,0x03030303,0x03030303,0x03030303,0x03030303,
	0x00000000,0x00000000,0x00000000,0x00000000,0x00000000,0x00000000,0x00000000,0x00000000,
	0x00000000,0x00000000,0x00000000,0x00000000,0x00000000,0x00000000,0x00000000,0x00000000,

	0x00000000,0x00000000,0x00000000,0x00000000,0x00000000,0x00000000,0x00000000,0x00000000,
	0x00000000,0x00000000,0x00000000,0x00000000,0x00000000,0x00000000,0x00000000,0x00000000,
	0x00000000,0x00000000,0x00000000,0x00000000,0x00000000,0x00000000,0x00000000,0x00000000,
	0x00000000,0x00000000,0x00000000,0x00000000,0x00000000,0x00000000,0x00000000,0x00000000,
	0x00000000,0x00000000,0x00000000,0x00000000,0x00000000,0x00000000,0x00000000,0x00000000,
	0x00000000,0x00000000,0x00000000,0x00000000,0x00000000,0x00000000,0x00000000,0x00000000,
	0x00000000,0x00000000,0x00000000,0x00000000,0x00000000,0x00000000,0x00000000,0x00000000,
	0x00000000,0x00000000,0x00000000,0x00000000,0x00000000,0x00000000,0x00000000,0x00000000,

	0x00000000,0x00000000,0x00000000,0x00000000,0x00000000,0x00000000,0x00000000,0x00000000,
	0x00000000,0x00000000,0x00000000,0x00000000,0x00000000,0x00000000,0x00000000,0x00000000,
	0x00000000,0x00000000,0x00000000,0x00000000,0x00000000,0x00000000,0x00000000,0x00000000,
	0x00000000,0x00000000,0x00000000,0x00000000,0x00000000,0x00000000,0x00000000,0x00000000,
	0x00000000,0x00000000,0x00000000,0x00000000,0x00000000,0x00000000,0x00000000,0x00000000,
	0x00000000,0x00000000,0x00000000,0x00000000,0x00000000,0x00000000,0x00000000,0x00000000,
	0x00000000,0x00000000,0x00000000,0x00000000,0x00000000,0x00000000,0x00000000,0x00000000,
	0x00000000,0x00000000,0x00000000,0x00000000,0x00000000,0x00000000,0x00000000,0x00000000,

	0x00000000,0x00000000,0x00000000,0x00000000,0x00000000,0x00000000,0x00000000,0x00000000,
	0x00000000,0x00000000,0x00000000,0x00000000,0x00000000,0x00000000,0x00000000,0x00000000,
	0x03030303,0x03030303,0x03030303,0x03030303,0x03030303,0x03030303,0x03030303,0x03030303,
	0x03030303,0x03030303,0x03030303,0x03030303,0x03030303,0x03030303,0x03030303,0x03030303,
	0x03030303,0x03030303,0x03030303,0x03030303,0x03030303,0x03030303,0x03030303,0x03030303,
	0x03030303,0x03030303,0x03030303,0x03030303,0x03030303,0x03030303,0x03030303,0x03030303,
	0x03030303,0x03030303,0x03030303,0x03030303,0x03030303,0x03030303,0x03030303,0x03030303,
	0x1A030303,0x1A1A1A1A,0x1A030303,0x1A1A1A1A,0x1A030303,0x1A1A1A1A,0x1A030303,0x1A1A1A1A,

	0x03030303,0x03030303,0x03030303,0x03030303,0x03030303,0x03030303,0x03030303,0x03030303,
	0x031A1A1A,0x03030303,0x031A1A1A,0x03030303,0x031A1A1A,0x03030303,0x031A1A1A,0x03030303,
	0x03030303,0x03030303,0x03030303,0x03030303,0x03030303,0x03030303,0x03030303,0x03030303,
	0x03030303,0x03030303,0x03030303,0x03030303,0x03030303,0x03030303,0x03030303,0x03030303,
	0x03030303,0x03030303,0x03030303,0x03030303,0x03030303,0x03030303,0x03030303,0x03030303,
	0x03030303,0x03030303,0x03030303,0x03030303,0x03030303,0x03030303,0x03030303,0x03030303,
	0x00000000,0x00000000,0x00000000,0x00000000,0x00000000,0x00000000,0x00000000,0x00000000,
	0x00000000,0x00000000,0x00000000,0x00000000,0x00000000,0x00000000,0x00000000,0x00000000,

	0x00000000,0x00000000,0x00000000,0x00000000,0x00000000,0x00000000,0x00000000,0x00000000,
	0x00000000,0x00000000,0x00000000,0x00000000,0x00000000,0x00000000,0x00000000,0x00000000,
	0x00000000,0x00000000,0x00000000,0x00000000,0x00000000,0x00000000,0x00000000,0x00000000,
	0x00000000,0x00000000,0x00000000,0x00000000,0x00000000,0x00000000,0x00000000,0x00000000,
	0x00000000,0x00000000,0x00000000,0x00000000,0x00000000,0x00000000,0x00000000,0x00000000,
	0x00000000,0x00000000,0x00000000,0x00000000,0x00000000,0x00000000,0x00000000,0x00000000,
	0x00000000,0x00000000,0x00000000,0x00000000,0x00000000,0x00000000,0x00000000,0x00000000,
	0x00000000,0x00000000,0x00000000,0x00000000,0x00000000,0x00000000,0x00000000,0x00000000,

	0x00000000,0x00000000,0x00000000,0x00000000,0x00000000,0x00000000,0x00000000,0x00000000,
	0x00000000,0x00000000,0x00000000,0x00000000,0x00000000,0x00000000,0x00000000,0x00000000,
	0x00000000,0x00000000,0x00000000,0x00000000,0x00000000,0x00000000,0x00000000,0x00000000,
	0x00000000,0x00000000,0x00000000,0x00000000,0x00000000,0x00000000,0x00000000,0x00000000,
	0x00000000,0x00000000,0x00000000,0x00000000,0x00000000,0x00000000,0x00000000,0x00000000,
	0x00000000,0x00000000,0x00000000,0x00000000,0x00000000,0x00000000,0x00000000,0x00000000,
	0x00000000,0x00000000,0x00000000,0x00000000,0x00000000,0x00000000,0x00000000,0x00000000,
	0x00000000,0x00000000,0x00000000,0x00000000,0x00000000,0x00000000,0x00000000,0x00000000,

	0x00000000,0x00000000,0x00000000,0x00000000,0x00000000,0x00000000,0x00000000,0x00000000,
	0x00000000,0x00000000,0x00000000,0x00000000,0x00000000,0x00000000,0x00000000,0x00000000,
	0x00000000,0x00000000,0x00000000,0x00000000,0x00000000,0x00000000,0x00000000,0x00000000,
	0x00000000,0x00000000,0x00000000,0x00000000,0x00000000,0x00000000,0x00000000,0x00000000,
	0x00000000,0x00000000,0x00000000,0x00000000,0x00000000,0x00000000,0x00000000,0x00000000,
	0x00000000,0x00000000,0x00000000,0x00000000,0x00000000,0x00000000,0x00000000,0x00000000,
	0x00000000,0x00000000,0x00000000,0x00000000,0x00000000,0x00000000,0x00000000,0x00000000,
	0x00000000,0x00000000,0x00000000,0x00000000,0x00000000,0x00000000,0x00000000,0x00000000,

	0x00000000,0x00000000,0x00000000,0x00000000,0x00000000,0x00000000,0x00000000,0x00000000,
	0x00000000,0x00000000,0x00000000,0x00000000,0x00000000,0x00000000,0x00000000,0x00000000,
	0x00000000,0x00000000,0x00000000,0x00000000,0x00000000,0x00000000,0x00000000,0x00000000,
	0x00000000,0x00000000,0x00000000,0x00000000,0x00000000,0x00000000,0x00000000,0x00000000,
	0x00000000,0x00000000,0x00000000,0x00000000,0x00000000,0x00000000,0x00000000,0x00000000,
	0x00000000,0x00000000,0x00000000,0x00000000,0x00000000,0x00000000,0x00000000,0x00000000,
	0x00000000,0x00000000,0x00000000,0x00000000,0x00000000,0x00000000,0x00000000,0x00000000,
	0x00000000,0x00000000,0x00000000,0x00000000,0x00000000,0x00000000,0x00000000,0x00000000,

	0x00000000,0x00000000,0x00000000,0x00000000,0x00000000,0x00000000,0x00000000,0x00000000,
	0x00000000,0x00000000,0x00000000,0x00000000,0x00000000,0x00000000,0x00000000,0x00000000,
	0x00000000,0x00000000,0x00000000,0x00000000,0x00000000,0x00000000,0x00000000,0x00000000,
	0x00000000,0x00000000,0x00000000,0x00000000,0x00000000,0x00000000,0x00000000,0x00000000,
	0x00000000,0x00000000,0x00000000,0x00000000,0x00000000,0x00000000,0x00000000,0x00000000,
	0x00000000,0x00000000,0x00000000,0x00000000,0x00000000,0x00000000,0x00000000,0x00000000,
	0x00000000,0x00000000,0x00000000,0x00000000,0x00000000,0x00000000,0x00000000,0x00000000,
	0x00000000,0x00000000,0x00000000,0x00000000,0x00000000,0x00000000,0x00000000,0x00000000,

	0x00000000,0x00000000,0x00000000,0x00000000,0x00000000,0x00000000,0x00000000,0x00000000,
	0x00000000,0x00000000,0x00000000,0x00000000,0x00000000,0x00000000,0x00000000,0x00000000,
	0x00000000,0x00000000,0x00000000,0x00000000,0x00000000,0x00000000,0x00000000,0x00000000,
	0x00000000,0x00000000,0x00000000,0x00000000,0x00000000,0x00000000,0x00000000,0x00000000,
	0x00000000,0x00000000,0x00000000,0x00000000,0x00000000,0x00000000,0x00000000,0x00000000,
	0x00000000,0x00000000,0x00000000,0x00000000,0x00000000,0x00000000,0x00000000,0x00000000,
	0x00000000,0x00000000,0x00000000,0x00000000,0x00000000,0x00000000,0x00000000,0x00000000,
	0x00000000,0x00000000,0x00000000,0x00000000,0x00000000,0x00000000,0x00000000,0x00000000,

	0x00000000,0x00000000,0x00000000,0x00000000,0x00000000,0x00000000,0x00000000,0x00000000,
	0x00000000,0x00000000,0x00000000,0x00000000,0x00000000,0x00000000,0x00000000,0x00000000,
	0x03030303,0x03030303,0x03030303,0x03030303,0x03030303,0x03030303,0x03030303,0x03030303,
	0x03030303,0x03030303,0x03030303,0x03030303,0x03030303,0x03030303,0x03030303,0x03030303,
	0x03030303,0x03030303,0x03030303,0x03030303,0x03030303,0x03030303,0x03030303,0x03030303,
	0x03030303,0x1A1A1A1A,0x03030303,0x1A1A1A1A,0x03030303,0x1A1A1A1A,0x03030303,0x1A1A1A1A,
	0x1A030303,0x1A1A1A1A,0x1A030303,0x1A1A1A1A,0x1A030303,0x1A1A1A1A,0x1A030303,0x1A1A1A1A,
	0x1A1A1A1A,0x1A1A1A1A,0x1A1A1A1A,0x1A1A1A1A,0x1A1A1A1A,0x1A1A1A1A,0x1A1A1A1A,0x1A1A1A1A,

	0x031A1A1A,0x03030303,0x031A1A1A,0x03030303,0x031A1A1A,0x03030303,0x031A1A1A,0x03030303,
	0x1A1A1A1A,0x1A1A1A1A,0x1A1A1A1A,0x1A1A1A1A,0x1A1A1A1A,0x1A1A1A1A,0x1A1A1A1A,0x1A1A1A1A,
	0x03030303,0x03030303,0x03030303,0x03030303,0x03030303,0x03030303,0x03030303,0x03030303,
	0x031A1A1A,0x03030303,0x031A1A1A,0x03030303,0x031A1A1A,0x03030303,0x031A1A1A,0x03030303,
	0x03030303,0x03030303,0x03030303,0x03030303,0x03030303,0x03030303,0x03030303,0x03030303,
	0x03030303,0x03030303,0x03030303,0x03030303,0x03030303,0x03030303,0x03030303,0x03030303,
	0x00000000,0x00000000,0x00000000,0x00000000,0x00000000,0x00000000,0x00000000,0x00000000,
	0x00000000,0x00000000,0x00000000,0x00000000,0x00000000,0x00000000,0x00000000,0x00000000,

	0x00000000,0x00000000,0x00000000,0x00000000,0x00000000,0x00000000,0x00000000,0x00000000,
	0x00000000,0x00000000,0x00000000,0x00000000,0x00000000,0x00000000,0x00000000,0x00000000,
	0x00000000,0x00000000,0x00000000,0x00000000,0x00000000,0x00000000,0x00000000,0x00000000,
	0x00000000,0x00000000,0x00000000,0x00000000,0x00000000,0x00000000,0x00000000,0x00000000,
	0x00000000,0x00000000,0x00000000,0x00000000,0x00000000,0x00000000,0x00000000,0x00000000,
	0x00000000,0x00000000,0x00000000,0x00000000,0x00000000,0x00000000,0x00000000,0x00000000,
	0x00000000,0x00000000,0x00000000,0x00000000,0x00000000,0x00000000,0x00000000,0x00000000,
	0x00000000,0x00000000,0x00000000,0x00000000,0x00000000,0x00000000,0x00000000,0x00000000,

	0x00000000,0x00000000,0x00000000,0x00000000,0x00000000,0x00000000,0x00000000,0x00000000,
	0x00000000,0x00000000,0x00000000,0x00000000,0x00000000,0x00000000,0x00000000,0x00000000,
	0x00000000,0x00000000,0x00000000,0x00000000,0x00000000,0x00000000,0x00000000,0x00000000,
	0x00000000,0x00000000,0x00000000,0x00000000,0x00000000,0x00000000,0x00000000,0x00000000,
	0x00000000,0x00000000,0x00000000,0x00000000,0x00000000,0x00000000,0x00000000,0x00000000,
	0x00000000,0x00000000,0x00000000,0x00000000,0x00000000,0x00000000,0x00000000,0x00000000,
	0x00000000,0x00000000,0x00000000,0x00000000,0x00000000,0x00000000,0x00000000,0x00000000,
	0x00000000,0x00000000,0x00000000,0x00000000,0x00000000,0x00000000,0x00000000,0x00000000,

	0x00000000,0x00000000,0x00000000,0x00000000,0x00000000,0x00000000,0x00000000,0x00000000,
	0x00000000,0x00000000,0x00000000,0x00000000,0x00000000,0x00000000,0x00000000,0x00000000,
	0x00000000,0x00000000,0x00000000,0x00000000,0x00000000,0x00000000,0x00000000,0x00000000,
	0x00000000,0x00000000,0x00000000,0x00000000,0x00000000,0x00000000,0x00000000,0x00000000,
	0x00000000,0x00000000,0x00000000,0x00000000,0x00000000,0x00000000,0x00000000,0x00000000,
	0x00000000,0x00000000,0x00000000,0x00000000,0x00000000,0x00000000,0x00000000,0x00000000,
	0x00000000,0x00000000,0x00000000,0x00000000,0x00000000,0x00000000,0x00000000,0x00000000,
	0x00000000,0x00000000,0x00000000,0x00000000,0x00000000,0x00000000,0x00000000,0x00000000,

	0x00000000,0x00000000,0x00000000,0x00000000,0x00000000,0x00000000,0x00000000,0x00000000,
	0x00000000,0x00000000,0x00000000,0x00000000,0x00000000,0x00000000,0x00000000,0x00000000,
	0x00000000,0x00000000,0x00000000,0x00000000,0x00000000,0x00000000,0x00000000,0x00000000,
	0x00000000,0x00000000,0x00000000,0x00000000,0x00000000,0x00000000,0x00000000,0x00000000,
	0x00000000,0x00000000,0x00000000,0x00000000,0x00000000,0x00000000,0x00000000,0x00000000,
	0x00000000,0x00000000,0x00000000,0x00000000,0x00000000,0x00000000,0x00000000,0x00000000,
	0x00000000,0x00000000,0x00000000,0x00000000,0x00000000,0x00000000,0x00000000,0x00000000,
	0x00000000,0x00000000,0x00000000,0x00000000,0x00000000,0x00000000,0x00000000,0x00000000,

	0x00000000,0x00000000,0x00000000,0x00000000,0x00000000,0x00000000,0x00000000,0x00000000,
	0x00000000,0x00000000,0x00000000,0x00000000,0x00000000,0x00000000,0x00000000,0x00000000,
	0x00000000,0x00000000,0x00000000,0x00000000,0x00000000,0x00000000,0x00000000,0x00000000,
	0x00000000,0x00000000,0x00000000,0x00000000,0x00000000,0x00000000,0x00000000,0x00000000,
	0x00000000,0x00000000,0x00000000,0x00000000,0x00000000,0x00000000,0x00000000,0x00000000,
	0x00000000,0x00000000,0x00000000,0x00000000,0x00000000,0x00000000,0x00000000,0x00000000,
	0x00000000,0x00000000,0x00000000,0x00000000,0x00000000,0x00000000,0x00000000,0x00000000,
	0x00000000,0x00000000,0x00000000,0x00000000,0x00000000,0x00000000,0x00000000,0x00000000,

	0x00000000,0x00000000,0x00000000,0x00000000,0x00000000,0x00000000,0x00000000,0x00000000,
	0x00000000,0x00000000,0x00000000,0x00000000,0x00000000,0x00000000,0x00000000,0x00000000,
	0x00000000,0x00000000,0x00000000,0x00000000,0x00000000,0x00000000,0x00000000,0x00000000,
	0x00000000,0x00000000,0x00000000,0x00000000,0x00000000,0x00000000,0x00000000,0x00000000,
	0x00000000,0x00000000,0x00000000,0x00000000,0x00000000,0x00000000,0x00000000,0x00000000,
	0x00000000,0x00000000,0x00000000,0x00000000,0x00000000,0x00000000,0x00000000,0x00000000,
	0x00000000,0x00000000,0x00000000,0x00000000,0x00000000,0x00000000,0x00000000,0x00000000,
	0x00000000,0x00000000,0x00000000,0x00000000,0x00000000,0x00000000,0x00000000,0x00000000,

	0x00000000,0x00000000,0x00000000,0x00000000,0x00000000,0x00000000,0x00000000,0x00000000,
	0x00000000,0x00000000,0x00000000,0x00000000,0x00000000,0x00000000,0x00000000,0x00000000,
	0x03030303,0x03030303,0x03030303,0x03030303,0x03030303,0x03030303,0x03030303,0x03030303,
	0x03030303,0x03030303,0x03030303,0x03030303,0x03030303,0x03030303,0x03030303,0x03030303,
	0x03030303,0x1A1A1A1A,0x03030303,0x1A1A1A1A,0x03030303,0x1A1A1A1A,0x03030303,0x1A1A1A1A,
	0x03030303,0x03030303,0x03030303,0x03030303,0x03030303,0x03030303,0x03030303,0x03030303,
	0x1A1A1A1A,0x1A1A1A1A,0x1A1A1A1A,0x1A1A1A1A,0x1A1A1A1A,0x1A1A1A1A,0x1A1A1A1A,0x1A1A1A1A,
	0x1A030303,0x1A1A1A1A,0x1A030303,0x1A1A1A1A,0x1A030303,0x1A1A1A1A,0x1A030303,0x1A1A1A1A,

	0x1A1A1A1A,0x1A1A1A1A,0x1A1A1A1A,0x1A1A1A1A,0x1A1A1A1A,0x1A1A1A1A,0x1A1A1A1A,0x1A1A1A1A,
	0x031A1A1A,0x03030303,0x031A1A1A,0x03030303,0x031A1A1A,0x03030303,0x031A1A1A,0x03030303,
	0x031A1A1A,0x03030303,0x031A1A1A,0x03030303,0x031A1A1A,0x03030303,0x031A1A1A,0x03030303,
	0x03030303,0x03030303,0x03030303,0x03030303,0x03030303,0x03030303,0x03030303,0x03030303,
	0x03030303,0x03030303,0x03030303,0x03030303,0x03030303,0x03030303,0x03030303,0x03030303,
	0x03030303,0x03030303,0x03030303,0x03030303,0x03030303,0x03030303,0x03030303,0x03030303,
	0x00000000,0x00000000,0x00000000,0x00000000,0x00000000,0x00000000,0x00000000,0x00000000,
	0x00000000,0x00000000,0x00000000,0x00000000,0x00000000,0x00000000,0x00000000,0x00000000,

	0x00000000,0x00000000,0x00000000,0x00000000,0x00000000,0x00000000,0x00000000,0x00000000,
	0x00000000,0x00000000,0x00000000,0x00000000,0x00000000,0x00000000,0x00000000,0x00000000,
	0x00000000,0x00000000,0x00000000,0x00000000,0x00000000,0x00000000,0x00000000,0x00000000,
	0x00000000,0x00000000,0x00000000,0x00000000,0x00000000,0x00000000,0x00000000,0x00000000,
	0x00000000,0x00000000,0x00000000,0x00000000,0x00000000,0x00000000,0x00000000,0x00000000,
	0x00000000,0x00000000,0x00000000,0x00000000,0x00000000,0x00000000,0x00000000,0x00000000,
	0x00000000,0x00000000,0x00000000,0x00000000,0x00000000,0x00000000,0x00000000,0x00000000,
	0x00000000,0x00000000,0x00000000,0x00000000,0x00000000,0x00000000,0x00000000,0x00000000,

	0x00000000,0x00000000,0x00000000,0x00000000,0x00000000,0x00000000,0x00000000,0x00000000,
	0x00000000,0x00000000,0x00000000,0x00000000,0x00000000,0x00000000,0x00000000,0x00000000,
	0x00000000,0x00000000,0x00000000,0x00000000,0x00000000,0x00000000,0x00000000,0x00000000,
	0x00000000,0x00000000,0x00000000,0x00000000,0x00000000,0x00000000,0x00000000,0x00000000,
	0x00000000,0x00000000,0x00000000,0x00000000,0x00000000,0x00000000,0x00000000,0x00000000,
	0x00000000,0x00000000,0x00000000,0x00000000,0x00000000,0x00000000,0x00000000,0x00000000,
	0x00000000,0x00000000,0x00000000,0x00000000,0x00000000,0x00000000,0x00000000,0x00000000,
	0x00000000,0x00000000,0x00000000,0x00000000,0x00000000,0x00000000,0x00000000,0x00000000,

	0x00000000,0x00000000,0x00000000,0x00000000,0x00000000,0x00000000,0x00000000,0x00000000,
	0x00000000,0x00000000,0x00000000,0x00000000,0x00000000,0x00000000,0x00000000,0x00000000,
	0x00000000,0x00000000,0x00000000,0x00000000,0x00000000,0x00000000,0x00000000,0x00000000,
	0x00000000,0x00000000,0x00000000,0x00000000,0x00000000,0x00000000,0x00000000,0x00000000,
	0x00000000,0x00000000,0x00000000,0x00000000,0x00000000,0x00000000,0x00000000,0x00000000,
	0x00000000,0x00000000,0x00000000,0x00000000,0x00000000,0x00000000,0x00000000,0x00000000,
	0x00000000,0x00000000,0x00000000,0x00000000,0x00000000,0x00000000,0x00000000,0x00000000,
	0x00000000,0x00000000,0x00000000,0x00000000,0x00000000,0x00000000,0x00000000,0x00000000,

	0x00000000,0x00000000,0x00000000,0x00000000,0x00000000,0x00000000,0x00000000,0x00000000,
	0x00000000,0x00000000,0x00000000,0x00000000,0x00000000,0x00000000,0x00000000,0x00000000,
	0x00000000,0x00000000,0x00000000,0x00000000,0x00000000,0x00000000,0x00000000,0x00000000,
	0x00000000,0x00000000,0x00000000,0x00000000,0x00000000,0x00000000,0x00000000,0x00000000,
	0x00000000,0x00000000,0x00000000,0x00000000,0x00000000,0x00000000,0x00000000,0x00000000,
	0x00000000,0x00000000,0x00000000,0x00000000,0x00000000,0x00000000,0x00000000,0x00000000,
	0x00000000,0x00000000,0x00000000,0x00000000,0x00000000,0x00000000,0x00000000,0x00000000,
	0x00000000,0x00000000,0x00000000,0x00000000,0x00000000,0x00000000,0x00000000,0x00000000,

	0x00000000,0x00000000,0x00000000,0x00000000,0x00000000,0x00000000,0x00000000,0x00000000,
	0x00000000,0x00000000,0x00000000,0x00000000,0x00000000,0x00000000,0x00000000,0x00000000,
	0x00000000,0x00000000,0x00000000,0x00000000,0x00000000,0x00000000,0x00000000,0x00000000,
	0x00000000,0x00000000,0x00000000,0x00000000,0x00000000,0x00000000,0x00000000,0x00000000,
	0x00000000,0x00000000,0x00000000,0x00000000,0x00000000,0x00000000,0x00000000,0x00000000,
	0x00000000,0x00000000,0x00000000,0x00000000,0x00000000,0x00000000,0x00000000,0x00000000,
	0x00000000,0x00000000,0x00000000,0x00000000,0x00000000,0x00000000,0x00000000,0x00000000,
	0x00000000,0x00000000,0x00000000,0x00000000,0x00000000,0x00000000,0x00000000,0x00000000,

	0x00000000,0x00000000,0x00000000,0x00000000,0x00000000,0x00000000,0x00000000,0x00000000,
	0x00000000,0x00000000,0x00000000,0x00000000,0x00000000,0x00000000,0x00000000,0x00000000,
	0x00000000,0x00000000,0x00000000,0x00000000,0x00000000,0x00000000,0x00000000,0x00000000,
	0x00000000,0x00000000,0x00000000,0x00000000,0x00000000,0x00000000,0x00000000,0x00000000,
	0x00000000,0x00000000,0x00000000,0x00000000,0x00000000,0x00000000,0x00000000,0x00000000,
	0x00000000,0x00000000,0x00000000,0x00000000,0x00000000,0x00000000,0x00000000,0x00000000,
	0x00000000,0x00000000,0x00000000,0x00000000,0x00000000,0x00000000,0x00000000,0x00000000,
	0x00000000,0x00000000,0x00000000,0x00000000,0x00000000,0x00000000,0x00000000,0x00000000,

	0x00000000,0x00000000,0x00000000,0x00000000,0x00000000,0x00000000,0x00000000,0x00000000,
	0x00000000,0x00000000,0x00000000,0x00000000,0x00000000,0x00000000,0x00000000,0x00000000,
	0x03030303,0x03030303,0x03030303,0x03030303,0x03030303,0x03030303,0x03030303,0x03030303,
	0x03030303,0x03030303,0x03030303,0x03030303,0x03030303,0x03030303,0x03030303,0x03030303,
	0x03030303,0x03030303,0x03030303,0x03030303,0x03030303,0x03030303,0x03030303,0x03030303,
	0x03030303,0x03030303,0x03030303,0x03030303,0x03030303,0x03030303,0x03030303,0x03030303,
	0x1A030303,0x1A1A1A1A,0x1A030303,0x1A1A1A1A,0x1A030303,0x1A1A1A1A,0x1A030303,0x1A1A1A1A,
	0x03030303,0x03030303,0x03030303,0x03030303,0x03030303,0x03030303,0x03030303,0x03030303,

	0x031A1A1A,0x03030303,0x031A1A1A,0x03030303,0x031A1A1A,0x03030303,0x031A1A1A,0x03030303,
	0x03030303,0x03030303,0x03030303,0x03030303,0x03030303,0x03030303,0x03030303,0x03030303,
	0x03030303,0x03030303,0x03030303,0x03030303,0x03030303,0x03030303,0x03030303,0x03030303,
	0x03030303,0x03030303,0x03030303,0x03030303,0x03030303,0x03030303,0x03030303,0x03030303,
	0x03030303,0x03030303,0x03030303,0x03030303,0x03030303,0x03030303,0x03030303,0x03030303,
	0x03030303,0x03030303,0x03030303,0x03030303,0x03030303,0x03030303,0x03030303,0x03030303,
	0x00000000,0x00000000,0x00000000,0x00000000,0x00000000,0x00000000,0x00000000,0x00000000,
	0x00000000,0x00000000,0x00000000,0x00000000,0x00000000,0x00000000,0x00000000,0x00000000,

	0x00000000,0x00000000,0x00000000,0x00000000,0x00000000,0x00000000,0x00000000,0x00000000,
	0x00000000,0x00000000,0x00000000,0x00000000,0x00000000,0x00000000,0x00000000,0x00000000,
	0x00000000,0x00000000,0x00000000,0x00000000,0x00000000,0x00000000,0x00000000,0x00000000,
	0x00000000,0x00000000,0x00000000,0x00000000,0x00000000,0x00000000,0x00000000,0x00000000,
	0x00000000,0x00000000,0x00000000,0x00000000,0x00000000,0x00000000,0x00000000,0x00000000,
	0x00000000,0x00000000,0x00000000,0x00000000,0x00000000,0x00000000,0x00000000,0x00000000,
	0x00000000,0x00000000,0x00000000,0x00000000,0x00000000,0x00000000,0x00000000,0x00000000,
	0x00000000,0x00000000,0x00000000,0x00000000,0x00000000,0x00000000,0x00000000,0x00000000,

	0x00000000,0x00000000,0x00000000,0x00000000,0x00000000,0x00000000,0x00000000,0x00000000,
	0x00000000,0x00000000,0x00000000,0x00000000,0x00000000,0x00000000,0x00000000,0x00000000,
	0x00000000,0x00000000,0x00000000,0x00000000,0x00000000,0x00000000,0x00000000,0x00000000,
	0x00000000,0x00000000,0x00000000,0x00000000,0x00000000,0x00000000,0x00000000,0x00000000,
	0x00000000,0x00000000,0x00000000,0x00000000,0x00000000,0x00000000,0x00000000,0x00000000,
	0x00000000,0x00000000,0x00000000,0x00000000,0x00000000,0x00000000,0x00000000,0x00000000,
	0x00000000,0x00000000,0x00000000,0x00000000,0x00000000,0x00000000,0x00000000,0x00000000,
	0x00000000,0x00000000,0x00000000,0x00000000,0x00000000,0x00000000,0x00000000,0x00000000,

	0x00000000,0x00000000,0x00000000,0x00000000,0x00000000,0x00000000,0x00000000,0x00000000,
	0x00000000,0x00000000,0x00000000,0x00000000,0x00000000,0x00000000,0x00000000,0x00000000,
	0x00000000,0x00000000,0x00000000,0x00000000,0x00000000,0x00000000,0x00000000,0x00000000,
	0x00000000,0x00000000,0x00000000,0x00000000,0x00000000,0x00000000,0x00000000,0x00000000,
	0x00000000,0x00000000,0x00000000,0x00000000,0x00000000,0x00000000,0x00000000,0x00000000,
	0x00000000,0x00000000,0x00000000,0x00000000,0x00000000,0x00000000,0x00000000,0x00000000,
	0x00000000,0x00000000,0x00000000,0x00000000,0x00000000,0x00000000,0x00000000,0x00000000,
	0x00000000,0x00000000,0x00000000,0x00000000,0x00000000,0x00000000,0x00000000,0x00000000,

	0x00000000,0x00000000,0x00000000,0x00000000,0x00000000,0x00000000,0x00000000,0x00000000,
	0x00000000,0x00000000,0x00000000,0x00000000,0x00000000,0x00000000,0x00000000,0x00000000,
	0x00000000,0x00000000,0x00000000,0x00000000,0x00000000,0x00000000,0x00000000,0x00000000,
	0x00000000,0x00000000,0x00000000,0x00000000,0x00000000,0x00000000,0x00000000,0x00000000,
	0x00000000,0x00000000,0x00000000,0x00000000,0x00000000,0x00000000,0x00000000,0x00000000,
	0x00000000,0x00000000,0x00000000,0x00000000,0x00000000,0x00000000,0x00000000,0x00000000,
	0x00000000,0x00000000,0x00000000,0x00000000,0x00000000,0x00000000,0x00000000,0x00000000,
	0x00000000,0x00000000,0x00000000,0x00000000,0x00000000,0x00000000,0x00000000,0x00000000,
};

//}}BLOCK(flags_sheet0)

//{{BLOCK(flags_sheet0Shared)

//======================================================================
//
//	flags_sheet0Shared, 16x16@8, 
//	Transparent color : FF,00,FF
//	+ palette 27 entries, not compressed
//	Total size: 54 = 54
//
//	Time-stamp: 2026-08-10, 15:52:37
//	Exported by Cearn's GBA Image Transmogrifier, v1.17.1-dirty
//	( http://www.coranac.com/projects/#grit )
//
//======================================================================

const unsigned short flags_sheet0SharedPal[28] __attribute__((aligned(4))) __attribute__((visibility("hidden")))=
{
	0x781F,0x0012,0x34A1,0x041F,0x1D03,0x5121,0x0000,0x0C7F,
	0x0C7F,0x40EF,0x0C7F,0x149F,0x253F,0x0DF7,0x0DF7,0x0DF7,
	0x0DF7,0x15F7,0x0DF7,0x7AC2,0x4A3E,0x1ABE,0x1EBE,0x1EBE,
	0x739B,0x03FF,0x7FFF,
};

//}}BLOCK(flags_sheet0Shared)
